{
    "values": {
        "n_trees": 10,
        "max_depth": null,
        "real_max_depth": 13,
        "seed": 2,
        "accuracy test": 0.7814285714285715,
        "accuracy train": 0.97,
        "solve_status": "FEASIBLE",
        "mean-error": 0.0957894736842105,
        "random_error": 0.2533105263157894,
        "solve_duration_time": 10821.456562519073
    }
}