{
    "values": {
        "n_trees": 30,
        "max_depth": 2,
        "real_max_depth": 2,
        "seed": 0,
        "accuracy test": 0.765,
        "accuracy train": 0.82,
        "solve_status": "OPTIMAL",
        "mean-error": 0.1221052631578947,
        "random_error": 0.2545052631578947,
        "solve_duration_time": 10.278180360794067
    }
}