{
    "values": {
        "n_trees": 40,
        "max_depth": null,
        "real_max_depth": 15,
        "seed": 4,
        "accuracy test": 0.7914285714285715,
        "accuracy train": 0.99,
        "solve_status": "OPTIMAL",
        "mean-error": 0.007894736842105262,
        "random_error": 0.24924736842105266,
        "solve_duration_time": 92.64038133621216
    }
}