{
    "values": {
        "n_trees": 5,
        "max_depth": 3,
        "real_max_depth": 3,
        "seed": 3,
        "accuracy test": 0.7828571428571428,
        "accuracy train": 0.84,
        "solve_status": "OPTIMAL",
        "mean-error": 0.17526315789473682,
        "random_error": 0.2520631578947368,
        "solve_duration_time": 0.6745007038116455
    }
}