{
    "values": {
        "n_trees": 40,
        "max_depth": 5,
        "real_max_depth": 5,
        "seed": 1,
        "accuracy test": 0.7664285714285715,
        "accuracy train": 0.9,
        "solve_status": "FEASIBLE",
        "mean-error": 0.11157894736842094,
        "random_error": 0.2537315789473685,
        "solve_duration_time": 10838.069493293762
    }
}