{
    "values": {
        "n_trees": 50,
        "max_depth": 2,
        "real_max_depth": 2,
        "seed": 0,
        "accuracy test": 0.765,
        "accuracy train": 0.81,
        "solve_status": "FEASIBLE",
        "mean-error": 0.14210526315789468,
        "random_error": 0.2545052631578947,
        "solve_duration_time": 10829.724300384521
    }
}