{
    "values": {
        "n_trees": 90,
        "max_depth": 10,
        "real_max_depth": 10,
        "seed": 2,
        "accuracy test": 0.7778571428571428,
        "accuracy train": 0.96,
        "solve_status": "FEASIBLE",
        "mean-error": 0.07736842105263159,
        "random_error": 0.2533105263157894,
        "solve_duration_time": 11016.351269483566
    }
}