{
    "values": {
        "n_trees": 30,
        "max_depth": 10,
        "real_max_depth": 10,
        "seed": 1,
        "accuracy test": 0.7464285714285714,
        "accuracy train": 0.96,
        "solve_status": "OPTIMAL",
        "mean-error": 0.002105263157894737,
        "random_error": 0.2537315789473685,
        "solve_duration_time": 43.54279565811157
    }
}