{
    "values": {
        "n_trees": 100,
        "max_depth": 5,
        "real_max_depth": 5,
        "seed": 0,
        "accuracy test": 0.78,
        "accuracy train": 0.92,
        "solve_status": "FEASIBLE",
        "mean-error": 0.11947368421052625,
        "random_error": 0.2545052631578947,
        "solve_duration_time": 10933.902230739594
    }
}