{
    "values": {
        "n_trees": 50,
        "max_depth": 3,
        "real_max_depth": 3,
        "seed": 1,
        "accuracy test": 0.7928571428571428,
        "accuracy train": 0.86,
        "solve_status": "OPTIMAL",
        "mean-error": 0.05526315789473682,
        "random_error": 0.2537315789473685,
        "solve_duration_time": 14.232710838317871
    }
}