{
    "values": {
        "n_trees": 30,
        "max_depth": 3,
        "real_max_depth": 3,
        "seed": 1,
        "accuracy test": 0.7857142857142857,
        "accuracy train": 0.86,
        "solve_status": "OPTIMAL",
        "mean-error": 0.06578947368421055,
        "random_error": 0.2537315789473685,
        "solve_duration_time": 7.02384352684021
    }
}