{
    "values": {
        "n_trees": 5,
        "max_depth": 10,
        "real_max_depth": 10,
        "seed": 0,
        "accuracy test": 0.7764285714285715,
        "accuracy train": 0.96,
        "solve_status": "OPTIMAL",
        "mean-error": 0.0721052631578947,
        "random_error": 0.2545052631578947,
        "solve_duration_time": 6.115446329116821
    }
}