{
    "values": {
        "n_trees": 40,
        "max_depth": null,
        "real_max_depth": 13,
        "seed": 1,
        "accuracy test": 0.7192857142857143,
        "accuracy train": 0.96,
        "solve_status": "FEASIBLE",
        "mean-error": 0.08105263157894738,
        "random_error": 0.2537315789473685,
        "solve_duration_time": 10902.375383853912
    }
}