{
    "values": {
        "n_trees": 100,
        "max_depth": 4,
        "real_max_depth": 4,
        "seed": 3,
        "accuracy test": 0.7892857142857143,
        "accuracy train": 0.87,
        "solve_status": "FEASIBLE",
        "mean-error": 0.131578947368421,
        "random_error": 0.2520631578947368,
        "solve_duration_time": 10892.520085573196
    }
}