{
    "values": {
        "n_trees": 5,
        "max_depth": 5,
        "real_max_depth": 5,
        "seed": 0,
        "accuracy test": 0.7835714285714286,
        "accuracy train": 0.91,
        "solve_status": "OPTIMAL",
        "mean-error": 0.10999999999999989,
        "random_error": 0.2545052631578947,
        "solve_duration_time": 2.504591226577759
    }
}