{
    "values": {
        "n_trees": 5,
        "max_depth": 10,
        "real_max_depth": 10,
        "seed": 2,
        "accuracy test": 0.7628571428571429,
        "accuracy train": 0.96,
        "solve_status": "FEASIBLE",
        "mean-error": 0.09157894736842104,
        "random_error": 0.2533105263157894,
        "solve_duration_time": 10813.96643781662
    }
}