{
    "values": {
        "n_trees": 70,
        "max_depth": null,
        "real_max_depth": 15,
        "seed": 0,
        "accuracy test": 0.7764285714285715,
        "accuracy train": 0.96,
        "solve_status": "OPTIMAL",
        "mean-error": 0.0,
        "random_error": 0.2545052631578947,
        "solve_duration_time": 460.33675241470337
    }
}