{
    "values": {
        "n_trees": 50,
        "max_depth": 10,
        "real_max_depth": 10,
        "seed": 3,
        "accuracy test": 0.7664285714285715,
        "accuracy train": 0.94,
        "solve_status": "OPTIMAL",
        "mean-error": 0.0036842105263157894,
        "random_error": 0.2520631578947368,
        "solve_duration_time": 143.8706247806549
    }
}