{
    "values": {
        "n_trees": 80,
        "max_depth": 5,
        "real_max_depth": 5,
        "seed": 3,
        "accuracy test": 0.7835714285714286,
        "accuracy train": 0.91,
        "solve_status": "UNKNOWN",
        "mean-error": 0.2520631578947368,
        "random_error": 0.2520631578947368,
        "solve_duration_time": 18012.357415676117
    }
}