{
    "values": {
        "n_trees": 80,
        "max_depth": 5,
        "real_max_depth": 5,
        "seed": 2,
        "accuracy test": 0.7842857142857143,
        "accuracy train": 0.88,
        "solve_status": "OPTIMAL",
        "mean-error": 0.005789473684210527,
        "random_error": 0.2533105263157894,
        "solve_duration_time": 126.73555254936218
    }
}