{
    "values": {
        "n_trees": 100,
        "max_depth": 10,
        "real_max_depth": 10,
        "seed": 3,
        "accuracy test": 0.7792857142857142,
        "accuracy train": 0.94,
        "solve_status": "OPTIMAL",
        "mean-error": 0.0,
        "random_error": 0.2520631578947368,
        "solve_duration_time": 268.3920557498932
    }
}