{
    "values": {
        "n_trees": 5,
        "max_depth": 2,
        "real_max_depth": 2,
        "seed": 1,
        "accuracy test": 0.7914285714285715,
        "accuracy train": 0.75,
        "solve_status": "FEASIBLE",
        "mean-error": 0.19736842105263136,
        "random_error": 0.2537315789473685,
        "solve_duration_time": 10802.559977293015
    }
}