{
    "values": {
        "n_trees": 80,
        "max_depth": 3,
        "real_max_depth": 3,
        "seed": 2,
        "accuracy test": 0.7878571428571428,
        "accuracy train": 0.79,
        "solve_status": "OPTIMAL",
        "mean-error": 0.0563157894736842,
        "random_error": 0.2533105263157894,
        "solve_duration_time": 30.14585280418396
    }
}