{
    "values": {
        "n_trees": 5,
        "max_depth": 10,
        "real_max_depth": 10,
        "seed": 4,
        "accuracy test": 0.7678571428571429,
        "accuracy train": 0.99,
        "solve_status": "OPTIMAL",
        "mean-error": 0.08526315789473682,
        "random_error": 0.24924736842105266,
        "solve_duration_time": 4.71510648727417
    }
}