{
    "values": {
        "n_trees": 80,
        "max_depth": 4,
        "real_max_depth": 4,
        "seed": 0,
        "accuracy test": 0.7764285714285715,
        "accuracy train": 0.89,
        "solve_status": "FEASIBLE",
        "mean-error": 0.13263157894736832,
        "random_error": 0.2545052631578947,
        "solve_duration_time": 10904.283462285995
    }
}