{
    "values": {
        "n_trees": 5,
        "max_depth": 5,
        "real_max_depth": 5,
        "seed": 2,
        "accuracy test": 0.7728571428571429,
        "accuracy train": 0.89,
        "solve_status": "FEASIBLE",
        "mean-error": 0.11789473684210515,
        "random_error": 0.2533105263157894,
        "solve_duration_time": 10806.944146633148
    }
}