{
    "values": {
        "n_trees": 50,
        "max_depth": 4,
        "real_max_depth": 4,
        "seed": 1,
        "accuracy test": 0.7607142857142857,
        "accuracy train": 0.9,
        "solve_status": "OPTIMAL",
        "mean-error": 0.019999999999999987,
        "random_error": 0.2537315789473685,
        "solve_duration_time": 172.09259247779846
    }
}