{
    "values": {
        "n_trees": 80,
        "max_depth": 4,
        "real_max_depth": 4,
        "seed": 1,
        "accuracy test": 0.7692857142857142,
        "accuracy train": 0.9,
        "solve_status": "OPTIMAL",
        "mean-error": 0.00631578947368421,
        "random_error": 0.2537315789473685,
        "solve_duration_time": 47.465548276901245
    }
}