{
    "values": {
        "n_trees": 50,
        "max_depth": 2,
        "real_max_depth": 2,
        "seed": 2,
        "accuracy test": 0.7757142857142857,
        "accuracy train": 0.77,
        "solve_status": "FEASIBLE",
        "mean-error": 0.15894736842105253,
        "random_error": 0.2533105263157894,
        "solve_duration_time": 10820.723977804184
    }
}