{
    "values": {
        "n_trees": 100,
        "max_depth": 10,
        "real_max_depth": 10,
        "seed": 4,
        "accuracy test": 0.7878571428571428,
        "accuracy train": 0.99,
        "solve_status": "OPTIMAL",
        "mean-error": 0.002105263157894737,
        "random_error": 0.24924736842105266,
        "solve_duration_time": 682.0075240135193
    }
}