{
    "values": {
        "n_trees": 10,
        "max_depth": 4,
        "real_max_depth": 4,
        "seed": 3,
        "accuracy test": 0.7921428571428571,
        "accuracy train": 0.86,
        "solve_status": "FEASIBLE",
        "mean-error": 0.15736842105263155,
        "random_error": 0.2520631578947368,
        "solve_duration_time": 10808.03357386589
    }
}