{
    "values": {
        "n_trees": 20,
        "max_depth": 10,
        "real_max_depth": 10,
        "seed": 4,
        "accuracy test": 0.7957142857142857,
        "accuracy train": 0.99,
        "solve_status": "FEASIBLE",
        "mean-error": 0.11315789473684201,
        "random_error": 0.24924736842105266,
        "solve_duration_time": 10829.460914850235
    }
}