{
    "values": {
        "n_trees": 40,
        "max_depth": 4,
        "real_max_depth": 4,
        "seed": 0,
        "accuracy test": 0.7742857142857142,
        "accuracy train": 0.91,
        "solve_status": "FEASIBLE",
        "mean-error": 0.13157894736842093,
        "random_error": 0.2545052631578947,
        "solve_duration_time": 10842.40068268776
    }
}