{
    "values": {
        "n_trees": 100,
        "max_depth": null,
        "real_max_depth": 15,
        "seed": 1,
        "accuracy test": 0.7328571428571429,
        "accuracy train": 0.96,
        "solve_status": "OPTIMAL",
        "mean-error": 0.0,
        "random_error": 0.2537315789473685,
        "solve_duration_time": 120.83436274528503
    }
}