{
    "values": {
        "n_trees": 90,
        "max_depth": 3,
        "real_max_depth": 3,
        "seed": 4,
        "accuracy test": 0.7792857142857142,
        "accuracy train": 0.83,
        "solve_status": "OPTIMAL",
        "mean-error": 0.06315789473684212,
        "random_error": 0.24924736842105266,
        "solve_duration_time": 3565.1998052597046
    }
}