{
    "values": {
        "n_trees": 50,
        "max_depth": 4,
        "real_max_depth": 4,
        "seed": 4,
        "accuracy test": 0.785,
        "accuracy train": 0.91,
        "solve_status": "OPTIMAL",
        "mean-error": 0.04473684210526315,
        "random_error": 0.24924736842105266,
        "solve_duration_time": 1559.0164065361023
    }
}