{
    "values": {
        "n_trees": 5,
        "max_depth": null,
        "real_max_depth": 13,
        "seed": 2,
        "accuracy test": 0.7664285714285715,
        "accuracy train": 0.97,
        "solve_status": "FEASIBLE",
        "mean-error": 0.1105263157894737,
        "random_error": 0.2533105263157894,
        "solve_duration_time": 10810.070534467697
    }
}