{
    "values": {
        "n_trees": 90,
        "max_depth": 4,
        "real_max_depth": 4,
        "seed": 3,
        "accuracy test": 0.7842857142857143,
        "accuracy train": 0.89,
        "solve_status": "OPTIMAL",
        "mean-error": 0.0263157894736842,
        "random_error": 0.2520631578947368,
        "solve_duration_time": 2471.606935739517
    }
}