{
    "values": {
        "n_trees": 60,
        "max_depth": null,
        "real_max_depth": 14,
        "seed": 3,
        "accuracy test": 0.76,
        "accuracy train": 0.94,
        "solve_status": "FEASIBLE",
        "mean-error": 0.08368421052631579,
        "random_error": 0.2520631578947368,
        "solve_duration_time": 10922.739078760147
    }
}