{
    "values": {
        "n_trees": 60,
        "max_depth": 4,
        "real_max_depth": 4,
        "seed": 2,
        "accuracy test": 0.7921428571428571,
        "accuracy train": 0.87,
        "solve_status": "FEASIBLE",
        "mean-error": 0.13157894736842102,
        "random_error": 0.2533105263157894,
        "solve_duration_time": 10870.021838903427
    }
}