{
    "values": {
        "n_trees": 1,
        "max_depth": 5,
        "real_max_depth": 5,
        "seed": 2,
        "accuracy test": 0.7707142857142857,
        "accuracy train": 0.8,
        "solve_status": "OPTIMAL",
        "mean-error": 0.16999999999999993,
        "random_error": 0.2533105263157894,
        "solve_duration_time": 0.3807497024536133
    }
}