{
    "values": {
        "n_trees": 50,
        "max_depth": null,
        "real_max_depth": 15,
        "seed": 0,
        "accuracy test": 0.7757142857142857,
        "accuracy train": 0.96,
        "solve_status": "OPTIMAL",
        "mean-error": 0.0036842105263157894,
        "random_error": 0.2545052631578947,
        "solve_duration_time": 136.10404801368713
    }
}