{
    "values": {
        "n_trees": 20,
        "max_depth": 10,
        "real_max_depth": 10,
        "seed": 0,
        "accuracy test": 0.7735714285714286,
        "accuracy train": 0.96,
        "solve_status": "OPTIMAL",
        "mean-error": 0.00631578947368421,
        "random_error": 0.2545052631578947,
        "solve_duration_time": 58.0371367931366
    }
}