{
    "values": {
        "n_trees": 80,
        "max_depth": 5,
        "real_max_depth": 5,
        "seed": 3,
        "accuracy test": 0.785,
        "accuracy train": 0.9,
        "solve_status": "FEASIBLE",
        "mean-error": 0.12157894736842093,
        "random_error": 0.2520631578947368,
        "solve_duration_time": 10891.406699180603
    }
}