{
    "values": {
        "n_trees": 90,
        "max_depth": 2,
        "real_max_depth": 2,
        "seed": 2,
        "accuracy test": 0.78,
        "accuracy train": 0.77,
        "solve_status": "FEASIBLE",
        "mean-error": 0.16631578947368425,
        "random_error": 0.2533105263157894,
        "solve_duration_time": 10839.897983551025
    }
}