{
    "values": {
        "n_trees": 5,
        "max_depth": 10,
        "real_max_depth": 10,
        "seed": 3,
        "accuracy test": 0.7507142857142857,
        "accuracy train": 0.94,
        "solve_status": "OPTIMAL",
        "mean-error": 0.08736842105263154,
        "random_error": 0.2520631578947368,
        "solve_duration_time": 5.205787181854248
    }
}