{
    "values": {
        "n_trees": 30,
        "max_depth": 4,
        "real_max_depth": 4,
        "seed": 1,
        "accuracy test": 0.77,
        "accuracy train": 0.88,
        "solve_status": "OPTIMAL",
        "mean-error": 0.03631578947368422,
        "random_error": 0.2537315789473685,
        "solve_duration_time": 52.77407217025757
    }
}