{
    "values": {
        "n_trees": 50,
        "max_depth": 2,
        "real_max_depth": 2,
        "seed": 0,
        "accuracy test": 0.765,
        "accuracy train": 0.81,
        "solve_status": "OPTIMAL",
        "mean-error": 0.12052631578947359,
        "random_error": 0.2545052631578947,
        "solve_duration_time": 6.60850715637207
    }
}