{
    "values": {
        "n_trees": 1,
        "max_depth": 5,
        "real_max_depth": 5,
        "seed": 3,
        "accuracy test": 0.7921428571428571,
        "accuracy train": 0.88,
        "solve_status": "OPTIMAL",
        "mean-error": 0.30157894736842095,
        "random_error": 0.2520631578947368,
        "solve_duration_time": 0.3058304786682129
    }
}