{
    "values": {
        "n_trees": 80,
        "max_depth": 5,
        "real_max_depth": 5,
        "seed": 4,
        "accuracy test": 0.7985714285714286,
        "accuracy train": 0.95,
        "solve_status": "FEASIBLE",
        "mean-error": 0.12578947368421048,
        "random_error": 0.24924736842105266,
        "solve_duration_time": 10910.077466964722
    }
}