{
    "values": {
        "n_trees": 1,
        "max_depth": 3,
        "real_max_depth": 3,
        "seed": 4,
        "accuracy test": 0.7757142857142857,
        "accuracy train": 0.84,
        "solve_status": "OPTIMAL",
        "mean-error": 0.24157894736842103,
        "random_error": 0.24924736842105266,
        "solve_duration_time": 0.1877448558807373
    }
}