{
    "values": {
        "n_trees": 70,
        "max_depth": 4,
        "real_max_depth": 4,
        "seed": 2,
        "accuracy test": 0.785,
        "accuracy train": 0.86,
        "solve_status": "OPTIMAL",
        "mean-error": 0.04105263157894737,
        "random_error": 0.2533105263157894,
        "solve_duration_time": 1708.7220137119293
    }
}