{
    "values": {
        "n_trees": 20,
        "max_depth": null,
        "real_max_depth": 12,
        "seed": 4,
        "accuracy test": 0.7928571428571428,
        "accuracy train": 0.99,
        "solve_status": "FEASIBLE",
        "mean-error": 0.12263157894736837,
        "random_error": 0.24924736842105266,
        "solve_duration_time": 10843.880292654037
    }
}