{
    "values": {
        "n_trees": 80,
        "max_depth": 2,
        "real_max_depth": 2,
        "seed": 3,
        "accuracy test": 0.7842857142857143,
        "accuracy train": 0.83,
        "solve_status": "FEASIBLE",
        "mean-error": 0.16789473684210526,
        "random_error": 0.2520631578947368,
        "solve_duration_time": 10844.42116689682
    }
}