{
    "values": {
        "n_trees": 60,
        "max_depth": 4,
        "real_max_depth": 4,
        "seed": 3,
        "accuracy test": 0.7885714285714286,
        "accuracy train": 0.87,
        "solve_status": "FEASIBLE",
        "mean-error": 0.12736842105263152,
        "random_error": 0.2520631578947368,
        "solve_duration_time": 10861.982239961624
    }
}