{
    "values": {
        "n_trees": 20,
        "max_depth": null,
        "real_max_depth": 15,
        "seed": 2,
        "accuracy test": 0.7671428571428571,
        "accuracy train": 0.97,
        "solve_status": "OPTIMAL",
        "mean-error": 0.004736842105263157,
        "random_error": 0.2533105263157894,
        "solve_duration_time": 46.64468860626221
    }
}