{
    "values": {
        "n_trees": 10,
        "max_depth": 2,
        "real_max_depth": 2,
        "seed": 4,
        "accuracy test": 0.7628571428571429,
        "accuracy train": 0.82,
        "solve_status": "FEASIBLE",
        "mean-error": 0.19105263157894722,
        "random_error": 0.24924736842105266,
        "solve_duration_time": 10806.294509410858
    }
}