{
    "values": {
        "n_trees": 5,
        "max_depth": 2,
        "real_max_depth": 2,
        "seed": 4,
        "accuracy test": 0.7585714285714286,
        "accuracy train": 0.8,
        "solve_status": "OPTIMAL",
        "mean-error": 0.20631578947368406,
        "random_error": 0.24924736842105266,
        "solve_duration_time": 0.6016108989715576
    }
}