{
    "values": {
        "n_trees": 20,
        "max_depth": 2,
        "real_max_depth": 2,
        "seed": 3,
        "accuracy test": 0.78,
        "accuracy train": 0.81,
        "solve_status": "OPTIMAL",
        "mean-error": 0.12473684210526306,
        "random_error": 0.2520631578947368,
        "solve_duration_time": 1.7352206707000732
    }
}