{
    "values": {
        "n_trees": 90,
        "max_depth": 3,
        "real_max_depth": 3,
        "seed": 0,
        "accuracy test": 0.7721428571428571,
        "accuracy train": 0.86,
        "solve_status": "FEASIBLE",
        "mean-error": 0.13789473684210518,
        "random_error": 0.2545052631578947,
        "solve_duration_time": 10868.288490056992
    }
}