{
    "values": {
        "n_trees": 50,
        "max_depth": 4,
        "real_max_depth": 4,
        "seed": 0,
        "accuracy test": 0.785,
        "accuracy train": 0.91,
        "solve_status": "OPTIMAL",
        "mean-error": 0.03105263157894738,
        "random_error": 0.2545052631578947,
        "solve_duration_time": 8974.576053380966
    }
}