{
    "values": {
        "n_trees": 70,
        "max_depth": 5,
        "real_max_depth": 5,
        "seed": 2,
        "accuracy test": 0.7842857142857143,
        "accuracy train": 0.88,
        "solve_status": "FEASIBLE",
        "mean-error": 0.11736842105263147,
        "random_error": 0.2533105263157894,
        "solve_duration_time": 10891.964493513107
    }
}