{
    "values": {
        "n_trees": 80,
        "max_depth": 4,
        "real_max_depth": 4,
        "seed": 3,
        "accuracy test": 0.7857142857142857,
        "accuracy train": 0.87,
        "solve_status": "FEASIBLE",
        "mean-error": 0.12210526315789468,
        "random_error": 0.2520631578947368,
        "solve_duration_time": 10850.415159225464
    }
}