{
    "values": {
        "n_trees": 10,
        "max_depth": 3,
        "real_max_depth": 3,
        "seed": 2,
        "accuracy test": 0.7914285714285715,
        "accuracy train": 0.79,
        "solve_status": "OPTIMAL",
        "mean-error": 0.11157894736842094,
        "random_error": 0.2533105263157894,
        "solve_duration_time": 1.8669610023498535
    }
}