{
    "values": {
        "n_trees": 70,
        "max_depth": 10,
        "real_max_depth": 10,
        "seed": 3,
        "accuracy test": 0.7778571428571428,
        "accuracy train": 0.94,
        "solve_status": "FEASIBLE",
        "mean-error": 0.07789473684210527,
        "random_error": 0.2520631578947368,
        "solve_duration_time": 10945.726959466934
    }
}