{
    "values": {
        "n_trees": 30,
        "max_depth": 4,
        "real_max_depth": 4,
        "seed": 2,
        "accuracy test": 0.7942857142857143,
        "accuracy train": 0.82,
        "solve_status": "FEASIBLE",
        "mean-error": 0.12526315789473677,
        "random_error": 0.2533105263157894,
        "solve_duration_time": 10832.132470607758
    }
}