{
    "values": {
        "n_trees": 80,
        "max_depth": 10,
        "real_max_depth": 10,
        "seed": 2,
        "accuracy test": 0.7778571428571428,
        "accuracy train": 0.96,
        "solve_status": "FEASIBLE",
        "mean-error": 0.06842105263157895,
        "random_error": 0.2533105263157894,
        "solve_duration_time": 10938.68214917183
    }
}