{
    "values": {
        "n_trees": 5,
        "max_depth": 4,
        "real_max_depth": 4,
        "seed": 4,
        "accuracy test": 0.7892857142857143,
        "accuracy train": 0.9,
        "solve_status": "FEASIBLE",
        "mean-error": 0.1336842105263157,
        "random_error": 0.24924736842105266,
        "solve_duration_time": 10803.50544500351
    }
}