{
    "values": {
        "n_trees": 100,
        "max_depth": 4,
        "real_max_depth": 4,
        "seed": 1,
        "accuracy test": 0.7678571428571429,
        "accuracy train": 0.89,
        "solve_status": "OPTIMAL",
        "mean-error": 0.013684210526315783,
        "random_error": 0.2537315789473685,
        "solve_duration_time": 68.9657154083252
    }
}