{
    "values": {
        "n_trees": 1,
        "max_depth": 3,
        "real_max_depth": 3,
        "seed": 1,
        "accuracy test": 0.7185714285714285,
        "accuracy train": 0.76,
        "solve_status": "FEASIBLE",
        "mean-error": 0.25631578947368405,
        "random_error": 0.2537315789473685,
        "solve_duration_time": 10800.978309869766
    }
}