{
    "values": {
        "n_trees": 20,
        "max_depth": 4,
        "real_max_depth": 4,
        "seed": 0,
        "accuracy test": 0.7728571428571429,
        "accuracy train": 0.88,
        "solve_status": "FEASIBLE",
        "mean-error": 0.12842105263157888,
        "random_error": 0.2545052631578947,
        "solve_duration_time": 10814.657570362091
    }
}