{
    "values": {
        "n_trees": 50,
        "max_depth": 3,
        "real_max_depth": 3,
        "seed": 3,
        "accuracy test": 0.7807142857142857,
        "accuracy train": 0.87,
        "solve_status": "OPTIMAL",
        "mean-error": 0.08789473684210523,
        "random_error": 0.2520631578947368,
        "solve_duration_time": 7.697511672973633
    }
}