{
    "values": {
        "n_trees": 90,
        "max_depth": 10,
        "real_max_depth": 10,
        "seed": 4,
        "accuracy test": 0.7907142857142857,
        "accuracy train": 0.99,
        "solve_status": "FEASIBLE",
        "mean-error": 0.10157894736842103,
        "random_error": 0.24924736842105266,
        "solve_duration_time": 10974.676414012909
    }
}