{
    "values": {
        "n_trees": 90,
        "max_depth": 5,
        "real_max_depth": 5,
        "seed": 4,
        "accuracy test": 0.7935714285714286,
        "accuracy train": 0.94,
        "solve_status": "OPTIMAL",
        "mean-error": 0.008421052631578945,
        "random_error": 0.24924736842105266,
        "solve_duration_time": 563.8909857273102
    }
}