{
    "values": {
        "n_trees": 5,
        "max_depth": 4,
        "real_max_depth": 4,
        "seed": 2,
        "accuracy test": 0.7942857142857143,
        "accuracy train": 0.85,
        "solve_status": "FEASIBLE",
        "mean-error": 0.12789473684210517,
        "random_error": 0.2533105263157894,
        "solve_duration_time": 10804.895909786224
    }
}