{
    "values": {
        "n_trees": 20,
        "max_depth": null,
        "real_max_depth": 13,
        "seed": 1,
        "accuracy test": 0.7128571428571429,
        "accuracy train": 0.96,
        "solve_status": "FEASIBLE",
        "mean-error": 0.08894736842105262,
        "random_error": 0.2537315789473685,
        "solve_duration_time": 10854.575578451157
    }
}