{
    "values": {
        "n_trees": 30,
        "max_depth": 10,
        "real_max_depth": 10,
        "seed": 1,
        "accuracy test": 0.7228571428571429,
        "accuracy train": 0.94,
        "solve_status": "FEASIBLE",
        "mean-error": 0.08894736842105258,
        "random_error": 0.2537315789473685,
        "solve_duration_time": 10851.142220020294
    }
}