{
    "values": {
        "n_trees": 5,
        "max_depth": 5,
        "real_max_depth": 5,
        "seed": 3,
        "accuracy test": 0.7928571428571428,
        "accuracy train": 0.9,
        "solve_status": "FEASIBLE",
        "mean-error": 0.13684210526315777,
        "random_error": 0.2520631578947368,
        "solve_duration_time": 10804.485568761826
    }
}