{
    "values": {
        "n_trees": 1,
        "max_depth": 4,
        "real_max_depth": 4,
        "seed": 0,
        "accuracy test": 0.7978571428571428,
        "accuracy train": 0.88,
        "solve_status": "OPTIMAL",
        "mean-error": 0.22999999999999987,
        "random_error": 0.2545052631578947,
        "solve_duration_time": 0.26677966117858887
    }
}