{
    "values": {
        "n_trees": 1,
        "max_depth": 5,
        "real_max_depth": 5,
        "seed": 1,
        "accuracy test": 0.7021428571428572,
        "accuracy train": 0.85,
        "solve_status": "OPTIMAL",
        "mean-error": 0.17263157894736847,
        "random_error": 0.2537315789473685,
        "solve_duration_time": 0.5510542392730713
    }
}