{
    "values": {
        "n_trees": 60,
        "max_depth": null,
        "real_max_depth": 13,
        "seed": 4,
        "accuracy test": 0.7935714285714286,
        "accuracy train": 0.99,
        "solve_status": "FEASIBLE",
        "mean-error": 0.09421052631578947,
        "random_error": 0.24924736842105266,
        "solve_duration_time": 10926.898955821991
    }
}