{
    "values": {
        "n_trees": 60,
        "max_depth": 3,
        "real_max_depth": 3,
        "seed": 1,
        "accuracy test": 0.7957142857142857,
        "accuracy train": 0.85,
        "solve_status": "FEASIBLE",
        "mean-error": 0.14210526315789468,
        "random_error": 0.2537315789473685,
        "solve_duration_time": 10846.511420965195
    }
}