{
    "values": {
        "n_trees": 50,
        "max_depth": 3,
        "real_max_depth": 3,
        "seed": 2,
        "accuracy test": 0.78,
        "accuracy train": 0.81,
        "solve_status": "OPTIMAL",
        "mean-error": 0.08842105263157889,
        "random_error": 0.2533105263157894,
        "solve_duration_time": 10.63370418548584
    }
}