{
    "values": {
        "n_trees": 100,
        "max_depth": 10,
        "real_max_depth": 10,
        "seed": 0,
        "accuracy test": 0.7778571428571428,
        "accuracy train": 0.96,
        "solve_status": "OPTIMAL",
        "mean-error": 0.0010526315789473684,
        "random_error": 0.2545052631578947,
        "solve_duration_time": 535.9245874881744
    }
}