{
    "values": {
        "n_trees": 80,
        "max_depth": 3,
        "real_max_depth": 3,
        "seed": 1,
        "accuracy test": 0.7964285714285714,
        "accuracy train": 0.84,
        "solve_status": "FEASIBLE",
        "mean-error": 0.1384210526315789,
        "random_error": 0.2537315789473685,
        "solve_duration_time": 10846.409138202667
    }
}