{
    "values": {
        "n_trees": 10,
        "max_depth": 5,
        "real_max_depth": 5,
        "seed": 0,
        "accuracy test": 0.7828571428571428,
        "accuracy train": 0.92,
        "solve_status": "FEASIBLE",
        "mean-error": 0.13473684210526307,
        "random_error": 0.2545052631578947,
        "solve_duration_time": 10812.555401802063
    }
}