{
    "values": {
        "n_trees": 40,
        "max_depth": 10,
        "real_max_depth": 10,
        "seed": 0,
        "accuracy test": 0.7714285714285715,
        "accuracy train": 0.96,
        "solve_status": "OPTIMAL",
        "mean-error": 0.006842105263157894,
        "random_error": 0.2545052631578947,
        "solve_duration_time": 90.07822370529175
    }
}