{
    "values": {
        "n_trees": 80,
        "max_depth": 4,
        "real_max_depth": 4,
        "seed": 4,
        "accuracy test": 0.7864285714285715,
        "accuracy train": 0.89,
        "solve_status": "FEASIBLE",
        "mean-error": 0.1342105263157894,
        "random_error": 0.24924736842105266,
        "solve_duration_time": 10859.174849033356
    }
}