{
    "values": {
        "n_trees": 30,
        "max_depth": null,
        "real_max_depth": 15,
        "seed": 0,
        "accuracy test": 0.7707142857142857,
        "accuracy train": 0.96,
        "solve_status": "OPTIMAL",
        "mean-error": 0.003157894736842105,
        "random_error": 0.2545052631578947,
        "solve_duration_time": 89.85970735549927
    }
}