{
    "values": {
        "n_trees": 10,
        "max_depth": 5,
        "real_max_depth": 5,
        "seed": 2,
        "accuracy test": 0.7871428571428571,
        "accuracy train": 0.91,
        "solve_status": "FEASIBLE",
        "mean-error": 0.12631578947368413,
        "random_error": 0.2533105263157894,
        "solve_duration_time": 10813.724126577377
    }
}