{
    "values": {
        "n_trees": 80,
        "max_depth": 5,
        "real_max_depth": 5,
        "seed": 1,
        "accuracy test": 0.7642857142857142,
        "accuracy train": 0.89,
        "solve_status": "FEASIBLE",
        "mean-error": 0.1052631578947368,
        "random_error": 0.2537315789473685,
        "solve_duration_time": 10931.530827522278
    }
}