{
    "values": {
        "n_trees": 60,
        "max_depth": 2,
        "real_max_depth": 2,
        "seed": 2,
        "accuracy test": 0.7835714285714286,
        "accuracy train": 0.77,
        "solve_status": "OPTIMAL",
        "mean-error": 0.1394736842105261,
        "random_error": 0.2533105263157894,
        "solve_duration_time": 6.6072163581848145
    }
}