{
    "values": {
        "n_trees": 20,
        "max_depth": 3,
        "real_max_depth": 3,
        "seed": 3,
        "accuracy test": 0.7907142857142857,
        "accuracy train": 0.88,
        "solve_status": "OPTIMAL",
        "mean-error": 0.12421052631578934,
        "random_error": 0.2520631578947368,
        "solve_duration_time": 3.3159701824188232
    }
}