{
    "values": {
        "n_trees": 5,
        "max_depth": 5,
        "real_max_depth": 5,
        "seed": 1,
        "accuracy test": 0.7507142857142857,
        "accuracy train": 0.88,
        "solve_status": "OPTIMAL",
        "mean-error": 0.10894736842105263,
        "random_error": 0.2537315789473685,
        "solve_duration_time": 3.3169755935668945
    }
}