{
    "values": {
        "n_trees": 90,
        "max_depth": null,
        "real_max_depth": 14,
        "seed": 1,
        "accuracy test": 0.7235714285714285,
        "accuracy train": 0.96,
        "solve_status": "UNKNOWN",
        "mean-error": 0.2537315789473685,
        "random_error": 0.2537315789473685,
        "solve_duration_time": 18217.412669181824
    }
}