{
    "values": {
        "n_trees": 5,
        "max_depth": 2,
        "real_max_depth": 2,
        "seed": 2,
        "accuracy test": 0.7614285714285715,
        "accuracy train": 0.73,
        "solve_status": "OPTIMAL",
        "mean-error": 0.16894736842105268,
        "random_error": 0.2533105263157894,
        "solve_duration_time": 0.9183800220489502
    }
}