{
    "values": {
        "n_trees": 5,
        "max_depth": 4,
        "real_max_depth": 4,
        "seed": 1,
        "accuracy test": 0.7364285714285714,
        "accuracy train": 0.86,
        "solve_status": "FEASIBLE",
        "mean-error": 0.11421052631578933,
        "random_error": 0.2537315789473685,
        "solve_duration_time": 10804.598312139511
    }
}