{
    "values": {
        "n_trees": 30,
        "max_depth": null,
        "real_max_depth": 15,
        "seed": 4,
        "accuracy test": 0.78,
        "accuracy train": 0.99,
        "solve_status": "OPTIMAL",
        "mean-error": 0.008947368421052627,
        "random_error": 0.24924736842105266,
        "solve_duration_time": 64.36593961715698
    }
}