{
    "values": {
        "n_trees": 60,
        "max_depth": 4,
        "real_max_depth": 4,
        "seed": 3,
        "accuracy test": 0.7835714285714286,
        "accuracy train": 0.89,
        "solve_status": "UNKNOWN",
        "mean-error": 0.2520631578947368,
        "random_error": 0.2520631578947368,
        "solve_duration_time": 18007.707465171814
    }
}