{
    "values": {
        "n_trees": 60,
        "max_depth": 4,
        "real_max_depth": 4,
        "seed": 1,
        "accuracy test": 0.7721428571428571,
        "accuracy train": 0.88,
        "solve_status": "FEASIBLE",
        "mean-error": 0.12473684210526308,
        "random_error": 0.2537315789473685,
        "solve_duration_time": 10864.558339357376
    }
}