{
    "values": {
        "n_trees": 80,
        "max_depth": 5,
        "real_max_depth": 5,
        "seed": 2,
        "accuracy test": 0.7857142857142857,
        "accuracy train": 0.88,
        "solve_status": "FEASIBLE",
        "mean-error": 0.11263157894736833,
        "random_error": 0.2533105263157894,
        "solve_duration_time": 10913.371708869934
    }
}