{
    "values": {
        "n_trees": 60,
        "max_depth": 5,
        "real_max_depth": 5,
        "seed": 1,
        "accuracy test": 0.7607142857142857,
        "accuracy train": 0.9,
        "solve_status": "OPTIMAL",
        "mean-error": 0.0015789473684210526,
        "random_error": 0.2537315789473685,
        "solve_duration_time": 48.25077986717224
    }
}