{
    "values": {
        "n_trees": 40,
        "max_depth": null,
        "real_max_depth": 15,
        "seed": 0,
        "accuracy test": 0.7721428571428571,
        "accuracy train": 0.96,
        "solve_status": "OPTIMAL",
        "mean-error": 0.0015789473684210526,
        "random_error": 0.2545052631578947,
        "solve_duration_time": 59.232065200805664
    }
}