{
    "values": {
        "n_trees": 80,
        "max_depth": 2,
        "real_max_depth": 2,
        "seed": 1,
        "accuracy test": 0.7978571428571428,
        "accuracy train": 0.82,
        "solve_status": "FEASIBLE",
        "mean-error": 0.16052631578947354,
        "random_error": 0.2537315789473685,
        "solve_duration_time": 10831.609307527542
    }
}