{
    "values": {
        "n_trees": 30,
        "max_depth": 3,
        "real_max_depth": 3,
        "seed": 3,
        "accuracy test": 0.785,
        "accuracy train": 0.87,
        "solve_status": "OPTIMAL",
        "mean-error": 0.11263157894736832,
        "random_error": 0.2520631578947368,
        "solve_duration_time": 4.942368745803833
    }
}