{
    "values": {
        "n_trees": 30,
        "max_depth": 3,
        "real_max_depth": 3,
        "seed": 3,
        "accuracy test": 0.7871428571428571,
        "accuracy train": 0.85,
        "solve_status": "FEASIBLE",
        "mean-error": 0.14894736842105258,
        "random_error": 0.2520631578947368,
        "solve_duration_time": 10820.059932231903
    }
}