{
    "values": {
        "n_trees": 40,
        "max_depth": 3,
        "real_max_depth": 3,
        "seed": 2,
        "accuracy test": 0.7857142857142857,
        "accuracy train": 0.81,
        "solve_status": "OPTIMAL",
        "mean-error": 0.10526315789473684,
        "random_error": 0.2533105263157894,
        "solve_duration_time": 22.505396366119385
    }
}