{
    "values": {
        "n_trees": 5,
        "max_depth": 10,
        "real_max_depth": 10,
        "seed": 2,
        "accuracy test": 0.7692857142857142,
        "accuracy train": 0.97,
        "solve_status": "OPTIMAL",
        "mean-error": 0.0768421052631579,
        "random_error": 0.2533105263157894,
        "solve_duration_time": 6.845172166824341
    }
}