{
    "values": {
        "n_trees": 40,
        "max_depth": 10,
        "real_max_depth": 10,
        "seed": 3,
        "accuracy test": 0.7657142857142857,
        "accuracy train": 0.94,
        "solve_status": "OPTIMAL",
        "mean-error": 0.005789473684210527,
        "random_error": 0.2520631578947368,
        "solve_duration_time": 282.84947061538696
    }
}