{
    "values": {
        "n_trees": 1,
        "max_depth": 2,
        "real_max_depth": 2,
        "seed": 4,
        "accuracy test": 0.7685714285714286,
        "accuracy train": 0.81,
        "solve_status": "FEASIBLE",
        "mean-error": 0.26421052631578923,
        "random_error": 0.24924736842105266,
        "solve_duration_time": 10800.470243930817
    }
}