{
    "values": {
        "n_trees": 80,
        "max_depth": 3,
        "real_max_depth": 3,
        "seed": 2,
        "accuracy test": 0.7921428571428571,
        "accuracy train": 0.78,
        "solve_status": "FEASIBLE",
        "mean-error": 0.12947368421052624,
        "random_error": 0.2533105263157894,
        "solve_duration_time": 10869.276522874832
    }
}