{
    "values": {
        "n_trees": 70,
        "max_depth": 4,
        "real_max_depth": 4,
        "seed": 4,
        "accuracy test": 0.7878571428571428,
        "accuracy train": 0.9,
        "solve_status": "OPTIMAL",
        "mean-error": 0.03578947368421054,
        "random_error": 0.24924736842105266,
        "solve_duration_time": 124.59667944908142
    }
}