{
    "values": {
        "n_trees": 40,
        "max_depth": 3,
        "real_max_depth": 3,
        "seed": 4,
        "accuracy test": 0.7721428571428571,
        "accuracy train": 0.83,
        "solve_status": "FEASIBLE",
        "mean-error": 0.16105263157894736,
        "random_error": 0.24924736842105266,
        "solve_duration_time": 10831.254192829132
    }
}