{
    "values": {
        "n_trees": 30,
        "max_depth": 10,
        "real_max_depth": 10,
        "seed": 3,
        "accuracy test": 0.7707142857142857,
        "accuracy train": 0.94,
        "solve_status": "OPTIMAL",
        "mean-error": 0.005263157894736842,
        "random_error": 0.2520631578947368,
        "solve_duration_time": 123.24874567985535
    }
}