{
    "values": {
        "n_trees": 90,
        "max_depth": 4,
        "real_max_depth": 4,
        "seed": 2,
        "accuracy test": 0.7885714285714286,
        "accuracy train": 0.86,
        "solve_status": "FEASIBLE",
        "mean-error": 0.12052631578947358,
        "random_error": 0.2533105263157894,
        "solve_duration_time": 10890.447316646576
    }
}