{
    "values": {
        "n_trees": 40,
        "max_depth": 2,
        "real_max_depth": 2,
        "seed": 1,
        "accuracy test": 0.7964285714285714,
        "accuracy train": 0.81,
        "solve_status": "FEASIBLE",
        "mean-error": 0.16105263157894734,
        "random_error": 0.2537315789473685,
        "solve_duration_time": 10820.279554367065
    }
}