{
    "values": {
        "n_trees": 30,
        "max_depth": 5,
        "real_max_depth": 5,
        "seed": 1,
        "accuracy test": 0.7564285714285715,
        "accuracy train": 0.91,
        "solve_status": "FEASIBLE",
        "mean-error": 0.12421052631578941,
        "random_error": 0.2537315789473685,
        "solve_duration_time": 10842.633776426315
    }
}