{
    "values": {
        "n_trees": 60,
        "max_depth": 4,
        "real_max_depth": 4,
        "seed": 0,
        "accuracy test": 0.7835714285714286,
        "accuracy train": 0.91,
        "solve_status": "OPTIMAL",
        "mean-error": 0.02947368421052632,
        "random_error": 0.2545052631578947,
        "solve_duration_time": 3272.342491865158
    }
}