{
    "values": {
        "n_trees": 30,
        "max_depth": 5,
        "real_max_depth": 5,
        "seed": 2,
        "accuracy test": 0.7828571428571428,
        "accuracy train": 0.91,
        "solve_status": "OPTIMAL",
        "mean-error": 0.04052631578947369,
        "random_error": 0.2533105263157894,
        "solve_duration_time": 50.558356285095215
    }
}