{
    "values": {
        "n_trees": 10,
        "max_depth": 10,
        "real_max_depth": 10,
        "seed": 3,
        "accuracy test": 0.775,
        "accuracy train": 0.94,
        "solve_status": "OPTIMAL",
        "mean-error": 0.04421052631578947,
        "random_error": 0.2520631578947368,
        "solve_duration_time": 120.26203107833862
    }
}