{
    "values": {
        "n_trees": 80,
        "max_depth": 5,
        "real_max_depth": 5,
        "seed": 0,
        "accuracy test": 0.7778571428571428,
        "accuracy train": 0.92,
        "solve_status": "FEASIBLE",
        "mean-error": 0.10736842105263154,
        "random_error": 0.2545052631578947,
        "solve_duration_time": 10876.496967315674
    }
}