{
    "values": {
        "n_trees": 10,
        "max_depth": null,
        "real_max_depth": 14,
        "seed": 2,
        "accuracy test": 0.7792857142857142,
        "accuracy train": 0.97,
        "solve_status": "OPTIMAL",
        "mean-error": 0.02894736842105263,
        "random_error": 0.2533105263157894,
        "solve_duration_time": 35.44229197502136
    }
}