{
    "values": {
        "n_trees": 100,
        "max_depth": 3,
        "real_max_depth": 3,
        "seed": 0,
        "accuracy test": 0.7707142857142857,
        "accuracy train": 0.86,
        "solve_status": "FEASIBLE",
        "mean-error": 0.13578947368421046,
        "random_error": 0.2545052631578947,
        "solve_duration_time": 10880.757221221924
    }
}