{
    "values": {
        "n_trees": 20,
        "max_depth": null,
        "real_max_depth": 13,
        "seed": 4,
        "accuracy test": 0.7785714285714286,
        "accuracy train": 0.99,
        "solve_status": "OPTIMAL",
        "mean-error": 0.05,
        "random_error": 0.24924736842105266,
        "solve_duration_time": 112.30370378494263
    }
}