{
    "values": {
        "n_trees": 100,
        "max_depth": 3,
        "real_max_depth": 3,
        "seed": 1,
        "accuracy test": 0.7857142857142857,
        "accuracy train": 0.85,
        "solve_status": "OPTIMAL",
        "mean-error": 0.037368421052631606,
        "random_error": 0.2537315789473685,
        "solve_duration_time": 49.773019313812256
    }
}