{
    "values": {
        "n_trees": 80,
        "max_depth": 3,
        "real_max_depth": 3,
        "seed": 3,
        "accuracy test": 0.785,
        "accuracy train": 0.87,
        "solve_status": "OPTIMAL",
        "mean-error": 0.06842105263157898,
        "random_error": 0.2520631578947368,
        "solve_duration_time": 112.71628260612488
    }
}