{
    "values": {
        "n_trees": 1,
        "max_depth": 4,
        "real_max_depth": 4,
        "seed": 4,
        "accuracy test": 0.7742857142857142,
        "accuracy train": 0.84,
        "solve_status": "FEASIBLE",
        "mean-error": 0.19263157894736835,
        "random_error": 0.24924736842105266,
        "solve_duration_time": 10800.878820896149
    }
}