{
    "values": {
        "n_trees": 20,
        "max_depth": 3,
        "real_max_depth": 3,
        "seed": 2,
        "accuracy test": 0.7814285714285715,
        "accuracy train": 0.78,
        "solve_status": "FEASIBLE",
        "mean-error": 0.13315789473684203,
        "random_error": 0.2533105263157894,
        "solve_duration_time": 10812.36734700203
    }
}