{
    "values": {
        "n_trees": 5,
        "max_depth": 4,
        "real_max_depth": 4,
        "seed": 0,
        "accuracy test": 0.7742857142857142,
        "accuracy train": 0.9,
        "solve_status": "FEASIBLE",
        "mean-error": 0.12842105263157885,
        "random_error": 0.2545052631578947,
        "solve_duration_time": 10803.924169063568
    }
}