{
    "values": {
        "n_trees": 5,
        "max_depth": 5,
        "real_max_depth": 5,
        "seed": 2,
        "accuracy test": 0.7835714285714286,
        "accuracy train": 0.9,
        "solve_status": "OPTIMAL",
        "mean-error": 0.10999999999999989,
        "random_error": 0.2533105263157894,
        "solve_duration_time": 2.4326171875
    }
}