{
    "values": {
        "n_trees": 20,
        "max_depth": 10,
        "real_max_depth": 10,
        "seed": 3,
        "accuracy test": 0.7692857142857142,
        "accuracy train": 0.94,
        "solve_status": "OPTIMAL",
        "mean-error": 0.014210526315789467,
        "random_error": 0.2520631578947368,
        "solve_duration_time": 61.22747087478638
    }
}