{
    "values": {
        "n_trees": 30,
        "max_depth": 2,
        "real_max_depth": 2,
        "seed": 4,
        "accuracy test": 0.7578571428571429,
        "accuracy train": 0.8,
        "solve_status": "OPTIMAL",
        "mean-error": 0.12631578947368408,
        "random_error": 0.24924736842105266,
        "solve_duration_time": 3.5586423873901367
    }
}