{
    "values": {
        "n_trees": 40,
        "max_depth": 5,
        "real_max_depth": 5,
        "seed": 3,
        "accuracy test": 0.7935714285714286,
        "accuracy train": 0.89,
        "solve_status": "FEASIBLE",
        "mean-error": 0.12105263157894727,
        "random_error": 0.2520631578947368,
        "solve_duration_time": 10847.799821853638
    }
}