{
    "values": {
        "n_trees": 30,
        "max_depth": 5,
        "real_max_depth": 5,
        "seed": 4,
        "accuracy test": 0.7928571428571428,
        "accuracy train": 0.93,
        "solve_status": "FEASIBLE",
        "mean-error": 0.12473684210526302,
        "random_error": 0.24924736842105266,
        "solve_duration_time": 10837.923400640488
    }
}