{
    "values": {
        "n_trees": 1,
        "max_depth": 3,
        "real_max_depth": 3,
        "seed": 0,
        "accuracy test": 0.7528571428571429,
        "accuracy train": 0.85,
        "solve_status": "FEASIBLE",
        "mean-error": 0.246315789473684,
        "random_error": 0.2545052631578947,
        "solve_duration_time": 10800.666358232498
    }
}