{
    "values": {
        "n_trees": 5,
        "max_depth": 10,
        "real_max_depth": 10,
        "seed": 4,
        "accuracy test": 0.795,
        "accuracy train": 0.97,
        "solve_status": "FEASIBLE",
        "mean-error": 0.12947368421052632,
        "random_error": 0.24924736842105266,
        "solve_duration_time": 10810.932094335556
    }
}