{
    "values": {
        "n_trees": 10,
        "max_depth": 10,
        "real_max_depth": 10,
        "seed": 0,
        "accuracy test": 0.7778571428571428,
        "accuracy train": 0.96,
        "solve_status": "OPTIMAL",
        "mean-error": 0.037368421052631585,
        "random_error": 0.2545052631578947,
        "solve_duration_time": 675.340402841568
    }
}