{
    "values": {
        "n_trees": 100,
        "max_depth": 2,
        "real_max_depth": 2,
        "seed": 3,
        "accuracy test": 0.7792857142857142,
        "accuracy train": 0.83,
        "solve_status": "FEASIBLE",
        "mean-error": 0.15210526315789458,
        "random_error": 0.2520631578947368,
        "solve_duration_time": 10838.681694746017
    }
}