{
    "values": {
        "n_trees": 10,
        "max_depth": 10,
        "real_max_depth": 10,
        "seed": 3,
        "accuracy test": 0.7728571428571429,
        "accuracy train": 0.94,
        "solve_status": "FEASIBLE",
        "mean-error": 0.11526315789473675,
        "random_error": 0.2520631578947368,
        "solve_duration_time": 10815.462021827698
    }
}