{
    "values": {
        "n_trees": 50,
        "max_depth": 5,
        "real_max_depth": 5,
        "seed": 0,
        "accuracy test": 0.7792857142857142,
        "accuracy train": 0.93,
        "solve_status": "OPTIMAL",
        "mean-error": 0.008421052631578945,
        "random_error": 0.2545052631578947,
        "solve_duration_time": 440.79225873947144
    }
}