{
    "values": {
        "n_trees": 10,
        "max_depth": 3,
        "real_max_depth": 3,
        "seed": 1,
        "accuracy test": 0.7878571428571428,
        "accuracy train": 0.84,
        "solve_status": "OPTIMAL",
        "mean-error": 0.10105263157894734,
        "random_error": 0.2537315789473685,
        "solve_duration_time": 2.067505359649658
    }
}