{
    "values": {
        "n_trees": 10,
        "max_depth": 5,
        "real_max_depth": 5,
        "seed": 3,
        "accuracy test": 0.785,
        "accuracy train": 0.92,
        "solve_status": "OPTIMAL",
        "mean-error": 0.10631578947368416,
        "random_error": 0.2520631578947368,
        "solve_duration_time": 3.073066473007202
    }
}