{
    "values": {
        "n_trees": 10,
        "max_depth": 3,
        "real_max_depth": 3,
        "seed": 3,
        "accuracy test": 0.79,
        "accuracy train": 0.85,
        "solve_status": "OPTIMAL",
        "mean-error": 0.14421052631578943,
        "random_error": 0.2520631578947368,
        "solve_duration_time": 2.400956630706787
    }
}