{
    "values": {
        "n_trees": 90,
        "max_depth": 5,
        "real_max_depth": 5,
        "seed": 1,
        "accuracy test": 0.765,
        "accuracy train": 0.89,
        "solve_status": "FEASIBLE",
        "mean-error": 0.10842105263157886,
        "random_error": 0.2537315789473685,
        "solve_duration_time": 10927.970898151398
    }
}