{
    "values": {
        "n_trees": 20,
        "max_depth": 5,
        "real_max_depth": 5,
        "seed": 2,
        "accuracy test": 0.79,
        "accuracy train": 0.91,
        "solve_status": "OPTIMAL",
        "mean-error": 0.05157894736842104,
        "random_error": 0.2533105263157894,
        "solve_duration_time": 144.06846141815186
    }
}