{
    "values": {
        "n_trees": 60,
        "max_depth": 5,
        "real_max_depth": 5,
        "seed": 2,
        "accuracy test": 0.78,
        "accuracy train": 0.89,
        "solve_status": "OPTIMAL",
        "mean-error": 0.0131578947368421,
        "random_error": 0.2533105263157894,
        "solve_duration_time": 195.31692218780518
    }
}