{
    "values": {
        "n_trees": 60,
        "max_depth": 5,
        "real_max_depth": 5,
        "seed": 4,
        "accuracy test": 0.7971428571428572,
        "accuracy train": 0.95,
        "solve_status": "FEASIBLE",
        "mean-error": 0.12157894736842101,
        "random_error": 0.24924736842105266,
        "solve_duration_time": 10861.893283367157
    }
}