{
    "values": {
        "n_trees": 50,
        "max_depth": null,
        "real_max_depth": 16,
        "seed": 2,
        "accuracy test": 0.765,
        "accuracy train": 0.97,
        "solve_status": "OPTIMAL",
        "mean-error": 0.0015789473684210526,
        "random_error": 0.2533105263157894,
        "solve_duration_time": 64.08702874183655
    }
}