{
    "values": {
        "n_trees": 80,
        "max_depth": 3,
        "real_max_depth": 3,
        "seed": 4,
        "accuracy test": 0.775,
        "accuracy train": 0.82,
        "solve_status": "FEASIBLE",
        "mean-error": 0.14578947368421052,
        "random_error": 0.24924736842105266,
        "solve_duration_time": 10861.030045032501
    }
}