{
    "values": {
        "n_trees": 20,
        "max_depth": 5,
        "real_max_depth": 5,
        "seed": 1,
        "accuracy test": 0.7492857142857143,
        "accuracy train": 0.9,
        "solve_status": "FEASIBLE",
        "mean-error": 0.11894736842105257,
        "random_error": 0.2537315789473685,
        "solve_duration_time": 10820.088919401169
    }
}