{
    "values": {
        "n_trees": 70,
        "max_depth": null,
        "real_max_depth": 15,
        "seed": 2,
        "accuracy test": 0.775,
        "accuracy train": 0.97,
        "solve_status": "FEASIBLE",
        "mean-error": 0.07473684210526316,
        "random_error": 0.2533105263157894,
        "solve_duration_time": 10977.50767159462
    }
}