{
    "values": {
        "n_trees": 60,
        "max_depth": null,
        "real_max_depth": 15,
        "seed": 0,
        "accuracy test": 0.775,
        "accuracy train": 0.96,
        "solve_status": "OPTIMAL",
        "mean-error": 0.0015789473684210526,
        "random_error": 0.2545052631578947,
        "solve_duration_time": 167.3354787826538
    }
}