{
    "values": {
        "n_trees": 90,
        "max_depth": 10,
        "real_max_depth": 10,
        "seed": 1,
        "accuracy test": 0.7328571428571429,
        "accuracy train": 0.96,
        "solve_status": "UNKNOWN",
        "mean-error": 0.2537315789473685,
        "random_error": 0.2537315789473685,
        "solve_duration_time": 18220.665542840958
    }
}