{
    "values": {
        "n_trees": 20,
        "max_depth": 3,
        "real_max_depth": 3,
        "seed": 3,
        "accuracy test": 0.7835714285714286,
        "accuracy train": 0.85,
        "solve_status": "FEASIBLE",
        "mean-error": 0.1442105263157894,
        "random_error": 0.2520631578947368,
        "solve_duration_time": 10809.423292636871
    }
}