{
    "values": {
        "n_trees": 1,
        "max_depth": 2,
        "real_max_depth": 2,
        "seed": 0,
        "accuracy test": 0.7692857142857142,
        "accuracy train": 0.82,
        "solve_status": "OPTIMAL",
        "mean-error": 0.2410526315789474,
        "random_error": 0.2545052631578947,
        "solve_duration_time": 0.26943421363830566
    }
}