{
    "values": {
        "n_trees": 70,
        "max_depth": 3,
        "real_max_depth": 3,
        "seed": 1,
        "accuracy test": 0.7935714285714286,
        "accuracy train": 0.85,
        "solve_status": "FEASIBLE",
        "mean-error": 0.13789473684210518,
        "random_error": 0.2537315789473685,
        "solve_duration_time": 10852.543097496033
    }
}