{
    "values": {
        "n_trees": 80,
        "max_depth": 2,
        "real_max_depth": 2,
        "seed": 0,
        "accuracy test": 0.765,
        "accuracy train": 0.81,
        "solve_status": "FEASIBLE",
        "mean-error": 0.15263157894736837,
        "random_error": 0.2545052631578947,
        "solve_duration_time": 10831.221655130386
    }
}