{
    "values": {
        "n_trees": 100,
        "max_depth": 4,
        "real_max_depth": 4,
        "seed": 2,
        "accuracy test": 0.7928571428571428,
        "accuracy train": 0.86,
        "solve_status": "FEASIBLE",
        "mean-error": 0.12315789473684195,
        "random_error": 0.2533105263157894,
        "solve_duration_time": 10884.36531662941
    }
}