{
    "values": {
        "n_trees": 5,
        "max_depth": 5,
        "real_max_depth": 5,
        "seed": 1,
        "accuracy test": 0.7328571428571429,
        "accuracy train": 0.87,
        "solve_status": "FEASIBLE",
        "mean-error": 0.12578947368421048,
        "random_error": 0.2537315789473685,
        "solve_duration_time": 10805.944411754608
    }
}