{
    "values": {
        "n_trees": 100,
        "max_depth": 3,
        "real_max_depth": 3,
        "seed": 4,
        "accuracy test": 0.7807142857142857,
        "accuracy train": 0.83,
        "solve_status": "OPTIMAL",
        "mean-error": 0.05631578947368419,
        "random_error": 0.24924736842105266,
        "solve_duration_time": 62.86332726478577
    }
}