{
    "values": {
        "n_trees": 100,
        "max_depth": 10,
        "real_max_depth": 10,
        "seed": 2,
        "accuracy test": 0.7742857142857142,
        "accuracy train": 0.97,
        "solve_status": "OPTIMAL",
        "mean-error": 0.0005263157894736842,
        "random_error": 0.2533105263157894,
        "solve_duration_time": 132.96790742874146
    }
}