{
    "values": {
        "n_trees": 50,
        "max_depth": 5,
        "real_max_depth": 5,
        "seed": 2,
        "accuracy test": 0.7785714285714286,
        "accuracy train": 0.89,
        "solve_status": "OPTIMAL",
        "mean-error": 0.01473684210526315,
        "random_error": 0.2533105263157894,
        "solve_duration_time": 439.40009021759033
    }
}