{
    "values": {
        "n_trees": 70,
        "max_depth": 3,
        "real_max_depth": 3,
        "seed": 2,
        "accuracy test": 0.6678571428571428,
        "accuracy train": 0.71,
        "solve_status": "OPTIMAL",
        "mean-error": 0.0,
        "random_error": 0.1973785714285715,
        "solve_duration_time": 18.49998426437378
    }
}