{
    "values": {
        "n_trees": 5,
        "max_depth": 2,
        "real_max_depth": 2,
        "seed": 1,
        "accuracy test": 0.6478571428571429,
        "accuracy train": 0.66,
        "solve_status": "FEASIBLE",
        "mean-error": 0.22571428571428565,
        "random_error": 0.19913571428571422,
        "solve_duration_time": 3602.384160757065
    }
}