{
    "values": {
        "n_trees": 60,
        "max_depth": 3,
        "real_max_depth": 3,
        "seed": 3,
        "accuracy test": 0.61,
        "accuracy train": 0.67,
        "solve_status": "FEASIBLE",
        "mean-error": 0.08428571428571427,
        "random_error": 0.20811428571428564,
        "solve_duration_time": 3627.729378938675
    }
}