{
    "values": {
        "n_trees": 10,
        "max_depth": null,
        "real_max_depth": 10,
        "seed": 3,
        "accuracy test": 0.5521428571428572,
        "accuracy train": 0.74,
        "solve_status": "FEASIBLE",
        "mean-error": 0.047142857142857146,
        "random_error": 0.20811428571428564,
        "solve_duration_time": 3617.9042987823486
    }
}