{
    "values": {
        "n_trees": 80,
        "max_depth": null,
        "real_max_depth": 11,
        "seed": 3,
        "accuracy test": 0.5628571428571428,
        "accuracy train": 0.76,
        "solve_status": "FEASIBLE",
        "mean-error": 0.04500000000000001,
        "random_error": 0.20811428571428564,
        "solve_duration_time": 7328.861001729965
    }
}