{
    "values": {
        "n_trees": 5,
        "max_depth": 10,
        "real_max_depth": 10,
        "seed": 4,
        "accuracy test": 0.5114285714285715,
        "accuracy train": 0.78,
        "solve_status": "FEASIBLE",
        "mean-error": 0.05071428571428573,
        "random_error": 0.20382857142857141,
        "solve_duration_time": 3614.0013999938965
    }
}