{
    "values": {
        "n_trees": 90,
        "max_depth": 3,
        "real_max_depth": 3,
        "seed": 3,
        "accuracy test": 0.6171428571428571,
        "accuracy train": 0.69,
        "solve_status": "FEASIBLE",
        "mean-error": 0.085,
        "random_error": 0.20811428571428564,
        "solve_duration_time": 3660.6827535629272
    }
}