{
    "values": {
        "n_trees": 80,
        "max_depth": 2,
        "real_max_depth": 2,
        "seed": 3,
        "accuracy test": 0.555,
        "accuracy train": 0.66,
        "solve_status": "OPTIMAL",
        "mean-error": 0.03142857142857143,
        "random_error": 0.20811428571428564,
        "solve_duration_time": 5.863865613937378
    }
}