{
    "values": {
        "n_trees": 90,
        "max_depth": 5,
        "real_max_depth": 5,
        "seed": 3,
        "accuracy test": 0.5971428571428572,
        "accuracy train": 0.74,
        "solve_status": "FEASIBLE",
        "mean-error": 0.06499999999999999,
        "random_error": 0.20811428571428564,
        "solve_duration_time": 3724.805598258972
    }
}