{
    "values": {
        "n_trees": 50,
        "max_depth": null,
        "real_max_depth": 11,
        "seed": 3,
        "accuracy test": 0.5771428571428572,
        "accuracy train": 0.76,
        "solve_status": "FEASIBLE",
        "mean-error": 0.03642857142857144,
        "random_error": 0.20811428571428564,
        "solve_duration_time": 3719.482159614563
    }
}