{
    "values": {
        "n_trees": 60,
        "max_depth": 3,
        "real_max_depth": 3,
        "seed": 2,
        "accuracy test": 0.6671428571428571,
        "accuracy train": 0.7,
        "solve_status": "FEASIBLE",
        "mean-error": 0.08499999999999998,
        "random_error": 0.1973785714285715,
        "solve_duration_time": 3639.888184070587
    }
}