{
    "values": {
        "n_trees": 90,
        "max_depth": 2,
        "real_max_depth": 2,
        "seed": 2,
        "accuracy test": 0.6685714285714286,
        "accuracy train": 0.7,
        "solve_status": "FEASIBLE",
        "mean-error": 0.08785714285714287,
        "random_error": 0.1973785714285715,
        "solve_duration_time": 3639.708603143692
    }
}