{
    "values": {
        "n_trees": 90,
        "max_depth": null,
        "real_max_depth": 12,
        "seed": 4,
        "accuracy test": 0.5392857142857143,
        "accuracy train": 0.78,
        "solve_status": "OPTIMAL",
        "mean-error": 0.0,
        "random_error": 0.20382857142857141,
        "solve_duration_time": 104.18498492240906
    }
}