{
    "values": {
        "n_trees": 20,
        "max_depth": 5,
        "real_max_depth": 5,
        "seed": 3,
        "accuracy test": 0.59,
        "accuracy train": 0.74,
        "solve_status": "FEASIBLE",
        "mean-error": 0.06428571428571432,
        "random_error": 0.20811428571428564,
        "solve_duration_time": 3627.216715335846
    }
}