{
    "values": {
        "n_trees": 5,
        "max_depth": 2,
        "real_max_depth": 2,
        "seed": 3,
        "accuracy test": 0.5335714285714286,
        "accuracy train": 0.63,
        "solve_status": "OPTIMAL",
        "mean-error": 0.27285714285714296,
        "random_error": 0.20811428571428564,
        "solve_duration_time": 0.7928316593170166
    }
}