{
    "values": {
        "n_trees": 5,
        "max_depth": null,
        "real_max_depth": 10,
        "seed": 4,
        "accuracy test": 0.52,
        "accuracy train": 0.78,
        "solve_status": "FEASIBLE",
        "mean-error": 0.05714285714285714,
        "random_error": 0.20382857142857141,
        "solve_duration_time": 3609.7404956817627
    }
}