{
    "values": {
        "n_trees": 70,
        "max_depth": 10,
        "real_max_depth": 10,
        "seed": 1,
        "accuracy test": 0.6157142857142858,
        "accuracy train": 0.76,
        "solve_status": "FEASIBLE",
        "mean-error": 0.035,
        "random_error": 0.19913571428571422,
        "solve_duration_time": 7380.521570444107
    }
}