{
    "values": {
        "n_trees": 50,
        "max_depth": 2,
        "real_max_depth": 2,
        "seed": 0,
        "accuracy test": 0.6557142857142857,
        "accuracy train": 0.69,
        "solve_status": "OPTIMAL",
        "mean-error": 0.031428571428571445,
        "random_error": 0.2105928571428571,
        "solve_duration_time": 6.501938104629517
    }
}