{
    "values": {
        "n_trees": 100,
        "max_depth": 4,
        "real_max_depth": 4,
        "seed": 3,
        "accuracy test": 0.615,
        "accuracy train": 0.73,
        "solve_status": "FEASIBLE",
        "mean-error": 0.0785714285714286,
        "random_error": 0.20811428571428564,
        "solve_duration_time": 3669.4974443912506
    }
}