{
    "values": {
        "n_trees": 5,
        "max_depth": 5,
        "real_max_depth": 5,
        "seed": 0,
        "accuracy test": 0.5871428571428572,
        "accuracy train": 0.78,
        "solve_status": "OPTIMAL",
        "mean-error": 0.013571428571428568,
        "random_error": 0.2105928571428571,
        "solve_duration_time": 7.295413494110107
    }
}