{
    "values": {
        "n_trees": 100,
        "max_depth": 10,
        "real_max_depth": 10,
        "seed": 0,
        "accuracy test": 0.5707142857142857,
        "accuracy train": 0.87,
        "solve_status": "FEASIBLE",
        "mean-error": 0.045714285714285735,
        "random_error": 0.2105928571428571,
        "solve_duration_time": 3745.989282608032
    }
}