{
    "values": {
        "n_trees": 30,
        "max_depth": null,
        "real_max_depth": 11,
        "seed": 0,
        "accuracy test": 0.5707142857142857,
        "accuracy train": 0.87,
        "solve_status": "FEASIBLE",
        "mean-error": 0.041428571428571426,
        "random_error": 0.2105928571428571,
        "solve_duration_time": 3670.184373855591
    }
}