{
    "values": {
        "n_trees": 50,
        "max_depth": 10,
        "real_max_depth": 10,
        "seed": 3,
        "accuracy test": 0.5785714285714286,
        "accuracy train": 0.76,
        "solve_status": "FEASIBLE",
        "mean-error": 0.040714285714285724,
        "random_error": 0.20811428571428564,
        "solve_duration_time": 3719.1246180534363
    }
}