{
    "values": {
        "n_trees": 50,
        "max_depth": 3,
        "real_max_depth": 3,
        "seed": 2,
        "accuracy test": 0.6707142857142857,
        "accuracy train": 0.71,
        "solve_status": "FEASIBLE",
        "mean-error": 0.08000000000000003,
        "random_error": 0.1973785714285715,
        "solve_duration_time": 3624.5193259716034
    }
}