{
    "values": {
        "n_trees": 100,
        "max_depth": 5,
        "real_max_depth": 5,
        "seed": 1,
        "accuracy test": 0.6185714285714285,
        "accuracy train": 0.76,
        "solve_status": "FEASIBLE",
        "mean-error": 0.06571428571428571,
        "random_error": 0.19913571428571422,
        "solve_duration_time": 3730.9920370578766
    }
}