{
    "values": {
        "n_trees": 1,
        "max_depth": 10,
        "real_max_depth": 7,
        "seed": 0,
        "accuracy test": 0.575,
        "accuracy train": 0.74,
        "solve_status": "FEASIBLE",
        "mean-error": 0.21357142857142863,
        "random_error": 0.2105928571428571,
        "solve_duration_time": 3601.2228972911835
    }
}