{
    "values": {
        "n_trees": 10,
        "max_depth": 10,
        "real_max_depth": 10,
        "seed": 1,
        "accuracy test": 0.5978571428571429,
        "accuracy train": 0.75,
        "solve_status": "FEASIBLE",
        "mean-error": 0.048571428571428585,
        "random_error": 0.19913571428571422,
        "solve_duration_time": 3615.7385547161102
    }
}