{
    "values": {
        "n_trees": 70,
        "max_depth": 2,
        "real_max_depth": 2,
        "seed": 3,
        "accuracy test": 0.5707142857142857,
        "accuracy train": 0.66,
        "solve_status": "FEASIBLE",
        "mean-error": 0.09928571428571427,
        "random_error": 0.20811428571428564,
        "solve_duration_time": 3631.608637571335
    }
}