{
    "values": {
        "n_trees": 30,
        "max_depth": null,
        "real_max_depth": 11,
        "seed": 3,
        "accuracy test": 0.5442857142857143,
        "accuracy train": 0.76,
        "solve_status": "FEASIBLE",
        "mean-error": 0.04785714285714289,
        "random_error": 0.20811428571428564,
        "solve_duration_time": 3662.01104927063
    }
}