{
    "values": {
        "n_trees": 50,
        "max_depth": 2,
        "real_max_depth": 2,
        "seed": 3,
        "accuracy test": 0.5635714285714286,
        "accuracy train": 0.66,
        "solve_status": "FEASIBLE",
        "mean-error": 0.10142857142857144,
        "random_error": 0.20811428571428564,
        "solve_duration_time": 3615.084706544876
    }
}