{
    "values": {
        "n_trees": 1,
        "max_depth": null,
        "real_max_depth": 8,
        "seed": 4,
        "accuracy test": 0.5157142857142857,
        "accuracy train": 0.7,
        "solve_status": "FEASIBLE",
        "mean-error": 0.12499999999999989,
        "random_error": 0.20382857142857141,
        "solve_duration_time": 3601.9276463985443
    }
}