{
    "values": {
        "n_trees": 60,
        "max_depth": 10,
        "real_max_depth": 10,
        "seed": 1,
        "accuracy test": 0.6135714285714285,
        "accuracy train": 0.76,
        "solve_status": "FEASIBLE",
        "mean-error": 0.04357142857142857,
        "random_error": 0.19913571428571422,
        "solve_duration_time": 7345.6488835811615
    }
}