{
    "values": {
        "n_trees": 90,
        "max_depth": null,
        "real_max_depth": 11,
        "seed": 3,
        "accuracy test": 0.5735714285714286,
        "accuracy train": 0.76,
        "solve_status": "FEASIBLE",
        "mean-error": 0.04142857142857143,
        "random_error": 0.20811428571428564,
        "solve_duration_time": 7416.292608499527
    }
}