{
    "values": {
        "n_trees": 50,
        "max_depth": 4,
        "real_max_depth": 4,
        "seed": 4,
        "accuracy test": 0.6,
        "accuracy train": 0.7,
        "solve_status": "FEASIBLE",
        "mean-error": 0.05928571428571432,
        "random_error": 0.20382857142857141,
        "solve_duration_time": 3644.921276807785
    }
}