{
    "values": {
        "n_trees": 20,
        "max_depth": 2,
        "real_max_depth": 2,
        "seed": 2,
        "accuracy test": 0.6707142857142857,
        "accuracy train": 0.71,
        "solve_status": "OPTIMAL",
        "mean-error": 0.07714285714285715,
        "random_error": 0.1973785714285715,
        "solve_duration_time": 1.4308843612670898
    }
}