{
    "values": {
        "n_trees": 20,
        "max_depth": 2,
        "real_max_depth": 2,
        "seed": 2,
        "accuracy test": 0.6664285714285715,
        "accuracy train": 0.7,
        "solve_status": "FEASIBLE",
        "mean-error": 0.1042857142857143,
        "random_error": 0.1973785714285715,
        "solve_duration_time": 3608.8779895305634
    }
}