{
    "values": {
        "n_trees": 20,
        "max_depth": 3,
        "real_max_depth": 3,
        "seed": 0,
        "accuracy test": 0.6535714285714286,
        "accuracy train": 0.72,
        "solve_status": "OPTIMAL",
        "mean-error": 0.023571428571428573,
        "random_error": 0.2105928571428571,
        "solve_duration_time": 2.702733278274536
    }
}