{
    "values": {
        "n_trees": 60,
        "max_depth": 5,
        "real_max_depth": 5,
        "seed": 1,
        "accuracy test": 0.6078571428571429,
        "accuracy train": 0.76,
        "solve_status": "FEASIBLE",
        "mean-error": 0.06214285714285715,
        "random_error": 0.19913571428571422,
        "solve_duration_time": 3650.58779835701
    }
}