{
    "values": {
        "n_trees": 30,
        "max_depth": 4,
        "real_max_depth": 4,
        "seed": 3,
        "accuracy test": 0.5535714285714286,
        "accuracy train": 0.73,
        "solve_status": "OPTIMAL",
        "mean-error": 0.002857142857142857,
        "random_error": 0.20811428571428564,
        "solve_duration_time": 21.43175435066223
    }
}