{
    "values": {
        "n_trees": 70,
        "max_depth": null,
        "real_max_depth": 11,
        "seed": 0,
        "accuracy test": 0.5764285714285714,
        "accuracy train": 0.87,
        "solve_status": "FEASIBLE",
        "mean-error": 0.03142857142857143,
        "random_error": 0.2105928571428571,
        "solve_duration_time": 3768.5723810195923
    }
}