{
    "values": {
        "n_trees": 70,
        "max_depth": 5,
        "real_max_depth": 5,
        "seed": 0,
        "accuracy test": 0.6321428571428571,
        "accuracy train": 0.8,
        "solve_status": "FEASIBLE",
        "mean-error": 0.06,
        "random_error": 0.2105928571428571,
        "solve_duration_time": 3691.794033050537
    }
}