{
    "values": {
        "n_trees": 5,
        "max_depth": 2,
        "real_max_depth": 2,
        "seed": 4,
        "accuracy test": 0.5592857142857143,
        "accuracy train": 0.64,
        "solve_status": "FEASIBLE",
        "mean-error": 0.23857142857142852,
        "random_error": 0.20382857142857141,
        "solve_duration_time": 3602.0039756298065
    }
}