{
    "values": {
        "n_trees": 70,
        "max_depth": 4,
        "real_max_depth": 4,
        "seed": 1,
        "accuracy test": 0.6164285714285714,
        "accuracy train": 0.76,
        "solve_status": "FEASIBLE",
        "mean-error": 0.0792857142857143,
        "random_error": 0.19913571428571422,
        "solve_duration_time": 3666.963096857071
    }
}