{
    "values": {
        "n_trees": 20,
        "max_depth": 4,
        "real_max_depth": 4,
        "seed": 2,
        "accuracy test": 0.6614285714285715,
        "accuracy train": 0.78,
        "solve_status": "OPTIMAL",
        "mean-error": 0.004285714285714285,
        "random_error": 0.1973785714285715,
        "solve_duration_time": 5.882597923278809
    }
}