{
    "values": {
        "n_trees": 90,
        "max_depth": 10,
        "real_max_depth": 10,
        "seed": 2,
        "accuracy test": 0.6035714285714285,
        "accuracy train": 0.83,
        "solve_status": "FEASIBLE",
        "mean-error": 0.052857142857142846,
        "random_error": 0.1973785714285715,
        "solve_duration_time": 3809.201382637024
    }
}