{
    "values": {
        "n_trees": 20,
        "max_depth": 2,
        "real_max_depth": 2,
        "seed": 0,
        "accuracy test": 0.6678571428571428,
        "accuracy train": 0.68,
        "solve_status": "OPTIMAL",
        "mean-error": 0.06714285714285718,
        "random_error": 0.2105928571428571,
        "solve_duration_time": 1.9218642711639404
    }
}