{
    "values": {
        "n_trees": 70,
        "max_depth": 2,
        "real_max_depth": 2,
        "seed": 0,
        "accuracy test": 0.6521428571428571,
        "accuracy train": 0.69,
        "solve_status": "FEASIBLE",
        "mean-error": 0.09285714285714283,
        "random_error": 0.2105928571428571,
        "solve_duration_time": 3624.1730897426605
    }
}