{
    "values": {
        "n_trees": 60,
        "max_depth": 2,
        "real_max_depth": 2,
        "seed": 3,
        "accuracy test": 0.5692857142857143,
        "accuracy train": 0.67,
        "solve_status": "FEASIBLE",
        "mean-error": 0.09571428571428571,
        "random_error": 0.20811428571428564,
        "solve_duration_time": 3617.4707951545715
    }
}