{
    "values": {
        "n_trees": 1,
        "max_depth": 10,
        "real_max_depth": 8,
        "seed": 0,
        "accuracy test": 0.5307142857142857,
        "accuracy train": 0.87,
        "solve_status": "OPTIMAL",
        "mean-error": 0.07928571428571424,
        "random_error": 0.2105928571428571,
        "solve_duration_time": 0.5065643787384033
    }
}