{
    "values": {
        "n_trees": 50,
        "max_depth": null,
        "real_max_depth": 12,
        "seed": 4,
        "accuracy test": 0.5414285714285715,
        "accuracy train": 0.78,
        "solve_status": "FEASIBLE",
        "mean-error": 0.03142857142857143,
        "random_error": 0.20382857142857141,
        "solve_duration_time": 3708.5939004421234
    }
}