{
    "values": {
        "n_trees": 80,
        "max_depth": 10,
        "real_max_depth": 10,
        "seed": 1,
        "accuracy test": 0.6178571428571429,
        "accuracy train": 0.76,
        "solve_status": "FEASIBLE",
        "mean-error": 0.04214285714285714,
        "random_error": 0.19913571428571422,
        "solve_duration_time": 3781.1381092071533
    }
}