{
    "values": {
        "n_trees": 5,
        "max_depth": 5,
        "real_max_depth": 5,
        "seed": 2,
        "accuracy test": 0.6,
        "accuracy train": 0.74,
        "solve_status": "FEASIBLE",
        "mean-error": 0.0907142857142857,
        "random_error": 0.1973785714285715,
        "solve_duration_time": 3606.8763406276703
    }
}