{
    "values": {
        "n_trees": 70,
        "max_depth": 2,
        "real_max_depth": 2,
        "seed": 2,
        "accuracy test": 0.6685714285714286,
        "accuracy train": 0.7,
        "solve_status": "FEASIBLE",
        "mean-error": 0.08428571428571428,
        "random_error": 0.1973785714285715,
        "solve_duration_time": 3631.8808405399323
    }
}