{
    "values": {
        "n_trees": 10,
        "max_depth": 3,
        "real_max_depth": 3,
        "seed": 4,
        "accuracy test": 0.5592857142857143,
        "accuracy train": 0.64,
        "solve_status": "FEASIBLE",
        "mean-error": 0.08214285714285716,
        "random_error": 0.20382857142857141,
        "solve_duration_time": 3604.7596797943115
    }
}