{
    "values": {
        "n_trees": 5,
        "max_depth": 3,
        "real_max_depth": 3,
        "seed": 3,
        "accuracy test": 0.545,
        "accuracy train": 0.66,
        "solve_status": "FEASIBLE",
        "mean-error": 0.09714285714285711,
        "random_error": 0.20811428571428564,
        "solve_duration_time": 3603.0765931606293
    }
}