{
    "values": {
        "n_trees": 5,
        "max_depth": null,
        "real_max_depth": 10,
        "seed": 3,
        "accuracy test": 0.5607142857142857,
        "accuracy train": 0.72,
        "solve_status": "FEASIBLE",
        "mean-error": 0.06642857142857143,
        "random_error": 0.20811428571428564,
        "solve_duration_time": 3608.528284549713
    }
}