{
    "values": {
        "n_trees": 1,
        "max_depth": 2,
        "real_max_depth": 2,
        "seed": 2,
        "accuracy test": 0.49642857142857144,
        "accuracy train": 0.6,
        "solve_status": "OPTIMAL",
        "mean-error": 0.272142857142857,
        "random_error": 0.1973785714285715,
        "solve_duration_time": 0.10591983795166016
    }
}