{
    "values": {
        "n_trees": 1,
        "max_depth": 4,
        "real_max_depth": 4,
        "seed": 1,
        "accuracy test": 0.6,
        "accuracy train": 0.65,
        "solve_status": "FEASIBLE",
        "mean-error": 0.28571428571428575,
        "random_error": 0.19913571428571422,
        "solve_duration_time": 3601.1387236118317
    }
}