{
    "values": {
        "n_trees": 100,
        "max_depth": 2,
        "real_max_depth": 2,
        "seed": 4,
        "accuracy test": 0.5878571428571429,
        "accuracy train": 0.64,
        "solve_status": "OPTIMAL",
        "mean-error": 0.024285714285714285,
        "random_error": 0.20382857142857141,
        "solve_duration_time": 12.282487154006958
    }
}