{
    "values": {
        "n_trees": 30,
        "max_depth": 5,
        "real_max_depth": 5,
        "seed": 3,
        "accuracy test": 0.5985714285714285,
        "accuracy train": 0.74,
        "solve_status": "FEASIBLE",
        "mean-error": 0.06714285714285716,
        "random_error": 0.20811428571428564,
        "solve_duration_time": 3632.297998905182
    }
}