{
    "values": {
        "n_trees": 30,
        "max_depth": 2,
        "real_max_depth": 2,
        "seed": 4,
        "accuracy test": 0.5878571428571429,
        "accuracy train": 0.64,
        "solve_status": "OPTIMAL",
        "mean-error": 0.12142857142857137,
        "random_error": 0.20382857142857141,
        "solve_duration_time": 1.7741022109985352
    }
}