{
    "values": {
        "n_trees": 80,
        "max_depth": 10,
        "real_max_depth": 10,
        "seed": 0,
        "accuracy test": 0.5721428571428572,
        "accuracy train": 0.87,
        "solve_status": "FEASIBLE",
        "mean-error": 0.041428571428571453,
        "random_error": 0.2105928571428571,
        "solve_duration_time": 3779.3893926143646
    }
}