{
    "values": {
        "n_trees": 50,
        "max_depth": 4,
        "real_max_depth": 4,
        "seed": 2,
        "accuracy test": 0.6528571428571428,
        "accuracy train": 0.77,
        "solve_status": "FEASIBLE",
        "mean-error": 0.06642857142857142,
        "random_error": 0.1973785714285715,
        "solve_duration_time": 3649.375273704529
    }
}