{
    "values": {
        "n_trees": 70,
        "max_depth": 3,
        "real_max_depth": 3,
        "seed": 3,
        "accuracy test": 0.565,
        "accuracy train": 0.68,
        "solve_status": "FEASIBLE",
        "mean-error": 0.07785714285714289,
        "random_error": 0.20811428571428564,
        "solve_duration_time": 3647.139899253845
    }
}