{
    "values": {
        "n_trees": 10,
        "max_depth": 10,
        "real_max_depth": 10,
        "seed": 4,
        "accuracy test": 0.54,
        "accuracy train": 0.78,
        "solve_status": "FEASIBLE",
        "mean-error": 0.040714285714285724,
        "random_error": 0.20382857142857141,
        "solve_duration_time": 3623.007546901703
    }
}