{
    "values": {
        "n_trees": 1,
        "max_depth": 4,
        "real_max_depth": 4,
        "seed": 1,
        "accuracy test": 0.63,
        "accuracy train": 0.66,
        "solve_status": "OPTIMAL",
        "mean-error": 0.20714285714285718,
        "random_error": 0.19913571428571422,
        "solve_duration_time": 0.24593591690063477
    }
}