{
    "values": {
        "n_trees": 40,
        "max_depth": 4,
        "real_max_depth": 4,
        "seed": 3,
        "accuracy test": 0.5428571428571428,
        "accuracy train": 0.72,
        "solve_status": "OPTIMAL",
        "mean-error": 0.0,
        "random_error": 0.20811428571428564,
        "solve_duration_time": 30.10808777809143
    }
}