{
    "values": {
        "n_trees": 30,
        "max_depth": 2,
        "real_max_depth": 2,
        "seed": 3,
        "accuracy test": 0.5585714285714286,
        "accuracy train": 0.67,
        "solve_status": "FEASIBLE",
        "mean-error": 0.10999999999999996,
        "random_error": 0.20811428571428564,
        "solve_duration_time": 3614.8686814308167
    }
}