{
    "values": {
        "n_trees": 5,
        "max_depth": 4,
        "real_max_depth": 4,
        "seed": 2,
        "accuracy test": 0.6535714285714286,
        "accuracy train": 0.77,
        "solve_status": "OPTIMAL",
        "mean-error": 0.044285714285714296,
        "random_error": 0.1973785714285715,
        "solve_duration_time": 1.146287202835083
    }
}