{
    "values": {
        "n_trees": 40,
        "max_depth": null,
        "real_max_depth": 11,
        "seed": 0,
        "accuracy test": 0.57,
        "accuracy train": 0.87,
        "solve_status": "FEASIBLE",
        "mean-error": 0.042142857142857156,
        "random_error": 0.2105928571428571,
        "solve_duration_time": 3691.8855035305023
    }
}