{
    "values": {
        "n_trees": 60,
        "max_depth": null,
        "real_max_depth": 12,
        "seed": 4,
        "accuracy test": 0.5378571428571428,
        "accuracy train": 0.78,
        "solve_status": "FEASIBLE",
        "mean-error": 0.038571428571428576,
        "random_error": 0.20382857142857141,
        "solve_duration_time": 3746.6370573043823
    }
}