{
    "values": {
        "n_trees": 30,
        "max_depth": 3,
        "real_max_depth": 3,
        "seed": 2,
        "accuracy test": 0.6685714285714286,
        "accuracy train": 0.7,
        "solve_status": "FEASIBLE",
        "mean-error": 0.09785714285714285,
        "random_error": 0.1973785714285715,
        "solve_duration_time": 3614.027098417282
    }
}