{
    "values": {
        "n_trees": 40,
        "max_depth": 3,
        "real_max_depth": 3,
        "seed": 4,
        "accuracy test": 0.5885714285714285,
        "accuracy train": 0.64,
        "solve_status": "OPTIMAL",
        "mean-error": 0.008571428571428568,
        "random_error": 0.20382857142857141,
        "solve_duration_time": 8.768192529678345
    }
}