{
    "values": {
        "n_trees": 40,
        "max_depth": null,
        "real_max_depth": 11,
        "seed": 2,
        "accuracy test": 0.5971428571428572,
        "accuracy train": 0.83,
        "solve_status": "FEASIBLE",
        "mean-error": 0.03928571428571429,
        "random_error": 0.1973785714285715,
        "solve_duration_time": 3701.955456972122
    }
}