{
    "values": {
        "n_trees": 30,
        "max_depth": 3,
        "real_max_depth": 3,
        "seed": 3,
        "accuracy test": 0.5485714285714286,
        "accuracy train": 0.69,
        "solve_status": "FEASIBLE",
        "mean-error": 0.07785714285714289,
        "random_error": 0.20811428571428564,
        "solve_duration_time": 3613.2821667194366
    }
}