{
    "values": {
        "n_trees": 20,
        "max_depth": 3,
        "real_max_depth": 3,
        "seed": 1,
        "accuracy test": 0.5707142857142857,
        "accuracy train": 0.68,
        "solve_status": "FEASIBLE",
        "mean-error": 0.09214285714285714,
        "random_error": 0.19913571428571422,
        "solve_duration_time": 3611.1408450603485
    }
}