{
    "values": {
        "n_trees": 80,
        "max_depth": 3,
        "real_max_depth": 3,
        "seed": 0,
        "accuracy test": 0.6542857142857142,
        "accuracy train": 0.69,
        "solve_status": "FEASIBLE",
        "mean-error": 0.07857142857142856,
        "random_error": 0.2105928571428571,
        "solve_duration_time": 3640.7136902809143
    }
}