{
    "values": {
        "n_trees": 20,
        "max_depth": 4,
        "real_max_depth": 4,
        "seed": 3,
        "accuracy test": 0.5535714285714286,
        "accuracy train": 0.7,
        "solve_status": "FEASIBLE",
        "mean-error": 0.08999999999999998,
        "random_error": 0.20811428571428564,
        "solve_duration_time": 3616.414673805237
    }
}