{
    "values": {
        "n_trees": 30,
        "max_depth": 4,
        "real_max_depth": 4,
        "seed": 0,
        "accuracy test": 0.6357142857142857,
        "accuracy train": 0.77,
        "solve_status": "OPTIMAL",
        "mean-error": 0.0021428571428571425,
        "random_error": 0.2105928571428571,
        "solve_duration_time": 13.530822277069092
    }
}