{
    "values": {
        "n_trees": 80,
        "max_depth": 3,
        "real_max_depth": 3,
        "seed": 1,
        "accuracy test": 0.6107142857142858,
        "accuracy train": 0.71,
        "solve_status": "FEASIBLE",
        "mean-error": 0.08857142857142858,
        "random_error": 0.19913571428571422,
        "solve_duration_time": 3654.031870365143
    }
}