{
    "values": {
        "n_trees": 10,
        "max_depth": 5,
        "real_max_depth": 5,
        "seed": 2,
        "accuracy test": 0.655,
        "accuracy train": 0.79,
        "solve_status": "FEASIBLE",
        "mean-error": 0.08571428571428572,
        "random_error": 0.1973785714285715,
        "solve_duration_time": 3609.986223459244
    }
}