{
    "values": {
        "n_trees": 1,
        "max_depth": 10,
        "real_max_depth": 9,
        "seed": 3,
        "accuracy test": 0.5642857142857143,
        "accuracy train": 0.76,
        "solve_status": "OPTIMAL",
        "mean-error": 0.1492857142857141,
        "random_error": 0.20811428571428564,
        "solve_duration_time": 0.8185548782348633
    }
}