{
    "values": {
        "n_trees": 70,
        "max_depth": 4,
        "real_max_depth": 4,
        "seed": 3,
        "accuracy test": 0.5921428571428572,
        "accuracy train": 0.74,
        "solve_status": "OPTIMAL",
        "mean-error": 0.0,
        "random_error": 0.20811428571428564,
        "solve_duration_time": 46.02825617790222
    }
}