{
    "values": {
        "n_trees": 30,
        "max_depth": 10,
        "real_max_depth": 10,
        "seed": 1,
        "accuracy test": 0.5971428571428572,
        "accuracy train": 0.76,
        "solve_status": "FEASIBLE",
        "mean-error": 0.037142857142857144,
        "random_error": 0.19913571428571422,
        "solve_duration_time": 3675.1476209163666
    }
}