{
    "values": {
        "n_trees": 1,
        "max_depth": 10,
        "real_max_depth": 9,
        "seed": 1,
        "accuracy test": 0.6057142857142858,
        "accuracy train": 0.72,
        "solve_status": "FEASIBLE",
        "mean-error": 0.17428571428571424,
        "random_error": 0.19913571428571422,
        "solve_duration_time": 3602.0418407917023
    }
}