{
    "values": {
        "n_trees": 90,
        "max_depth": 4,
        "real_max_depth": 4,
        "seed": 4,
        "accuracy test": 0.59,
        "accuracy train": 0.65,
        "solve_status": "FEASIBLE",
        "mean-error": 0.08000000000000002,
        "random_error": 0.20382857142857141,
        "solve_duration_time": 3658.1541452407837
    }
}