{
    "values": {
        "n_trees": 1,
        "max_depth": 5,
        "real_max_depth": 5,
        "seed": 2,
        "accuracy test": 0.6614285714285715,
        "accuracy train": 0.65,
        "solve_status": "FEASIBLE",
        "mean-error": 0.2571428571428573,
        "random_error": 0.1973785714285715,
        "solve_duration_time": 3601.1072795391083
    }
}