{
    "values": {
        "n_trees": 1,
        "max_depth": null,
        "real_max_depth": 7,
        "seed": 0,
        "accuracy test": 0.575,
        "accuracy train": 0.74,
        "solve_status": "FEASIBLE",
        "mean-error": 0.20857142857142857,
        "random_error": 0.2105928571428571,
        "solve_duration_time": 3601.6467328071594
    }
}