{
    "values": {
        "n_trees": 70,
        "max_depth": 4,
        "real_max_depth": 4,
        "seed": 4,
        "accuracy test": 0.5942857142857143,
        "accuracy train": 0.69,
        "solve_status": "FEASIBLE",
        "mean-error": 0.06785714285714288,
        "random_error": 0.20382857142857141,
        "solve_duration_time": 3663.0557045936584
    }
}