{
    "values": {
        "n_trees": 50,
        "max_depth": 2,
        "real_max_depth": 2,
        "seed": 1,
        "accuracy test": 0.5914285714285714,
        "accuracy train": 0.7,
        "solve_status": "OPTIMAL",
        "mean-error": 0.035714285714285726,
        "random_error": 0.19913571428571422,
        "solve_duration_time": 3.3112740516662598
    }
}