{
    "values": {
        "n_trees": 80,
        "max_depth": 2,
        "real_max_depth": 2,
        "seed": 2,
        "accuracy test": 0.6685714285714286,
        "accuracy train": 0.7,
        "solve_status": "FEASIBLE",
        "mean-error": 0.07642857142857143,
        "random_error": 0.1973785714285715,
        "solve_duration_time": 3626.1608097553253
    }
}