{
    "values": {
        "n_trees": 10,
        "max_depth": 5,
        "real_max_depth": 5,
        "seed": 4,
        "accuracy test": 0.555,
        "accuracy train": 0.74,
        "solve_status": "OPTIMAL",
        "mean-error": 0.007142857142857142,
        "random_error": 0.20382857142857141,
        "solve_duration_time": 4.355158805847168
    }
}