{
    "values": {
        "n_trees": 1,
        "max_depth": 5,
        "real_max_depth": 5,
        "seed": 3,
        "accuracy test": 0.5685714285714286,
        "accuracy train": 0.71,
        "solve_status": "OPTIMAL",
        "mean-error": 0.20642857142857143,
        "random_error": 0.20811428571428564,
        "solve_duration_time": 0.643160343170166
    }
}