{
    "values": {
        "n_trees": 80,
        "max_depth": 4,
        "real_max_depth": 4,
        "seed": 3,
        "accuracy test": 0.6171428571428571,
        "accuracy train": 0.73,
        "solve_status": "FEASIBLE",
        "mean-error": 0.09000000000000002,
        "random_error": 0.20811428571428564,
        "solve_duration_time": 3680.110449075699
    }
}