{
    "values": {
        "n_trees": 1,
        "max_depth": null,
        "real_max_depth": 11,
        "seed": 1,
        "accuracy test": 0.595,
        "accuracy train": 0.76,
        "solve_status": "OPTIMAL",
        "mean-error": 0.10071428571428577,
        "random_error": 0.19913571428571422,
        "solve_duration_time": 1.1208291053771973
    }
}