{
    "values": {
        "n_trees": 100,
        "max_depth": 2,
        "real_max_depth": 2,
        "seed": 1,
        "accuracy test": 0.6092857142857143,
        "accuracy train": 0.7,
        "solve_status": "FEASIBLE",
        "mean-error": 0.10714285714285708,
        "random_error": 0.19913571428571422,
        "solve_duration_time": 3643.543679714203
    }
}