{
    "values": {
        "n_trees": 1,
        "max_depth": null,
        "real_max_depth": 9,
        "seed": 2,
        "accuracy test": 0.6264285714285714,
        "accuracy train": 0.73,
        "solve_status": "FEASIBLE",
        "mean-error": 0.18714285714285708,
        "random_error": 0.1973785714285715,
        "solve_duration_time": 3601.8146884441376
    }
}