{
    "values": {
        "n_trees": 20,
        "max_depth": 3,
        "real_max_depth": 3,
        "seed": 1,
        "accuracy test": 0.64,
        "accuracy train": 0.71,
        "solve_status": "OPTIMAL",
        "mean-error": 0.043571428571428594,
        "random_error": 0.19913571428571422,
        "solve_duration_time": 3.8459603786468506
    }
}