{
    "values": {
        "n_trees": 80,
        "max_depth": 4,
        "real_max_depth": 4,
        "seed": 0,
        "accuracy test": 0.6478571428571429,
        "accuracy train": 0.75,
        "solve_status": "FEASIBLE",
        "mean-error": 0.057857142857142864,
        "random_error": 0.2105928571428571,
        "solve_duration_time": 3676.720937013626
    }
}