{
    "values": {
        "n_trees": 10,
        "max_depth": 3,
        "real_max_depth": 3,
        "seed": 2,
        "accuracy test": 0.6621428571428571,
        "accuracy train": 0.73,
        "solve_status": "OPTIMAL",
        "mean-error": 0.06714285714285714,
        "random_error": 0.1973785714285715,
        "solve_duration_time": 3.8627305030822754
    }
}