{
    "values": {
        "n_trees": 60,
        "max_depth": 4,
        "real_max_depth": 4,
        "seed": 4,
        "accuracy test": 0.5964285714285714,
        "accuracy train": 0.68,
        "solve_status": "FEASIBLE",
        "mean-error": 0.06142857142857145,
        "random_error": 0.20382857142857141,
        "solve_duration_time": 3653.206528186798
    }
}