{
    "values": {
        "n_trees": 5,
        "max_depth": 5,
        "real_max_depth": 5,
        "seed": 4,
        "accuracy test": 0.5307142857142857,
        "accuracy train": 0.7,
        "solve_status": "FEASIBLE",
        "mean-error": 0.06714285714285716,
        "random_error": 0.20382857142857141,
        "solve_duration_time": 3607.077511548996
    }
}