{
    "values": {
        "n_trees": 70,
        "max_depth": 10,
        "real_max_depth": 10,
        "seed": 2,
        "accuracy test": 0.6028571428571429,
        "accuracy train": 0.83,
        "solve_status": "FEASIBLE",
        "mean-error": 0.041428571428571426,
        "random_error": 0.1973785714285715,
        "solve_duration_time": 7373.8092358112335
    }
}