{
    "values": {
        "n_trees": 50,
        "max_depth": 3,
        "real_max_depth": 3,
        "seed": 1,
        "accuracy test": 0.6178571428571429,
        "accuracy train": 0.75,
        "solve_status": "OPTIMAL",
        "mean-error": 0.007142857142857141,
        "random_error": 0.19913571428571422,
        "solve_duration_time": 11.732181072235107
    }
}