{
    "values": {
        "n_trees": 10,
        "max_depth": 4,
        "real_max_depth": 4,
        "seed": 4,
        "accuracy test": 0.5842857142857143,
        "accuracy train": 0.69,
        "solve_status": "OPTIMAL",
        "mean-error": 0.02785714285714286,
        "random_error": 0.20382857142857141,
        "solve_duration_time": 2.4037396907806396
    }
}