{
    "values": {
        "n_trees": 10,
        "max_depth": 2,
        "real_max_depth": 2,
        "seed": 0,
        "accuracy test": 0.6735714285714286,
        "accuracy train": 0.68,
        "solve_status": "OPTIMAL",
        "mean-error": 0.07428571428571432,
        "random_error": 0.2105928571428571,
        "solve_duration_time": 1.1918306350708008
    }
}