{
    "values": {
        "n_trees": 40,
        "max_depth": 5,
        "real_max_depth": 5,
        "seed": 3,
        "accuracy test": 0.5814285714285714,
        "accuracy train": 0.75,
        "solve_status": "OPTIMAL",
        "mean-error": 0.0,
        "random_error": 0.20811428571428564,
        "solve_duration_time": 36.24196124076843
    }
}