{
    "values": {
        "n_trees": 1,
        "max_depth": 2,
        "real_max_depth": 2,
        "seed": 0,
        "accuracy test": 0.55,
        "accuracy train": 0.58,
        "solve_status": "FEASIBLE",
        "mean-error": 0.3142857142857143,
        "random_error": 0.2105928571428571,
        "solve_duration_time": 3600.518478870392
    }
}