{
    "values": {
        "n_trees": 30,
        "max_depth": 5,
        "real_max_depth": 5,
        "seed": 0,
        "accuracy test": 0.6171428571428571,
        "accuracy train": 0.79,
        "solve_status": "FEASIBLE",
        "mean-error": 0.0542857142857143,
        "random_error": 0.2105928571428571,
        "solve_duration_time": 3640.127194881439
    }
}