{
    "values": {
        "n_trees": 30,
        "max_depth": 2,
        "real_max_depth": 2,
        "seed": 2,
        "accuracy test": 0.6692857142857143,
        "accuracy train": 0.7,
        "solve_status": "FEASIBLE",
        "mean-error": 0.0971428571428571,
        "random_error": 0.1973785714285715,
        "solve_duration_time": 3610.4906644821167
    }
}