{
    "values": {
        "n_trees": 70,
        "max_depth": 2,
        "real_max_depth": 2,
        "seed": 3,
        "accuracy test": 0.5564285714285714,
        "accuracy train": 0.66,
        "solve_status": "OPTIMAL",
        "mean-error": 0.03642857142857145,
        "random_error": 0.20811428571428564,
        "solve_duration_time": 7.9224700927734375
    }
}