{
    "values": {
        "n_trees": 10,
        "max_depth": 3,
        "real_max_depth": 3,
        "seed": 0,
        "accuracy test": 0.6585714285714286,
        "accuracy train": 0.71,
        "solve_status": "OPTIMAL",
        "mean-error": 0.03714285714285716,
        "random_error": 0.2105928571428571,
        "solve_duration_time": 1.8675799369812012
    }
}