{
    "values": {
        "n_trees": 30,
        "max_depth": 4,
        "real_max_depth": 4,
        "seed": 0,
        "accuracy test": 0.6442857142857142,
        "accuracy train": 0.74,
        "solve_status": "FEASIBLE",
        "mean-error": 0.07214285714285715,
        "random_error": 0.2105928571428571,
        "solve_duration_time": 3620.405996322632
    }
}