{
    "values": {
        "n_trees": 80,
        "max_depth": 5,
        "real_max_depth": 5,
        "seed": 3,
        "accuracy test": 0.5957142857142858,
        "accuracy train": 0.74,
        "solve_status": "FEASIBLE",
        "mean-error": 0.06285714285714288,
        "random_error": 0.20811428571428564,
        "solve_duration_time": 3675.4832694530487
    }
}