{
    "values": {
        "n_trees": 5,
        "max_depth": 4,
        "real_max_depth": 4,
        "seed": 1,
        "accuracy test": 0.5542857142857143,
        "accuracy train": 0.66,
        "solve_status": "FEASIBLE",
        "mean-error": 0.11714285714285708,
        "random_error": 0.19913571428571422,
        "solve_duration_time": 3603.681957244873
    }
}