{
    "values": {
        "n_trees": 70,
        "max_depth": 10,
        "real_max_depth": 10,
        "seed": 0,
        "accuracy test": 0.5778571428571428,
        "accuracy train": 0.87,
        "solve_status": "FEASIBLE",
        "mean-error": 0.03357142857142858,
        "random_error": 0.2105928571428571,
        "solve_duration_time": 3747.121334552765
    }
}