{
    "values": {
        "n_trees": 70,
        "max_depth": 4,
        "real_max_depth": 4,
        "seed": 3,
        "accuracy test": 0.6092857142857143,
        "accuracy train": 0.73,
        "solve_status": "FEASIBLE",
        "mean-error": 0.08714285714285713,
        "random_error": 0.20811428571428564,
        "solve_duration_time": 3668.587755918503
    }
}