{
    "values": {
        "n_trees": 1,
        "max_depth": 4,
        "real_max_depth": 4,
        "seed": 4,
        "accuracy test": 0.5457142857142857,
        "accuracy train": 0.59,
        "solve_status": "FEASIBLE",
        "mean-error": 0.2228571428571429,
        "random_error": 0.20382857142857141,
        "solve_duration_time": 3601.0212507247925
    }
}