{
    "values": {
        "n_trees": 90,
        "max_depth": 10,
        "real_max_depth": 10,
        "seed": 3,
        "accuracy test": 0.5707142857142857,
        "accuracy train": 0.76,
        "solve_status": "FEASIBLE",
        "mean-error": 0.04571428571428572,
        "random_error": 0.20811428571428564,
        "solve_duration_time": 3813.104548931122
    }
}