{
    "values": {
        "n_trees": 40,
        "max_depth": 10,
        "real_max_depth": 10,
        "seed": 0,
        "accuracy test": 0.57,
        "accuracy train": 0.87,
        "solve_status": "FEASIBLE",
        "mean-error": 0.03857142857142857,
        "random_error": 0.2105928571428571,
        "solve_duration_time": 3691.548576593399
    }
}