{
    "values": {
        "n_trees": 1,
        "max_depth": 5,
        "real_max_depth": 5,
        "seed": 0,
        "accuracy test": 0.5864285714285714,
        "accuracy train": 0.72,
        "solve_status": "FEASIBLE",
        "mean-error": 0.27928571428571425,
        "random_error": 0.2105928571428571,
        "solve_duration_time": 3601.3760170936584
    }
}