{
    "values": {
        "n_trees": 60,
        "max_depth": null,
        "real_max_depth": 11,
        "seed": 2,
        "accuracy test": 0.6014285714285714,
        "accuracy train": 0.83,
        "solve_status": "FEASIBLE",
        "mean-error": 0.04642857142857142,
        "random_error": 0.1973785714285715,
        "solve_duration_time": 3746.3987209796906
    }
}