{
    "values": {
        "n_trees": 90,
        "max_depth": null,
        "real_max_depth": 11,
        "seed": 0,
        "accuracy test": 0.5728571428571428,
        "accuracy train": 0.87,
        "solve_status": "FEASIBLE",
        "mean-error": 0.047142857142857146,
        "random_error": 0.2105928571428571,
        "solve_duration_time": 3774.5780107975006
    }
}