{
    "values": {
        "n_trees": 70,
        "max_depth": 2,
        "real_max_depth": 2,
        "seed": 1,
        "accuracy test": 0.6157142857142858,
        "accuracy train": 0.73,
        "solve_status": "OPTIMAL",
        "mean-error": 0.038571428571428576,
        "random_error": 0.19913571428571422,
        "solve_duration_time": 6.823507308959961
    }
}