{
    "values": {
        "n_trees": 90,
        "max_depth": 3,
        "real_max_depth": 3,
        "seed": 1,
        "accuracy test": 0.6171428571428571,
        "accuracy train": 0.71,
        "solve_status": "FEASIBLE",
        "mean-error": 0.0914285714285714,
        "random_error": 0.19913571428571422,
        "solve_duration_time": 3657.0843257904053
    }
}