{
    "values": {
        "n_trees": 10,
        "max_depth": 10,
        "real_max_depth": 10,
        "seed": 0,
        "accuracy test": 0.5592857142857143,
        "accuracy train": 0.87,
        "solve_status": "OPTIMAL",
        "mean-error": 0.006428571428571427,
        "random_error": 0.2105928571428571,
        "solve_duration_time": 5.394654989242554
    }
}