{
    "values": {
        "n_trees": 5,
        "max_depth": 3,
        "real_max_depth": 3,
        "seed": 0,
        "accuracy test": 0.58,
        "accuracy train": 0.73,
        "solve_status": "FEASIBLE",
        "mean-error": 0.12857142857142842,
        "random_error": 0.2105928571428571,
        "solve_duration_time": 3602.589375972748
    }
}