{
    "values": {
        "n_trees": 80,
        "max_depth": null,
        "real_max_depth": 12,
        "seed": 4,
        "accuracy test": 0.5407142857142857,
        "accuracy train": 0.78,
        "solve_status": "FEASIBLE",
        "mean-error": 0.04142857142857143,
        "random_error": 0.20382857142857141,
        "solve_duration_time": 3785.9256308078766
    }
}