{
    "values": {
        "n_trees": 50,
        "max_depth": 3,
        "real_max_depth": 3,
        "seed": 3,
        "accuracy test": 0.6057142857142858,
        "accuracy train": 0.67,
        "solve_status": "FEASIBLE",
        "mean-error": 0.0914285714285714,
        "random_error": 0.20811428571428564,
        "solve_duration_time": 3622.4861693382263
    }
}