{
    "values": {
        "n_trees": 70,
        "max_depth": 3,
        "real_max_depth": 3,
        "seed": 1,
        "accuracy test": 0.6192857142857143,
        "accuracy train": 0.75,
        "solve_status": "OPTIMAL",
        "mean-error": 0.0057142857142857125,
        "random_error": 0.19913571428571422,
        "solve_duration_time": 28.78302550315857
    }
}