{
    "values": {
        "n_trees": 30,
        "max_depth": 10,
        "real_max_depth": 10,
        "seed": 4,
        "accuracy test": 0.5392857142857143,
        "accuracy train": 0.78,
        "solve_status": "FEASIBLE",
        "mean-error": 0.042857142857142864,
        "random_error": 0.20382857142857141,
        "solve_duration_time": 3669.699693441391
    }
}