{
    "values": {
        "n_trees": 30,
        "max_depth": 4,
        "real_max_depth": 4,
        "seed": 4,
        "accuracy test": 0.7807142857142857,
        "accuracy train": 0.86,
        "solve_status": "OPTIMAL",
        "mean-error": 0.07047619047619041,
        "random_error": 0.2685095238095234,
        "solve_duration_time": 3039.5971994400024
    }
}