{
    "values": {
        "n_trees": 5,
        "max_depth": null,
        "real_max_depth": 13,
        "seed": 4,
        "accuracy test": 0.7185714285714285,
        "accuracy train": 0.98,
        "solve_status": "OPTIMAL",
        "mean-error": 0.09809523809523805,
        "random_error": 0.2685095238095234,
        "solve_duration_time": 5.512091398239136
    }
}