{
    "values": {
        "n_trees": 10,
        "max_depth": 5,
        "real_max_depth": 5,
        "seed": 3,
        "accuracy test": 0.7757142857142857,
        "accuracy train": 0.89,
        "solve_status": "OPTIMAL",
        "mean-error": 0.09142857142857133,
        "random_error": 0.2677476190476187,
        "solve_duration_time": 17.275917053222656
    }
}