{
    "values": {
        "n_trees": 20,
        "max_depth": 10,
        "real_max_depth": 10,
        "seed": 3,
        "accuracy test": 0.7207142857142858,
        "accuracy train": 1.0,
        "solve_status": "OPTIMAL",
        "mean-error": 0.0014285714285714286,
        "random_error": 0.2677476190476187,
        "solve_duration_time": 34.53193497657776
    }
}