{
    "values": {
        "n_trees": 70,
        "max_depth": 5,
        "real_max_depth": 5,
        "seed": 2,
        "accuracy test": 0.7892857142857143,
        "accuracy train": 0.89,
        "solve_status": "FEASIBLE",
        "mean-error": 0.14190476190476173,
        "random_error": 0.2675190476190473,
        "solve_duration_time": 7283.231567144394
    }
}