{
    "values": {
        "n_trees": 100,
        "max_depth": 3,
        "real_max_depth": 3,
        "seed": 3,
        "accuracy test": 0.8,
        "accuracy train": 0.8,
        "solve_status": "OPTIMAL",
        "mean-error": 0.04619047619047618,
        "random_error": 0.2677476190476187,
        "solve_duration_time": 103.70097064971924
    }
}