{
    "values": {
        "n_trees": 40,
        "max_depth": 3,
        "real_max_depth": 3,
        "seed": 2,
        "accuracy test": 0.7857142857142857,
        "accuracy train": 0.86,
        "solve_status": "FEASIBLE",
        "mean-error": 0.17190476190476167,
        "random_error": 0.2675190476190473,
        "solve_duration_time": 7220.9875156879425
    }
}