{
    "values": {
        "n_trees": 50,
        "max_depth": 10,
        "real_max_depth": 10,
        "seed": 4,
        "accuracy test": 0.7328571428571429,
        "accuracy train": 0.98,
        "solve_status": "OPTIMAL",
        "mean-error": 0.0009523809523809524,
        "random_error": 0.2685095238095234,
        "solve_duration_time": 64.20086932182312
    }
}