{
    "values": {
        "n_trees": 20,
        "max_depth": 4,
        "real_max_depth": 4,
        "seed": 3,
        "accuracy test": 0.8028571428571428,
        "accuracy train": 0.84,
        "solve_status": "FEASIBLE",
        "mean-error": 0.18999999999999984,
        "random_error": 0.2677476190476187,
        "solve_duration_time": 7224.4182460308075
    }
}