{
    "values": {
        "n_trees": 40,
        "max_depth": 5,
        "real_max_depth": 5,
        "seed": 1,
        "accuracy test": 0.7757142857142857,
        "accuracy train": 0.79,
        "solve_status": "OPTIMAL",
        "mean-error": 0.002857142857142857,
        "random_error": 0.27283333333333293,
        "solve_duration_time": 710.468284368515
    }
}