{
    "values": {
        "n_trees": 60,
        "max_depth": 2,
        "real_max_depth": 2,
        "seed": 1,
        "accuracy test": 0.7764285714285715,
        "accuracy train": 0.73,
        "solve_status": "OPTIMAL",
        "mean-error": 0.1304761904761903,
        "random_error": 0.27283333333333293,
        "solve_duration_time": 7.384931564331055
    }
}