{
    "values": {
        "n_trees": 1,
        "max_depth": 4,
        "real_max_depth": 4,
        "seed": 1,
        "accuracy test": 0.7735714285714286,
        "accuracy train": 0.74,
        "solve_status": "OPTIMAL",
        "mean-error": 0.29523809523809486,
        "random_error": 0.27283333333333293,
        "solve_duration_time": 0.34600234031677246
    }
}