{
    "values": {
        "n_trees": 70,
        "max_depth": 10,
        "real_max_depth": 10,
        "seed": 4,
        "accuracy test": 0.7314285714285714,
        "accuracy train": 0.98,
        "solve_status": "OPTIMAL",
        "mean-error": 0.0009523809523809524,
        "random_error": 0.2685095238095234,
        "solve_duration_time": 90.89911961555481
    }
}