{
    "values": {
        "n_trees": 20,
        "max_depth": 2,
        "real_max_depth": 2,
        "seed": 4,
        "accuracy test": 0.7914285714285715,
        "accuracy train": 0.85,
        "solve_status": "FEASIBLE",
        "mean-error": 0.26714285714285674,
        "random_error": 0.2685095238095234,
        "solve_duration_time": 7210.2637276649475
    }
}