{
    "values": {
        "n_trees": 10,
        "max_depth": null,
        "real_max_depth": 13,
        "seed": 2,
        "accuracy test": 0.7585714285714286,
        "accuracy train": 0.98,
        "solve_status": "OPTIMAL",
        "mean-error": 0.030952380952380953,
        "random_error": 0.2675190476190473,
        "solve_duration_time": 116.58578968048096
    }
}