{
    "values": {
        "n_trees": 1,
        "max_depth": 3,
        "real_max_depth": 3,
        "seed": 2,
        "accuracy test": 0.79,
        "accuracy train": 0.82,
        "solve_status": "OPTIMAL",
        "mean-error": 0.2761904761904759,
        "random_error": 0.2675190476190473,
        "solve_duration_time": 0.19077754020690918
    }
}