{
    "values": {
        "n_trees": 5,
        "max_depth": 3,
        "real_max_depth": 3,
        "seed": 0,
        "accuracy test": 0.7985714285714286,
        "accuracy train": 0.83,
        "solve_status": "OPTIMAL",
        "mean-error": 0.28333333333333294,
        "random_error": 0.2643523809523805,
        "solve_duration_time": 1.0633089542388916
    }
}