{
    "values": {
        "n_trees": 100,
        "max_depth": 3,
        "real_max_depth": 3,
        "seed": 1,
        "accuracy test": 0.7692857142857142,
        "accuracy train": 0.75,
        "solve_status": "OPTIMAL",
        "mean-error": 0.04285714285714284,
        "random_error": 0.27283333333333293,
        "solve_duration_time": 331.9858820438385
    }
}