{
    "values": {
        "n_trees": 70,
        "max_depth": 3,
        "real_max_depth": 3,
        "seed": 3,
        "accuracy test": 0.805,
        "accuracy train": 0.8,
        "solve_status": "FEASIBLE",
        "mean-error": 0.1804761904761903,
        "random_error": 0.2677476190476187,
        "solve_duration_time": 7254.805507659912
    }
}