{
    "values": {
        "n_trees": 100,
        "max_depth": 2,
        "real_max_depth": 2,
        "seed": 0,
        "accuracy test": 0.8035714285714286,
        "accuracy train": 0.81,
        "solve_status": "FEASIBLE",
        "mean-error": 0.18714285714285686,
        "random_error": 0.2643523809523805,
        "solve_duration_time": 7236.054616928101
    }
}