{
    "values": {
        "n_trees": 100,
        "max_depth": 2,
        "real_max_depth": 2,
        "seed": 1,
        "accuracy test": 0.7785714285714286,
        "accuracy train": 0.73,
        "solve_status": "FEASIBLE",
        "mean-error": 0.1942857142857141,
        "random_error": 0.27283333333333293,
        "solve_duration_time": 7237.4289038181305
    }
}