{
    "values": {
        "n_trees": 30,
        "max_depth": null,
        "real_max_depth": 14,
        "seed": 0,
        "accuracy test": 0.7535714285714286,
        "accuracy train": 0.98,
        "solve_status": "OPTIMAL",
        "mean-error": 0.0023809523809523807,
        "random_error": 0.2643523809523805,
        "solve_duration_time": 41.492189168930054
    }
}