{
    "values": {
        "n_trees": 90,
        "max_depth": 3,
        "real_max_depth": 3,
        "seed": 1,
        "accuracy test": 0.7664285714285715,
        "accuracy train": 0.75,
        "solve_status": "OPTIMAL",
        "mean-error": 0.04571428571428569,
        "random_error": 0.27283333333333293,
        "solve_duration_time": 2619.87548494339
    }
}