{
    "values": {
        "n_trees": 50,
        "max_depth": 5,
        "real_max_depth": 5,
        "seed": 3,
        "accuracy test": 0.7985714285714286,
        "accuracy train": 0.82,
        "solve_status": "FEASIBLE",
        "mean-error": 0.13666666666666658,
        "random_error": 0.2677476190476187,
        "solve_duration_time": 7261.695346593857
    }
}