{
    "values": {
        "n_trees": 70,
        "max_depth": 3,
        "real_max_depth": 3,
        "seed": 4,
        "accuracy test": 0.7828571428571428,
        "accuracy train": 0.86,
        "solve_status": "FEASIBLE",
        "mean-error": 0.16714285714285698,
        "random_error": 0.2685095238095234,
        "solve_duration_time": 7253.981502056122
    }
}