{
    "values": {
        "n_trees": 5,
        "max_depth": 2,
        "real_max_depth": 2,
        "seed": 0,
        "accuracy test": 0.7828571428571428,
        "accuracy train": 0.83,
        "solve_status": "FEASIBLE",
        "mean-error": 0.30999999999999966,
        "random_error": 0.2643523809523805,
        "solve_duration_time": 7202.869587898254
    }
}