{
    "values": {
        "n_trees": 20,
        "max_depth": 5,
        "real_max_depth": 5,
        "seed": 4,
        "accuracy test": 0.7707142857142857,
        "accuracy train": 0.91,
        "solve_status": "OPTIMAL",
        "mean-error": 0.06047619047619044,
        "random_error": 0.2685095238095234,
        "solve_duration_time": 4738.9620950222015
    }
}