{
    "values": {
        "n_trees": 5,
        "max_depth": 4,
        "real_max_depth": 4,
        "seed": 0,
        "accuracy test": 0.79,
        "accuracy train": 0.88,
        "solve_status": "OPTIMAL",
        "mean-error": 0.20619047619047592,
        "random_error": 0.2643523809523805,
        "solve_duration_time": 1.6759088039398193
    }
}