{
    "values": {
        "n_trees": 50,
        "max_depth": 5,
        "real_max_depth": 5,
        "seed": 1,
        "accuracy test": 0.7635714285714286,
        "accuracy train": 0.8,
        "solve_status": "FEASIBLE",
        "mean-error": 0.12809523809523796,
        "random_error": 0.27283333333333293,
        "solve_duration_time": 7275.671870470047
    }
}