{
    "values": {
        "n_trees": 10,
        "max_depth": null,
        "real_max_depth": 13,
        "seed": 2,
        "accuracy test": 0.76,
        "accuracy train": 0.95,
        "solve_status": "FEASIBLE",
        "mean-error": 0.15142857142857133,
        "random_error": 0.2675190476190473,
        "solve_duration_time": 7227.633139848709
    }
}