{
    "values": {
        "n_trees": 30,
        "max_depth": 4,
        "real_max_depth": 4,
        "seed": 0,
        "accuracy test": 0.8071428571428572,
        "accuracy train": 0.88,
        "solve_status": "UNKNOWN",
        "mean-error": 0.2643523809523805,
        "random_error": 0.2643523809523805,
        "solve_duration_time": 18006.459334135056
    }
}