{
    "values": {
        "n_trees": 80,
        "max_depth": null,
        "real_max_depth": 14,
        "seed": 1,
        "accuracy test": 0.7007142857142857,
        "accuracy train": 0.92,
        "solve_status": "OPTIMAL",
        "mean-error": 0.0,
        "random_error": 0.27283333333333293,
        "solve_duration_time": 113.80716848373413
    }
}