{
    "values": {
        "n_trees": 50,
        "max_depth": null,
        "real_max_depth": 14,
        "seed": 4,
        "accuracy test": 0.7335714285714285,
        "accuracy train": 0.98,
        "solve_status": "OPTIMAL",
        "mean-error": 0.0014285714285714286,
        "random_error": 0.2685095238095234,
        "solve_duration_time": 50.01818013191223
    }
}