{
    "values": {
        "n_trees": 70,
        "max_depth": null,
        "real_max_depth": 14,
        "seed": 3,
        "accuracy test": 0.7564285714285715,
        "accuracy train": 1.0,
        "solve_status": "UNKNOWN",
        "mean-error": 0.2677476190476187,
        "random_error": 0.2677476190476187,
        "solve_duration_time": 18210.26869869232
    }
}