{
    "values": {
        "n_trees": 30,
        "max_depth": 5,
        "real_max_depth": 5,
        "seed": 2,
        "accuracy test": 0.7835714285714286,
        "accuracy train": 0.88,
        "solve_status": "FEASIBLE",
        "mean-error": 0.14142857142857132,
        "random_error": 0.2675190476190473,
        "solve_duration_time": 7244.035381555557
    }
}