{
    "values": {
        "n_trees": 5,
        "max_depth": 4,
        "real_max_depth": 4,
        "seed": 0,
        "accuracy test": 0.7814285714285715,
        "accuracy train": 0.87,
        "solve_status": "FEASIBLE",
        "mean-error": 0.23476190476190445,
        "random_error": 0.2643523809523805,
        "solve_duration_time": 7204.20343708992
    }
}