{
    "values": {
        "n_trees": 40,
        "max_depth": 4,
        "real_max_depth": 4,
        "seed": 3,
        "accuracy test": 0.8035714285714286,
        "accuracy train": 0.83,
        "solve_status": "FEASIBLE",
        "mean-error": 0.16380952380952363,
        "random_error": 0.2677476190476187,
        "solve_duration_time": 7234.1049427986145
    }
}