{
    "values": {
        "n_trees": 40,
        "max_depth": 2,
        "real_max_depth": 2,
        "seed": 1,
        "accuracy test": 0.7742857142857142,
        "accuracy train": 0.73,
        "solve_status": "OPTIMAL",
        "mean-error": 0.13666666666666652,
        "random_error": 0.27283333333333293,
        "solve_duration_time": 4.5790300369262695
    }
}