{
    "values": {
        "n_trees": 90,
        "max_depth": 5,
        "real_max_depth": 5,
        "seed": 4,
        "accuracy test": 0.7742857142857142,
        "accuracy train": 0.9,
        "solve_status": "OPTIMAL",
        "mean-error": 0.002857142857142857,
        "random_error": 0.2685095238095234,
        "solve_duration_time": 3344.372703552246
    }
}