{
    "values": {
        "n_trees": 1,
        "max_depth": 5,
        "real_max_depth": 5,
        "seed": 2,
        "accuracy test": 0.7757142857142857,
        "accuracy train": 0.89,
        "solve_status": "OPTIMAL",
        "mean-error": 0.21238095238095211,
        "random_error": 0.2675190476190473,
        "solve_duration_time": 0.29899096488952637
    }
}