{
    "values": {
        "n_trees": 50,
        "max_depth": null,
        "real_max_depth": 12,
        "seed": 4,
        "accuracy test": 0.7528571428571429,
        "accuracy train": 0.98,
        "solve_status": "FEASIBLE",
        "mean-error": 0.1047619047619047,
        "random_error": 0.2685095238095234,
        "solve_duration_time": 7320.318648099899
    }
}