{
    "values": {
        "n_trees": 20,
        "max_depth": 4,
        "real_max_depth": 4,
        "seed": 2,
        "accuracy test": 0.7785714285714286,
        "accuracy train": 0.87,
        "solve_status": "FEASIBLE",
        "mean-error": 0.18428571428571408,
        "random_error": 0.2675190476190473,
        "solve_duration_time": 7220.873420953751
    }
}