{
    "values": {
        "n_trees": 30,
        "max_depth": 10,
        "real_max_depth": 10,
        "seed": 4,
        "accuracy test": 0.7407142857142858,
        "accuracy train": 0.98,
        "solve_status": "FEASIBLE",
        "mean-error": 0.12952380952380943,
        "random_error": 0.2685095238095234,
        "solve_duration_time": 7246.18975019455
    }
}