{
    "values": {
        "n_trees": 90,
        "max_depth": 3,
        "real_max_depth": 3,
        "seed": 2,
        "accuracy test": 0.7885714285714286,
        "accuracy train": 0.86,
        "solve_status": "UNKNOWN",
        "mean-error": 0.2675190476190473,
        "random_error": 0.2675190476190473,
        "solve_duration_time": 18010.339946508408
    }
}