{
    "values": {
        "n_trees": 50,
        "max_depth": 4,
        "real_max_depth": 4,
        "seed": 2,
        "accuracy test": 0.7921428571428571,
        "accuracy train": 0.89,
        "solve_status": "OPTIMAL",
        "mean-error": 0.044285714285714255,
        "random_error": 0.2675190476190473,
        "solve_duration_time": 6129.906555175781
    }
}