{
    "values": {
        "n_trees": 80,
        "max_depth": 5,
        "real_max_depth": 5,
        "seed": 4,
        "accuracy test": 0.7821428571428571,
        "accuracy train": 0.87,
        "solve_status": "FEASIBLE",
        "mean-error": 0.13666666666666652,
        "random_error": 0.2685095238095234,
        "solve_duration_time": 7307.190425634384
    }
}