{
    "values": {
        "n_trees": 70,
        "max_depth": 4,
        "real_max_depth": 4,
        "seed": 3,
        "accuracy test": 0.8,
        "accuracy train": 0.81,
        "solve_status": "FEASIBLE",
        "mean-error": 0.16285714285714267,
        "random_error": 0.2677476190476187,
        "solve_duration_time": 7262.797081232071
    }
}