{
    "values": {
        "n_trees": 30,
        "max_depth": null,
        "real_max_depth": 13,
        "seed": 0,
        "accuracy test": 0.7642857142857142,
        "accuracy train": 0.98,
        "solve_status": "FEASIBLE",
        "mean-error": 0.12047619047619039,
        "random_error": 0.2643523809523805,
        "solve_duration_time": 7271.479774713516
    }
}