{
    "values": {
        "n_trees": 1,
        "max_depth": 10,
        "real_max_depth": 10,
        "seed": 0,
        "accuracy test": 0.6421428571428571,
        "accuracy train": 0.92,
        "solve_status": "FEASIBLE",
        "mean-error": 0.3104761904761901,
        "random_error": 0.2643523809523805,
        "solve_duration_time": 7202.199926376343
    }
}