{
    "values": {
        "n_trees": 80,
        "max_depth": 2,
        "real_max_depth": 2,
        "seed": 2,
        "accuracy test": 0.7878571428571428,
        "accuracy train": 0.83,
        "solve_status": "FEASIBLE",
        "mean-error": 0.18333333333333307,
        "random_error": 0.2675190476190473,
        "solve_duration_time": 7241.720018386841
    }
}