{
    "values": {
        "n_trees": 40,
        "max_depth": 10,
        "real_max_depth": 10,
        "seed": 3,
        "accuracy test": 0.7292857142857143,
        "accuracy train": 1.0,
        "solve_status": "OPTIMAL",
        "mean-error": 0.0,
        "random_error": 0.2677476190476187,
        "solve_duration_time": 59.35061526298523
    }
}