{
    "values": {
        "n_trees": 90,
        "max_depth": 2,
        "real_max_depth": 2,
        "seed": 0,
        "accuracy test": 0.8064285714285714,
        "accuracy train": 0.81,
        "solve_status": "FEASIBLE",
        "mean-error": 0.19428571428571412,
        "random_error": 0.2643523809523805,
        "solve_duration_time": 7247.392719507217
    }
}