{
    "values": {
        "n_trees": 60,
        "max_depth": 5,
        "real_max_depth": 5,
        "seed": 2,
        "accuracy test": 0.7842857142857143,
        "accuracy train": 0.89,
        "solve_status": "OPTIMAL",
        "mean-error": 0.0,
        "random_error": 0.2675190476190473,
        "solve_duration_time": 12178.556010484695
    }
}