{
    "values": {
        "n_trees": 100,
        "max_depth": 3,
        "real_max_depth": 3,
        "seed": 0,
        "accuracy test": 0.8078571428571428,
        "accuracy train": 0.83,
        "solve_status": "OPTIMAL",
        "mean-error": 0.05523809523809521,
        "random_error": 0.2643523809523805,
        "solve_duration_time": 729.0715284347534
    }
}