{
    "values": {
        "n_trees": 80,
        "max_depth": 10,
        "real_max_depth": 10,
        "seed": 3,
        "accuracy test": 0.7542857142857143,
        "accuracy train": 1.0,
        "solve_status": "UNKNOWN",
        "mean-error": 0.2677476190476187,
        "random_error": 0.2677476190476187,
        "solve_duration_time": 18239.40750861168
    }
}