{
    "values": {
        "n_trees": 5,
        "max_depth": null,
        "real_max_depth": 11,
        "seed": 0,
        "accuracy test": 0.7314285714285714,
        "accuracy train": 0.95,
        "solve_status": "FEASIBLE",
        "mean-error": 0.17761904761904737,
        "random_error": 0.2643523809523805,
        "solve_duration_time": 7211.756516695023
    }
}