{
    "values": {
        "n_trees": 30,
        "max_depth": null,
        "real_max_depth": 14,
        "seed": 4,
        "accuracy test": 0.7314285714285714,
        "accuracy train": 0.98,
        "solve_status": "OPTIMAL",
        "mean-error": 0.005238095238095237,
        "random_error": 0.2685095238095234,
        "solve_duration_time": 53.25788998603821
    }
}