{
    "values": {
        "n_trees": 10,
        "max_depth": 10,
        "real_max_depth": 10,
        "seed": 1,
        "accuracy test": 0.7307142857142858,
        "accuracy train": 0.91,
        "solve_status": "FEASIBLE",
        "mean-error": 0.11999999999999991,
        "random_error": 0.27283333333333293,
        "solve_duration_time": 7229.826818704605
    }
}