{
    "values": {
        "n_trees": 40,
        "max_depth": 4,
        "real_max_depth": 4,
        "seed": 4,
        "accuracy test": 0.7764285714285715,
        "accuracy train": 0.86,
        "solve_status": "UNKNOWN",
        "mean-error": 0.2685095238095234,
        "random_error": 0.2685095238095234,
        "solve_duration_time": 18006.114323616028
    }
}