{
    "values": {
        "n_trees": 40,
        "max_depth": 3,
        "real_max_depth": 3,
        "seed": 0,
        "accuracy test": 0.8064285714285714,
        "accuracy train": 0.82,
        "solve_status": "OPTIMAL",
        "mean-error": 0.09428571428571422,
        "random_error": 0.2643523809523805,
        "solve_duration_time": 2839.53986287117
    }
}