{
    "values": {
        "n_trees": 60,
        "max_depth": 2,
        "real_max_depth": 2,
        "seed": 0,
        "accuracy test": 0.8042857142857143,
        "accuracy train": 0.81,
        "solve_status": "FEASIBLE",
        "mean-error": 0.19523809523809502,
        "random_error": 0.2643523809523805,
        "solve_duration_time": 7230.801003694534
    }
}