{
    "values": {
        "n_trees": 1,
        "max_depth": 3,
        "real_max_depth": 3,
        "seed": 2,
        "accuracy test": 0.7892857142857143,
        "accuracy train": 0.82,
        "solve_status": "FEASIBLE",
        "mean-error": 0.33666666666666634,
        "random_error": 0.2675190476190473,
        "solve_duration_time": 7201.025432348251
    }
}