{
    "values": {
        "n_trees": 1,
        "max_depth": 4,
        "real_max_depth": 4,
        "seed": 2,
        "accuracy test": 0.7857142857142857,
        "accuracy train": 0.85,
        "solve_status": "FEASIBLE",
        "mean-error": 0.31952380952380915,
        "random_error": 0.2675190476190473,
        "solve_duration_time": 7201.069331645966
    }
}