{
    "values": {
        "n_trees": 50,
        "max_depth": 3,
        "real_max_depth": 3,
        "seed": 3,
        "accuracy test": 0.8078571428571428,
        "accuracy train": 0.8,
        "solve_status": "FEASIBLE",
        "mean-error": 0.17761904761904737,
        "random_error": 0.2677476190476187,
        "solve_duration_time": 7230.576110363007
    }
}