{
    "values": {
        "n_trees": 20,
        "max_depth": 10,
        "real_max_depth": 10,
        "seed": 4,
        "accuracy test": 0.7385714285714285,
        "accuracy train": 0.97,
        "solve_status": "FEASIBLE",
        "mean-error": 0.13238095238095227,
        "random_error": 0.2685095238095234,
        "solve_duration_time": 7249.910388469696
    }
}