{
    "values": {
        "n_trees": 60,
        "max_depth": 2,
        "real_max_depth": 2,
        "seed": 1,
        "accuracy test": 0.7814285714285715,
        "accuracy train": 0.74,
        "solve_status": "FEASIBLE",
        "mean-error": 0.20238095238095213,
        "random_error": 0.27283333333333293,
        "solve_duration_time": 7231.3972697258
    }
}