{
    "values": {
        "n_trees": 60,
        "max_depth": 3,
        "real_max_depth": 3,
        "seed": 4,
        "accuracy test": 0.7835714285714286,
        "accuracy train": 0.86,
        "solve_status": "FEASIBLE",
        "mean-error": 0.17047619047619025,
        "random_error": 0.2685095238095234,
        "solve_duration_time": 7248.548812866211
    }
}