{
    "values": {
        "n_trees": 80,
        "max_depth": 3,
        "real_max_depth": 3,
        "seed": 1,
        "accuracy test": 0.77,
        "accuracy train": 0.75,
        "solve_status": "FEASIBLE",
        "mean-error": 0.16999999999999982,
        "random_error": 0.27283333333333293,
        "solve_duration_time": 7259.610398769379
    }
}