{
    "values": {
        "n_trees": 90,
        "max_depth": 2,
        "real_max_depth": 2,
        "seed": 2,
        "accuracy test": 0.7942857142857143,
        "accuracy train": 0.85,
        "solve_status": "OPTIMAL",
        "mean-error": 0.14190476190476173,
        "random_error": 0.2675190476190473,
        "solve_duration_time": 132.06868624687195
    }
}