{
    "values": {
        "n_trees": 30,
        "max_depth": 4,
        "real_max_depth": 4,
        "seed": 2,
        "accuracy test": 0.7928571428571428,
        "accuracy train": 0.89,
        "solve_status": "OPTIMAL",
        "mean-error": 0.07428571428571423,
        "random_error": 0.2675190476190473,
        "solve_duration_time": 388.49299216270447
    }
}