{
    "values": {
        "n_trees": 20,
        "max_depth": 5,
        "real_max_depth": 5,
        "seed": 2,
        "accuracy test": 0.785,
        "accuracy train": 0.89,
        "solve_status": "FEASIBLE",
        "mean-error": 0.15047619047619037,
        "random_error": 0.2675190476190473,
        "solve_duration_time": 7225.548620939255
    }
}