{
    "values": {
        "n_trees": 40,
        "max_depth": 3,
        "real_max_depth": 3,
        "seed": 2,
        "accuracy test": 0.7878571428571428,
        "accuracy train": 0.86,
        "solve_status": "OPTIMAL",
        "mean-error": 0.09904761904761898,
        "random_error": 0.2675190476190473,
        "solve_duration_time": 11.077999114990234
    }
}