{
    "values": {
        "n_trees": 50,
        "max_depth": 2,
        "real_max_depth": 2,
        "seed": 2,
        "accuracy test": 0.7892857142857143,
        "accuracy train": 0.83,
        "solve_status": "FEASIBLE",
        "mean-error": 0.19619047619047592,
        "random_error": 0.2675190476190473,
        "solve_duration_time": 7225.344047307968
    }
}