{
    "values": {
        "n_trees": 70,
        "max_depth": 3,
        "real_max_depth": 3,
        "seed": 1,
        "accuracy test": 0.7692857142857142,
        "accuracy train": 0.74,
        "solve_status": "FEASIBLE",
        "mean-error": 0.1757142857142856,
        "random_error": 0.27283333333333293,
        "solve_duration_time": 7242.862236738205
    }
}