{
    "values": {
        "n_trees": 20,
        "max_depth": 2,
        "real_max_depth": 2,
        "seed": 3,
        "accuracy test": 0.8135714285714286,
        "accuracy train": 0.74,
        "solve_status": "OPTIMAL",
        "mean-error": 0.2176190476190473,
        "random_error": 0.2677476190476187,
        "solve_duration_time": 2.473390817642212
    }
}