{
    "values": {
        "n_trees": 100,
        "max_depth": 3,
        "real_max_depth": 3,
        "seed": 1,
        "accuracy test": 0.7714285714285715,
        "accuracy train": 0.74,
        "solve_status": "FEASIBLE",
        "mean-error": 0.17047619047619025,
        "random_error": 0.27283333333333293,
        "solve_duration_time": 7277.826886415482
    }
}