{
    "values": {
        "n_trees": 20,
        "max_depth": null,
        "real_max_depth": 13,
        "seed": 0,
        "accuracy test": 0.7557142857142857,
        "accuracy train": 0.98,
        "solve_status": "OPTIMAL",
        "mean-error": 0.017142857142857147,
        "random_error": 0.2643523809523805,
        "solve_duration_time": 37.28507375717163
    }
}