{
    "values": {
        "n_trees": 30,
        "max_depth": 10,
        "real_max_depth": 10,
        "seed": 3,
        "accuracy test": 0.7507142857142857,
        "accuracy train": 0.98,
        "solve_status": "FEASIBLE",
        "mean-error": 0.10523809523809517,
        "random_error": 0.2677476190476187,
        "solve_duration_time": 7277.532402038574
    }
}