{
    "values": {
        "n_trees": 80,
        "max_depth": 5,
        "real_max_depth": 5,
        "seed": 1,
        "accuracy test": 0.7635714285714286,
        "accuracy train": 0.8,
        "solve_status": "FEASIBLE",
        "mean-error": 0.14476190476190462,
        "random_error": 0.27283333333333293,
        "solve_duration_time": 7327.391006946564
    }
}