{
    "values": {
        "n_trees": 70,
        "max_depth": null,
        "real_max_depth": 15,
        "seed": 1,
        "accuracy test": 0.6907142857142857,
        "accuracy train": 0.92,
        "solve_status": "UNKNOWN",
        "mean-error": 0.27283333333333293,
        "random_error": 0.27283333333333293,
        "solve_duration_time": 18217.801995515823
    }
}