{
    "values": {
        "n_trees": 50,
        "max_depth": 3,
        "real_max_depth": 3,
        "seed": 4,
        "accuracy test": 0.7828571428571428,
        "accuracy train": 0.86,
        "solve_status": "FEASIBLE",
        "mean-error": 0.1685714285714284,
        "random_error": 0.2685095238095234,
        "solve_duration_time": 7227.415082216263
    }
}