{
    "values": {
        "n_trees": 80,
        "max_depth": 4,
        "real_max_depth": 4,
        "seed": 4,
        "accuracy test": 0.7821428571428571,
        "accuracy train": 0.86,
        "solve_status": "FEASIBLE",
        "mean-error": 0.1428571428571427,
        "random_error": 0.2685095238095234,
        "solve_duration_time": 7282.406830787659
    }
}