{
    "values": {
        "n_trees": 60,
        "max_depth": 3,
        "real_max_depth": 3,
        "seed": 2,
        "accuracy test": 0.7857142857142857,
        "accuracy train": 0.86,
        "solve_status": "FEASIBLE",
        "mean-error": 0.1642857142857141,
        "random_error": 0.2675190476190473,
        "solve_duration_time": 7253.0919713974
    }
}