{
    "values": {
        "n_trees": 80,
        "max_depth": 3,
        "real_max_depth": 3,
        "seed": 3,
        "accuracy test": 0.8021428571428572,
        "accuracy train": 0.8,
        "solve_status": "OPTIMAL",
        "mean-error": 0.05619047619047615,
        "random_error": 0.2677476190476187,
        "solve_duration_time": 37.27438831329346
    }
}