{
    "values": {
        "n_trees": 70,
        "max_depth": 10,
        "real_max_depth": 10,
        "seed": 3,
        "accuracy test": 0.7307142857142858,
        "accuracy train": 1.0,
        "solve_status": "OPTIMAL",
        "mean-error": 0.0,
        "random_error": 0.2677476190476187,
        "solve_duration_time": 96.62270426750183
    }
}