{
    "values": {
        "n_trees": 70,
        "max_depth": 4,
        "real_max_depth": 4,
        "seed": 3,
        "accuracy test": 0.7971428571428572,
        "accuracy train": 0.83,
        "solve_status": "OPTIMAL",
        "mean-error": 0.010476190476190477,
        "random_error": 0.2677476190476187,
        "solve_duration_time": 239.02895593643188
    }
}