{
    "values": {
        "n_trees": 80,
        "max_depth": 2,
        "real_max_depth": 2,
        "seed": 1,
        "accuracy test": 0.7728571428571429,
        "accuracy train": 0.73,
        "solve_status": "OPTIMAL",
        "mean-error": 0.12095238095238083,
        "random_error": 0.27283333333333293,
        "solve_duration_time": 9.21846318244934
    }
}