{
    "values": {
        "n_trees": 1,
        "max_depth": 2,
        "real_max_depth": 2,
        "seed": 2,
        "accuracy test": 0.7864285714285715,
        "accuracy train": 0.81,
        "solve_status": "FEASIBLE",
        "mean-error": 0.3147619047619045,
        "random_error": 0.2675190476190473,
        "solve_duration_time": 7200.586373806
    }
}