{
    "values": {
        "n_trees": 30,
        "max_depth": 5,
        "real_max_depth": 5,
        "seed": 3,
        "accuracy test": 0.7971428571428572,
        "accuracy train": 0.85,
        "solve_status": "FEASIBLE",
        "mean-error": 0.16238095238095218,
        "random_error": 0.2677476190476187,
        "solve_duration_time": 7246.033260345459
    }
}