{
    "values": {
        "n_trees": 5,
        "max_depth": 5,
        "real_max_depth": 5,
        "seed": 2,
        "accuracy test": 0.7721428571428571,
        "accuracy train": 0.89,
        "solve_status": "FEASIBLE",
        "mean-error": 0.21190476190476157,
        "random_error": 0.2675190476190473,
        "solve_duration_time": 7204.891097545624
    }
}