{
    "values": {
        "n_trees": 20,
        "max_depth": 4,
        "real_max_depth": 4,
        "seed": 0,
        "accuracy test": 0.805,
        "accuracy train": 0.88,
        "solve_status": "FEASIBLE",
        "mean-error": 0.18047619047619026,
        "random_error": 0.2643523809523805,
        "solve_duration_time": 7221.828253030777
    }
}