{
    "values": {
        "n_trees": 5,
        "max_depth": null,
        "real_max_depth": 14,
        "seed": 3,
        "accuracy test": 0.6735714285714286,
        "accuracy train": 1.0,
        "solve_status": "OPTIMAL",
        "mean-error": 0.0847619047619047,
        "random_error": 0.2677476190476187,
        "solve_duration_time": 7.389174938201904
    }
}