{
    "values": {
        "n_trees": 10,
        "max_depth": 5,
        "real_max_depth": 5,
        "seed": 1,
        "accuracy test": 0.7535714285714286,
        "accuracy train": 0.78,
        "solve_status": "FEASIBLE",
        "mean-error": 0.15238095238095217,
        "random_error": 0.27283333333333293,
        "solve_duration_time": 7214.978358268738
    }
}