{
    "values": {
        "n_trees": 50,
        "max_depth": 2,
        "real_max_depth": 2,
        "seed": 0,
        "accuracy test": 0.805,
        "accuracy train": 0.81,
        "solve_status": "FEASIBLE",
        "mean-error": 0.19904761904761872,
        "random_error": 0.2643523809523805,
        "solve_duration_time": 7225.933057308197
    }
}