{
    "values": {
        "n_trees": 1,
        "max_depth": null,
        "real_max_depth": 11,
        "seed": 1,
        "accuracy test": 0.6614285714285715,
        "accuracy train": 0.92,
        "solve_status": "OPTIMAL",
        "mean-error": 0.20857142857142835,
        "random_error": 0.27283333333333293,
        "solve_duration_time": 0.9244496822357178
    }
}