{
    "values": {
        "n_trees": 30,
        "max_depth": 3,
        "real_max_depth": 3,
        "seed": 2,
        "accuracy test": 0.79,
        "accuracy train": 0.86,
        "solve_status": "OPTIMAL",
        "mean-error": 0.10333333333333325,
        "random_error": 0.2675190476190473,
        "solve_duration_time": 19.937845945358276
    }
}