{
    "values": {
        "n_trees": 1,
        "max_depth": 5,
        "real_max_depth": 5,
        "seed": 2,
        "accuracy test": 0.7285714285714285,
        "accuracy train": 0.86,
        "solve_status": "FEASIBLE",
        "mean-error": 0.2847619047619044,
        "random_error": 0.2675190476190473,
        "solve_duration_time": 7201.194522857666
    }
}