{
    "values": {
        "n_trees": 100,
        "max_depth": 10,
        "real_max_depth": 10,
        "seed": 4,
        "accuracy test": 0.7307142857142858,
        "accuracy train": 0.98,
        "solve_status": "OPTIMAL",
        "mean-error": 0.0,
        "random_error": 0.2685095238095234,
        "solve_duration_time": 201.7611367702484
    }
}