{
    "values": {
        "n_trees": 30,
        "max_depth": null,
        "real_max_depth": 13,
        "seed": 2,
        "accuracy test": 0.7542857142857143,
        "accuracy train": 0.97,
        "solve_status": "FEASIBLE",
        "mean-error": 0.11380952380952372,
        "random_error": 0.2675190476190473,
        "solve_duration_time": 7278.081760168076
    }
}