{
    "values": {
        "n_trees": 60,
        "max_depth": null,
        "real_max_depth": 13,
        "seed": 0,
        "accuracy test": 0.7635714285714286,
        "accuracy train": 0.98,
        "solve_status": "FEASIBLE",
        "mean-error": 0.12095238095238087,
        "random_error": 0.2643523809523805,
        "solve_duration_time": 7346.098829984665
    }
}