{
    "values": {
        "n_trees": 30,
        "max_depth": 5,
        "real_max_depth": 5,
        "seed": 4,
        "accuracy test": 0.7814285714285715,
        "accuracy train": 0.89,
        "solve_status": "FEASIBLE",
        "mean-error": 0.1461904761904761,
        "random_error": 0.2685095238095234,
        "solve_duration_time": 7239.212484359741
    }
}