{
    "values": {
        "n_trees": 90,
        "max_depth": 2,
        "real_max_depth": 2,
        "seed": 1,
        "accuracy test": 0.78,
        "accuracy train": 0.73,
        "solve_status": "FEASIBLE",
        "mean-error": 0.19666666666666635,
        "random_error": 0.27283333333333293,
        "solve_duration_time": 7247.521882534027
    }
}