{
    "values": {
        "n_trees": 1,
        "max_depth": null,
        "real_max_depth": 10,
        "seed": 1,
        "accuracy test": 0.6992857142857143,
        "accuracy train": 0.79,
        "solve_status": "FEASIBLE",
        "mean-error": 0.26571428571428546,
        "random_error": 0.27283333333333293,
        "solve_duration_time": 7203.326326608658
    }
}