{
    "values": {
        "n_trees": 100,
        "max_depth": 5,
        "real_max_depth": 5,
        "seed": 3,
        "accuracy test": 0.7942857142857143,
        "accuracy train": 0.85,
        "solve_status": "OPTIMAL",
        "mean-error": 0.0019047619047619048,
        "random_error": 0.2677476190476187,
        "solve_duration_time": 101.39333963394165
    }
}