{
    "values": {
        "n_trees": 70,
        "max_depth": 4,
        "real_max_depth": 4,
        "seed": 4,
        "accuracy test": 0.785,
        "accuracy train": 0.86,
        "solve_status": "FEASIBLE",
        "mean-error": 0.1390476190476189,
        "random_error": 0.2685095238095234,
        "solve_duration_time": 7264.792144536972
    }
}