{
    "values": {
        "n_trees": 50,
        "max_depth": 2,
        "real_max_depth": 2,
        "seed": 4,
        "accuracy test": 0.7885714285714286,
        "accuracy train": 0.85,
        "solve_status": "OPTIMAL",
        "mean-error": 0.1728571428571427,
        "random_error": 0.2685095238095234,
        "solve_duration_time": 22.231991291046143
    }
}