{
    "values": {
        "n_trees": 30,
        "max_depth": 2,
        "real_max_depth": 2,
        "seed": 1,
        "accuracy test": 0.7728571428571429,
        "accuracy train": 0.73,
        "solve_status": "FEASIBLE",
        "mean-error": 0.23999999999999974,
        "random_error": 0.27283333333333293,
        "solve_duration_time": 7216.700627088547
    }
}