{
    "values": {
        "n_trees": 30,
        "max_depth": null,
        "real_max_depth": 12,
        "seed": 4,
        "accuracy test": 0.7435714285714285,
        "accuracy train": 0.98,
        "solve_status": "FEASIBLE",
        "mean-error": 0.11809523809523803,
        "random_error": 0.2685095238095234,
        "solve_duration_time": 7248.563292980194
    }
}