{
    "values": {
        "n_trees": 40,
        "max_depth": 2,
        "real_max_depth": 2,
        "seed": 3,
        "accuracy test": 0.8135714285714286,
        "accuracy train": 0.74,
        "solve_status": "FEASIBLE",
        "mean-error": 0.21571428571428544,
        "random_error": 0.2677476190476187,
        "solve_duration_time": 7216.347967863083
    }
}