{
    "values": {
        "n_trees": 100,
        "max_depth": 5,
        "real_max_depth": 5,
        "seed": 1,
        "accuracy test": 0.7692857142857142,
        "accuracy train": 0.79,
        "solve_status": "FEASIBLE",
        "mean-error": 0.1390476190476189,
        "random_error": 0.27283333333333293,
        "solve_duration_time": 7350.357675075531
    }
}