{
    "values": {
        "n_trees": 70,
        "max_depth": 2,
        "real_max_depth": 2,
        "seed": 0,
        "accuracy test": 0.8035714285714286,
        "accuracy train": 0.81,
        "solve_status": "FEASIBLE",
        "mean-error": 0.1885714285714284,
        "random_error": 0.2643523809523805,
        "solve_duration_time": 7228.631733179092
    }
}