{
    "values": {
        "n_trees": 50,
        "max_depth": 10,
        "real_max_depth": 10,
        "seed": 2,
        "accuracy test": 0.7728571428571429,
        "accuracy train": 0.97,
        "solve_status": "FEASIBLE",
        "mean-error": 0.09761904761904759,
        "random_error": 0.2675190476190473,
        "solve_duration_time": 7324.249969959259
    }
}