{
    "values": {
        "n_trees": 10,
        "max_depth": 4,
        "real_max_depth": 4,
        "seed": 4,
        "accuracy test": 0.7728571428571429,
        "accuracy train": 0.87,
        "solve_status": "OPTIMAL",
        "mean-error": 0.14333333333333317,
        "random_error": 0.2685095238095234,
        "solve_duration_time": 2.6942243576049805
    }
}