{
    "values": {
        "n_trees": 5,
        "max_depth": 5,
        "real_max_depth": 5,
        "seed": 1,
        "accuracy test": 0.7421428571428571,
        "accuracy train": 0.77,
        "solve_status": "FEASIBLE",
        "mean-error": 0.1928571428571426,
        "random_error": 0.27283333333333293,
        "solve_duration_time": 7205.316877126694
    }
}