{
    "values": {
        "n_trees": 5,
        "max_depth": 3,
        "real_max_depth": 3,
        "seed": 0,
        "accuracy test": 0.7764285714285715,
        "accuracy train": 0.85,
        "solve_status": "FEASIBLE",
        "mean-error": 0.2757142857142853,
        "random_error": 0.2643523809523805,
        "solve_duration_time": 7203.692361831665
    }
}