{
    "values": {
        "n_trees": 30,
        "max_depth": 3,
        "real_max_depth": 3,
        "seed": 4,
        "accuracy test": 0.7807142857142857,
        "accuracy train": 0.86,
        "solve_status": "OPTIMAL",
        "mean-error": 0.10857142857142843,
        "random_error": 0.2685095238095234,
        "solve_duration_time": 10.669901371002197
    }
}