{
    "values": {
        "n_trees": 70,
        "max_depth": 10,
        "real_max_depth": 10,
        "seed": 0,
        "accuracy test": 0.7657142857142857,
        "accuracy train": 0.98,
        "solve_status": "FEASIBLE",
        "mean-error": 0.11285714285714281,
        "random_error": 0.2643523809523805,
        "solve_duration_time": 7366.109071731567
    }
}