{
    "values": {
        "n_trees": 50,
        "max_depth": 3,
        "real_max_depth": 3,
        "seed": 1,
        "accuracy test": 0.7671428571428571,
        "accuracy train": 0.74,
        "solve_status": "FEASIBLE",
        "mean-error": 0.1738095238095236,
        "random_error": 0.27283333333333293,
        "solve_duration_time": 7228.840623617172
    }
}