{
    "values": {
        "n_trees": 10,
        "max_depth": 4,
        "real_max_depth": 4,
        "seed": 0,
        "accuracy test": 0.8014285714285714,
        "accuracy train": 0.88,
        "solve_status": "FEASIBLE",
        "mean-error": 0.18095238095238078,
        "random_error": 0.2643523809523805,
        "solve_duration_time": 7210.424240350723
    }
}