{
    "values": {
        "n_trees": 10,
        "max_depth": null,
        "real_max_depth": 13,
        "seed": 4,
        "accuracy test": 0.745,
        "accuracy train": 0.98,
        "solve_status": "OPTIMAL",
        "mean-error": 0.04333333333333332,
        "random_error": 0.2685095238095234,
        "solve_duration_time": 452.50972509384155
    }
}