{
    "values": {
        "n_trees": 1,
        "max_depth": null,
        "real_max_depth": 13,
        "seed": 4,
        "accuracy test": 0.6928571428571428,
        "accuracy train": 0.98,
        "solve_status": "OPTIMAL",
        "mean-error": 0.22285714285714264,
        "random_error": 0.2685095238095234,
        "solve_duration_time": 0.8255503177642822
    }
}