{
    "values": {
        "n_trees": 100,
        "max_depth": null,
        "real_max_depth": 14,
        "seed": 1,
        "accuracy test": 0.6971428571428572,
        "accuracy train": 0.92,
        "solve_status": "OPTIMAL",
        "mean-error": 0.0,
        "random_error": 0.27283333333333293,
        "solve_duration_time": 208.4882378578186
    }
}