{
    "values": {
        "n_trees": 10,
        "max_depth": 4,
        "real_max_depth": 4,
        "seed": 2,
        "accuracy test": 0.7771428571428571,
        "accuracy train": 0.88,
        "solve_status": "FEASIBLE",
        "mean-error": 0.185238095238095,
        "random_error": 0.2675190476190473,
        "solve_duration_time": 7210.0514714717865
    }
}