{
    "values": {
        "n_trees": 10,
        "max_depth": 2,
        "real_max_depth": 2,
        "seed": 3,
        "accuracy test": 0.8107142857142857,
        "accuracy train": 0.76,
        "solve_status": "FEASIBLE",
        "mean-error": 0.3071428571428568,
        "random_error": 0.2677476190476187,
        "solve_duration_time": 7203.818055152893
    }
}