{
    "values": {
        "n_trees": 1,
        "max_depth": 2,
        "real_max_depth": 2,
        "seed": 4,
        "accuracy test": 0.7757142857142857,
        "accuracy train": 0.84,
        "solve_status": "FEASIBLE",
        "mean-error": 0.32333333333333303,
        "random_error": 0.2685095238095234,
        "solve_duration_time": 7200.6886739730835
    }
}