{
    "values": {
        "n_trees": 20,
        "max_depth": 10,
        "real_max_depth": 10,
        "seed": 1,
        "accuracy test": 0.6842857142857143,
        "accuracy train": 0.92,
        "solve_status": "OPTIMAL",
        "mean-error": 0.0009523809523809524,
        "random_error": 0.27283333333333293,
        "solve_duration_time": 37.796459436416626
    }
}