{
    "values": {
        "n_trees": 80,
        "max_depth": 2,
        "real_max_depth": 2,
        "seed": 0,
        "accuracy test": 0.8028571428571428,
        "accuracy train": 0.81,
        "solve_status": "FEASIBLE",
        "mean-error": 0.19857142857142837,
        "random_error": 0.2643523809523805,
        "solve_duration_time": 7243.656115531921
    }
}