{
    "values": {
        "n_trees": 10,
        "max_depth": 2,
        "real_max_depth": 2,
        "seed": 1,
        "accuracy test": 0.7678571428571429,
        "accuracy train": 0.73,
        "solve_status": "FEASIBLE",
        "mean-error": 0.25047619047619013,
        "random_error": 0.27283333333333293,
        "solve_duration_time": 7204.164399862289
    }
}