{
    "values": {
        "n_trees": 90,
        "max_depth": 5,
        "real_max_depth": 5,
        "seed": 1,
        "accuracy test": 0.7707142857142857,
        "accuracy train": 0.79,
        "solve_status": "FEASIBLE",
        "mean-error": 0.13857142857142846,
        "random_error": 0.27283333333333293,
        "solve_duration_time": 7343.113649845123
    }
}