{
    "values": {
        "n_trees": 40,
        "max_depth": 3,
        "real_max_depth": 3,
        "seed": 1,
        "accuracy test": 0.7707142857142857,
        "accuracy train": 0.74,
        "solve_status": "FEASIBLE",
        "mean-error": 0.17428571428571413,
        "random_error": 0.27283333333333293,
        "solve_duration_time": 7223.111688613892
    }
}