{
    "values": {
        "n_trees": 1,
        "max_depth": null,
        "real_max_depth": 9,
        "seed": 3,
        "accuracy test": 0.6935714285714286,
        "accuracy train": 0.86,
        "solve_status": "FEASIBLE",
        "mean-error": 0.32142857142857095,
        "random_error": 0.2677476190476187,
        "solve_duration_time": 7203.0494339466095
    }
}