{
    "values": {
        "n_trees": 90,
        "max_depth": 4,
        "real_max_depth": 4,
        "seed": 4,
        "accuracy test": 0.7807142857142857,
        "accuracy train": 0.86,
        "solve_status": "FEASIBLE",
        "mean-error": 0.13238095238095224,
        "random_error": 0.2685095238095234,
        "solve_duration_time": 7287.950291395187
    }
}