{
    "values": {
        "n_trees": 5,
        "max_depth": null,
        "real_max_depth": 12,
        "seed": 0,
        "accuracy test": 0.7328571428571429,
        "accuracy train": 0.98,
        "solve_status": "OPTIMAL",
        "mean-error": 0.11142857142857135,
        "random_error": 0.2643523809523805,
        "solve_duration_time": 5.118571519851685
    }
}