{
    "values": {
        "n_trees": 60,
        "max_depth": 4,
        "real_max_depth": 4,
        "seed": 1,
        "accuracy test": 0.77,
        "accuracy train": 0.76,
        "solve_status": "OPTIMAL",
        "mean-error": 0.024285714285714285,
        "random_error": 0.27283333333333293,
        "solve_duration_time": 4410.819856643677
    }
}