{
    "values": {
        "n_trees": 30,
        "max_depth": 4,
        "real_max_depth": 4,
        "seed": 1,
        "accuracy test": 0.7735714285714286,
        "accuracy train": 0.76,
        "solve_status": "OPTIMAL",
        "mean-error": 0.04190476190476188,
        "random_error": 0.27283333333333293,
        "solve_duration_time": 303.4965629577637
    }
}