{
    "values": {
        "n_trees": 10,
        "max_depth": 5,
        "real_max_depth": 5,
        "seed": 2,
        "accuracy test": 0.7835714285714286,
        "accuracy train": 0.89,
        "solve_status": "OPTIMAL",
        "mean-error": 0.08809523809523805,
        "random_error": 0.2675190476190473,
        "solve_duration_time": 51.08001732826233
    }
}