{
    "values": {
        "n_trees": 80,
        "max_depth": 10,
        "real_max_depth": 10,
        "seed": 0,
        "accuracy test": 0.7664285714285715,
        "accuracy train": 0.98,
        "solve_status": "FEASIBLE",
        "mean-error": 0.10952380952380945,
        "random_error": 0.2643523809523805,
        "solve_duration_time": 7336.624103307724
    }
}