{
    "values": {
        "n_trees": 40,
        "max_depth": 4,
        "real_max_depth": 4,
        "seed": 3,
        "accuracy test": 0.7942857142857143,
        "accuracy train": 0.83,
        "solve_status": "OPTIMAL",
        "mean-error": 0.03904761904761904,
        "random_error": 0.2677476190476187,
        "solve_duration_time": 2615.2286558151245
    }
}