{
    "values": {
        "n_trees": 90,
        "max_depth": null,
        "real_max_depth": 13,
        "seed": 0,
        "accuracy test": 0.7635714285714286,
        "accuracy train": 0.98,
        "solve_status": "FEASIBLE",
        "mean-error": 0.10809523809523801,
        "random_error": 0.2643523809523805,
        "solve_duration_time": 7382.531816244125
    }
}