{
    "values": {
        "n_trees": 80,
        "max_depth": 4,
        "real_max_depth": 4,
        "seed": 2,
        "accuracy test": 0.7842857142857143,
        "accuracy train": 0.88,
        "solve_status": "FEASIBLE",
        "mean-error": 0.15619047619047602,
        "random_error": 0.2675190476190473,
        "solve_duration_time": 7286.43945145607
    }
}