{
    "values": {
        "n_trees": 60,
        "max_depth": 5,
        "real_max_depth": 5,
        "seed": 0,
        "accuracy test": 0.8007142857142857,
        "accuracy train": 0.89,
        "solve_status": "OPTIMAL",
        "mean-error": 0.0019047619047619048,
        "random_error": 0.2643523809523805,
        "solve_duration_time": 533.8805773258209
    }
}