{
    "values": {
        "n_trees": 1,
        "max_depth": null,
        "real_max_depth": 11,
        "seed": 2,
        "accuracy test": 0.72,
        "accuracy train": 0.98,
        "solve_status": "OPTIMAL",
        "mean-error": 0.22619047619047594,
        "random_error": 0.2675190476190473,
        "solve_duration_time": 1.0171833038330078
    }
}