{
    "values": {
        "n_trees": 5,
        "max_depth": 10,
        "real_max_depth": 10,
        "seed": 1,
        "accuracy test": 0.63,
        "accuracy train": 0.92,
        "solve_status": "OPTIMAL",
        "mean-error": 0.06904761904761905,
        "random_error": 0.27283333333333293,
        "solve_duration_time": 145.43718314170837
    }
}