{
    "values": {
        "n_trees": 5,
        "max_depth": 10,
        "real_max_depth": 10,
        "seed": 1,
        "accuracy test": 0.6992857142857143,
        "accuracy train": 0.88,
        "solve_status": "FEASIBLE",
        "mean-error": 0.13285714285714273,
        "random_error": 0.27283333333333293,
        "solve_duration_time": 7215.795136451721
    }
}