{
    "values": {
        "n_trees": 80,
        "max_depth": null,
        "real_max_depth": 13,
        "seed": 2,
        "accuracy test": 0.7621428571428571,
        "accuracy train": 0.98,
        "solve_status": "UNKNOWN",
        "mean-error": 0.2675190476190473,
        "random_error": 0.2675190476190473,
        "solve_duration_time": 18217.967867136
    }
}