{
    "values": {
        "n_trees": 60,
        "max_depth": 4,
        "real_max_depth": 4,
        "seed": 2,
        "accuracy test": 0.79,
        "accuracy train": 0.89,
        "solve_status": "UNKNOWN",
        "mean-error": 0.2675190476190473,
        "random_error": 0.2675190476190473,
        "solve_duration_time": 18009.909869670868
    }
}