{
    "values": {
        "n_trees": 60,
        "max_depth": 3,
        "real_max_depth": 3,
        "seed": 3,
        "accuracy test": 0.8057142857142857,
        "accuracy train": 0.8,
        "solve_status": "FEASIBLE",
        "mean-error": 0.17523809523809505,
        "random_error": 0.2677476190476187,
        "solve_duration_time": 7246.289767026901
    }
}