{
    "values": {
        "n_trees": 80,
        "max_depth": 2,
        "real_max_depth": 2,
        "seed": 1,
        "accuracy test": 0.7878571428571428,
        "accuracy train": 0.81,
        "solve_status": "OPTIMAL",
        "mean-error": 0.09736842105263152,
        "random_error": 0.2537315789473685,
        "solve_duration_time": 546.4811677932739
    }
}