{
    "values": {
        "n_trees": 80,
        "max_depth": 3,
        "real_max_depth": 3,
        "seed": 3,
        "accuracy test": 0.785,
        "accuracy train": 0.87,
        "solve_status": "OPTIMAL",
        "mean-error": 0.06263157894736841,
        "random_error": 0.2520631578947368,
        "solve_duration_time": 5323.073416233063
    }
}