{
    "values": {
        "n_trees": 50,
        "max_depth": 10,
        "real_max_depth": 10,
        "seed": 1,
        "accuracy test": 0.7428571428571429,
        "accuracy train": 0.96,
        "solve_status": "OPTIMAL",
        "mean-error": 0.0,
        "random_error": 0.2537315789473685,
        "solve_duration_time": 70.70338559150696
    }
}