{
    "values": {
        "n_trees": 10,
        "max_depth": 3,
        "real_max_depth": 3,
        "seed": 4,
        "accuracy test": 0.7785714285714286,
        "accuracy train": 0.85,
        "solve_status": "OPTIMAL",
        "mean-error": 0.14999999999999997,
        "random_error": 0.24924736842105266,
        "solve_duration_time": 15.55515718460083
    }
}