{
    "values": {
        "n_trees": 20,
        "max_depth": 2,
        "real_max_depth": 2,
        "seed": 2,
        "accuracy test": 0.77,
        "accuracy train": 0.75,
        "solve_status": "OPTIMAL",
        "mean-error": 0.14368421052631566,
        "random_error": 0.2533105263157894,
        "solve_duration_time": 7.178969144821167
    }
}