{
    "values": {
        "n_trees": 1,
        "max_depth": 2,
        "real_max_depth": 2,
        "seed": 1,
        "accuracy test": 0.6442857142857142,
        "accuracy train": 0.79,
        "solve_status": "OPTIMAL",
        "mean-error": 0.24315789473684213,
        "random_error": 0.2537315789473685,
        "solve_duration_time": 0.13496112823486328
    }
}