{
    "values": {
        "n_trees": 5,
        "max_depth": 2,
        "real_max_depth": 2,
        "seed": 1,
        "accuracy test": 0.7542857142857143,
        "accuracy train": 0.8,
        "solve_status": "OPTIMAL",
        "mean-error": 0.19315789473684208,
        "random_error": 0.2537315789473685,
        "solve_duration_time": 0.40320348739624023
    }
}