{
    "values": {
        "n_trees": 5,
        "max_depth": 3,
        "real_max_depth": 3,
        "seed": 2,
        "accuracy test": 0.7935714285714286,
        "accuracy train": 0.82,
        "solve_status": "OPTIMAL",
        "mean-error": 0.15999999999999995,
        "random_error": 0.2533105263157894,
        "solve_duration_time": 5.710110187530518
    }
}