{
    "values": {
        "n_trees": 1,
        "max_depth": 10,
        "real_max_depth": 10,
        "seed": 1,
        "accuracy test": 0.685,
        "accuracy train": 0.96,
        "solve_status": "OPTIMAL",
        "mean-error": 0.19999999999999984,
        "random_error": 0.2537315789473685,
        "solve_duration_time": 9.983711242675781
    }
}