{
    "values": {
        "n_trees": 1,
        "max_depth": null,
        "real_max_depth": 12,
        "seed": 2,
        "accuracy test": 0.7492857142857143,
        "accuracy train": 0.97,
        "solve_status": "OPTIMAL",
        "mean-error": 0.1810526315789474,
        "random_error": 0.2533105263157894,
        "solve_duration_time": 2.651136875152588
    }
}