{
    "values": {
        "n_trees": 30,
        "max_depth": 3,
        "real_max_depth": 3,
        "seed": 4,
        "accuracy test": 0.7728571428571429,
        "accuracy train": 0.83,
        "solve_status": "OPTIMAL",
        "mean-error": 0.09947368421052627,
        "random_error": 0.24924736842105266,
        "solve_duration_time": 641.142653465271
    }
}