{
    "values": {
        "n_trees": 1,
        "max_depth": null,
        "real_max_depth": 12,
        "seed": 4,
        "accuracy test": 0.7742857142857142,
        "accuracy train": 0.99,
        "solve_status": "OPTIMAL",
        "mean-error": 0.2094736842105263,
        "random_error": 0.24924736842105266,
        "solve_duration_time": 2.3796980381011963
    }
}