{
    "values": {
        "n_trees": 90,
        "max_depth": 2,
        "real_max_depth": 2,
        "seed": 1,
        "accuracy test": 0.7885714285714286,
        "accuracy train": 0.81,
        "solve_status": "OPTIMAL",
        "mean-error": 0.09526315789473683,
        "random_error": 0.2537315789473685,
        "solve_duration_time": 291.8242561817169
    }
}