{
    "values": {
        "n_trees": 5,
        "max_depth": 3,
        "real_max_depth": 3,
        "seed": 1,
        "accuracy test": 0.7657142857142857,
        "accuracy train": 0.84,
        "solve_status": "OPTIMAL",
        "mean-error": 0.17684210526315783,
        "random_error": 0.2537315789473685,
        "solve_duration_time": 4.079545974731445
    }
}