{
    "values": {
        "n_trees": 80,
        "max_depth": 2,
        "real_max_depth": 2,
        "seed": 0,
        "accuracy test": 0.765,
        "accuracy train": 0.82,
        "solve_status": "OPTIMAL",
        "mean-error": 0.09315789473684206,
        "random_error": 0.2545052631578947,
        "solve_duration_time": 2256.6619732379913
    }
}