{
    "values": {
        "n_trees": 1,
        "max_depth": 4,
        "real_max_depth": 4,
        "seed": 4,
        "accuracy test": 0.7892857142857143,
        "accuracy train": 0.86,
        "solve_status": "OPTIMAL",
        "mean-error": 0.22736842105263155,
        "random_error": 0.24924736842105266,
        "solve_duration_time": 0.20307016372680664
    }
}