{
    "values": {
        "n_trees": 80,
        "max_depth": 2,
        "real_max_depth": 2,
        "seed": 2,
        "accuracy test": 0.7814285714285715,
        "accuracy train": 0.77,
        "solve_status": "OPTIMAL",
        "mean-error": 0.10999999999999989,
        "random_error": 0.2533105263157894,
        "solve_duration_time": 1287.1561741828918
    }
}