{
    "values": {
        "n_trees": 70,
        "max_depth": 2,
        "real_max_depth": 2,
        "seed": 0,
        "accuracy test": 0.765,
        "accuracy train": 0.81,
        "solve_status": "OPTIMAL",
        "mean-error": 0.09052631578947362,
        "random_error": 0.2545052631578947,
        "solve_duration_time": 1978.8137526512146
    }
}