{
    "values": {
        "n_trees": 1,
        "max_depth": 2,
        "real_max_depth": 2,
        "seed": 3,
        "accuracy test": 0.7542857142857143,
        "accuracy train": 0.84,
        "solve_status": "OPTIMAL",
        "mean-error": 0.29736842105263145,
        "random_error": 0.2520631578947368,
        "solve_duration_time": 0.12017703056335449
    }
}