{
    "values": {
        "n_trees": 10,
        "max_depth": 3,
        "real_max_depth": 3,
        "seed": 0,
        "accuracy test": 0.7764285714285715,
        "accuracy train": 0.88,
        "solve_status": "OPTIMAL",
        "mean-error": 0.13052631578947355,
        "random_error": 0.2545052631578947,
        "solve_duration_time": 288.4541757106781
    }
}