{
    "values": {
        "n_trees": 1,
        "max_depth": 2,
        "real_max_depth": 2,
        "seed": 2,
        "accuracy test": 0.7614285714285715,
        "accuracy train": 0.73,
        "solve_status": "OPTIMAL",
        "mean-error": 0.2784210526315788,
        "random_error": 0.2533105263157894,
        "solve_duration_time": 0.15177297592163086
    }
}