{
    "values": {
        "n_trees": 100,
        "max_depth": 2,
        "real_max_depth": 2,
        "seed": 1,
        "accuracy test": 0.79,
        "accuracy train": 0.81,
        "solve_status": "OPTIMAL",
        "mean-error": 0.09736842105263153,
        "random_error": 0.2537315789473685,
        "solve_duration_time": 325.3045394420624
    }
}