{
    "values": {
        "n_trees": 60,
        "max_depth": 2,
        "real_max_depth": 2,
        "seed": 1,
        "accuracy test": 0.7907142857142857,
        "accuracy train": 0.81,
        "solve_status": "OPTIMAL",
        "mean-error": 0.0989473684210526,
        "random_error": 0.2537315789473685,
        "solve_duration_time": 58.46809196472168
    }
}