{
    "values": {
        "n_trees": 5,
        "max_depth": 10,
        "real_max_depth": 10,
        "seed": 2,
        "accuracy test": 0.5935714285714285,
        "accuracy train": 0.83,
        "solve_status": "OPTIMAL",
        "mean-error": 0.017142857142857137,
        "random_error": 0.1973785714285715,
        "solve_duration_time": 3.658900737762451
    }
}