{
    "values": {
        "n_trees": 50,
        "max_depth": 2,
        "real_max_depth": 2,
        "seed": 2,
        "accuracy test": 0.6707142857142857,
        "accuracy train": 0.7,
        "solve_status": "OPTIMAL",
        "mean-error": 0.05000000000000002,
        "random_error": 0.1973785714285715,
        "solve_duration_time": 5.686434030532837
    }
}