{
    "values": {
        "n_trees": 100,
        "max_depth": 10,
        "real_max_depth": 10,
        "seed": 0,
        "accuracy test": 0.5692857142857143,
        "accuracy train": 0.87,
        "solve_status": "OPTIMAL",
        "mean-error": 0.0,
        "random_error": 0.2105928571428571,
        "solve_duration_time": 82.05659246444702
    }
}