{
    "values": {
        "n_trees": 10,
        "max_depth": 4,
        "real_max_depth": 4,
        "seed": 0,
        "accuracy test": 0.62,
        "accuracy train": 0.75,
        "solve_status": "OPTIMAL",
        "mean-error": 0.009999999999999997,
        "random_error": 0.2105928571428571,
        "solve_duration_time": 1.9783153533935547
    }
}