{
    "values": {
        "n_trees": 10,
        "max_depth": 5,
        "real_max_depth": 5,
        "seed": 2,
        "accuracy test": 0.6257142857142857,
        "accuracy train": 0.81,
        "solve_status": "OPTIMAL",
        "mean-error": 0.011428571428571429,
        "random_error": 0.1973785714285715,
        "solve_duration_time": 2.7740447521209717
    }
}