{
    "values": {
        "n_trees": 70,
        "max_depth": 4,
        "real_max_depth": 4,
        "seed": 1,
        "accuracy test": 0.6085714285714285,
        "accuracy train": 0.76,
        "solve_status": "OPTIMAL",
        "mean-error": 0.0,
        "random_error": 0.19913571428571422,
        "solve_duration_time": 13.349191188812256
    }
}