{
    "values": {
        "n_trees": 10,
        "max_depth": 10,
        "real_max_depth": 10,
        "seed": 2,
        "accuracy test": 0.6,
        "accuracy train": 0.83,
        "solve_status": "OPTIMAL",
        "mean-error": 0.005714285714285714,
        "random_error": 0.1973785714285715,
        "solve_duration_time": 5.6277360916137695
    }
}