{
    "values": {
        "n_trees": 80,
        "max_depth": 3,
        "real_max_depth": 3,
        "seed": 2,
        "accuracy test": 0.6635714285714286,
        "accuracy train": 0.73,
        "solve_status": "OPTIMAL",
        "mean-error": 0.002857142857142857,
        "random_error": 0.1973785714285715,
        "solve_duration_time": 9.498442888259888
    }
}