{
    "values": {
        "n_trees": 10,
        "max_depth": null,
        "real_max_depth": 11,
        "seed": 4,
        "accuracy test": 0.5357142857142857,
        "accuracy train": 0.78,
        "solve_status": "OPTIMAL",
        "mean-error": 0.014285714285714282,
        "random_error": 0.20382857142857141,
        "solve_duration_time": 5.076938152313232
    }
}