{
    "values": {
        "n_trees": 20,
        "max_depth": null,
        "real_max_depth": 10,
        "seed": 0,
        "accuracy test": 0.5507142857142857,
        "accuracy train": 0.87,
        "solve_status": "OPTIMAL",
        "mean-error": 0.0014285714285714286,
        "random_error": 0.2105928571428571,
        "solve_duration_time": 10.358465433120728
    }
}