{
    "values": {
        "n_trees": 100,
        "max_depth": 2,
        "real_max_depth": 2,
        "seed": 0,
        "accuracy test": 0.6585714285714286,
        "accuracy train": 0.69,
        "solve_status": "OPTIMAL",
        "mean-error": 0.022857142857142857,
        "random_error": 0.2105928571428571,
        "solve_duration_time": 7.795639514923096
    }
}