{
    "values": {
        "n_trees": 10,
        "max_depth": 5,
        "real_max_depth": 5,
        "seed": 3,
        "accuracy test": 0.5821428571428572,
        "accuracy train": 0.75,
        "solve_status": "OPTIMAL",
        "mean-error": 0.01214285714285714,
        "random_error": 0.20811428571428564,
        "solve_duration_time": 3.3934037685394287
    }
}