{
    "values": {
        "n_trees": 10,
        "max_depth": null,
        "real_max_depth": 12,
        "seed": 1,
        "accuracy test": 0.6107142857142858,
        "accuracy train": 0.76,
        "solve_status": "OPTIMAL",
        "mean-error": 0.007142857142857141,
        "random_error": 0.19913571428571422,
        "solve_duration_time": 4521.841011762619
    }
}