{
    "values": {
        "n_trees": 30,
        "max_depth": 5,
        "real_max_depth": 5,
        "seed": 1,
        "accuracy test": 0.6121428571428571,
        "accuracy train": 0.76,
        "solve_status": "OPTIMAL",
        "mean-error": 0.0007142857142857143,
        "random_error": 0.19913571428571422,
        "solve_duration_time": 6.572487115859985
    }
}