{
    "values": {
        "n_trees": 1,
        "max_depth": 2,
        "real_max_depth": 2,
        "seed": 1,
        "accuracy test": 0.6371428571428571,
        "accuracy train": 0.64,
        "solve_status": "OPTIMAL",
        "mean-error": 0.27571428571428563,
        "random_error": 0.19913571428571422,
        "solve_duration_time": 0.12542009353637695
    }
}