{
    "values": {
        "n_trees": 10,
        "max_depth": 3,
        "real_max_depth": 3,
        "seed": 4,
        "accuracy test": 0.58,
        "accuracy train": 0.62,
        "solve_status": "OPTIMAL",
        "mean-error": 0.052142857142857144,
        "random_error": 0.20382857142857141,
        "solve_duration_time": 2.257413387298584
    }
}