{
    "values": {
        "n_trees": 80,
        "max_depth": 2,
        "real_max_depth": 2,
        "seed": 1,
        "accuracy test": 0.565,
        "accuracy train": 0.69,
        "solve_status": "OPTIMAL",
        "mean-error": 0.0342857142857143,
        "random_error": 0.19913571428571422,
        "solve_duration_time": 6.1011669635772705
    }
}