{
    "values": {
        "n_trees": 90,
        "max_depth": null,
        "real_max_depth": 11,
        "seed": 2,
        "accuracy test": 0.5985714285714285,
        "accuracy train": 0.83,
        "solve_status": "OPTIMAL",
        "mean-error": 0.0,
        "random_error": 0.1973785714285715,
        "solve_duration_time": 61.741352558135986
    }
}