{
    "values": {
        "n_trees": 90,
        "max_depth": 2,
        "real_max_depth": 2,
        "seed": 3,
        "accuracy test": 0.5528571428571428,
        "accuracy train": 0.66,
        "solve_status": "OPTIMAL",
        "mean-error": 0.030000000000000006,
        "random_error": 0.20811428571428564,
        "solve_duration_time": 4.057579278945923
    }
}