{
    "values": {
        "n_trees": 20,
        "max_depth": 10,
        "real_max_depth": 10,
        "seed": 0,
        "accuracy test": 0.5628571428571428,
        "accuracy train": 0.87,
        "solve_status": "OPTIMAL",
        "mean-error": 0.004999999999999999,
        "random_error": 0.2105928571428571,
        "solve_duration_time": 14.317272663116455
    }
}