{
    "values": {
        "n_trees": 10,
        "max_depth": 4,
        "real_max_depth": 4,
        "seed": 1,
        "accuracy test": 0.625,
        "accuracy train": 0.72,
        "solve_status": "OPTIMAL",
        "mean-error": 0.06214285714285714,
        "random_error": 0.19913571428571422,
        "solve_duration_time": 302.71969723701477
    }
}