{
    "values": {
        "n_trees": 20,
        "max_depth": 2,
        "real_max_depth": 2,
        "seed": 4,
        "accuracy test": 0.5885714285714285,
        "accuracy train": 0.64,
        "solve_status": "OPTIMAL",
        "mean-error": 0.0914285714285714,
        "random_error": 0.20382857142857141,
        "solve_duration_time": 6.717153310775757
    }
}