{
    "values": {
        "n_trees": 40,
        "max_depth": 2,
        "real_max_depth": 2,
        "seed": 1,
        "accuracy test": 0.6242857142857143,
        "accuracy train": 0.72,
        "solve_status": "OPTIMAL",
        "mean-error": 0.04642857142857143,
        "random_error": 0.19913571428571422,
        "solve_duration_time": 5.496476411819458
    }
}