{
    "values": {
        "n_trees": 1,
        "max_depth": null,
        "real_max_depth": 11,
        "seed": 1,
        "accuracy test": 0.595,
        "accuracy train": 0.76,
        "solve_status": "OPTIMAL",
        "mean-error": 0.10000000000000002,
        "random_error": 0.19913571428571422,
        "solve_duration_time": 31.20929193496704
    }
}