{
    "values": {
        "n_trees": 30,
        "max_depth": 2,
        "real_max_depth": 2,
        "seed": 1,
        "accuracy test": 0.6464285714285715,
        "accuracy train": 0.69,
        "solve_status": "OPTIMAL",
        "mean-error": 0.05571428571428572,
        "random_error": 0.19913571428571422,
        "solve_duration_time": 14.120413303375244
    }
}