{
    "values": {
        "n_trees": 70,
        "max_depth": 5,
        "real_max_depth": 5,
        "seed": 0,
        "accuracy test": 0.6207142857142857,
        "accuracy train": 0.83,
        "solve_status": "OPTIMAL",
        "mean-error": 0.0,
        "random_error": 0.2105928571428571,
        "solve_duration_time": 13.68810772895813
    }
}