{
    "values": {
        "n_trees": 20,
        "max_depth": 3,
        "real_max_depth": 3,
        "seed": 1,
        "accuracy test": 0.64,
        "accuracy train": 0.71,
        "solve_status": "OPTIMAL",
        "mean-error": 0.031428571428571445,
        "random_error": 0.19913571428571422,
        "solve_duration_time": 22.061925649642944
    }
}