{
    "values": {
        "n_trees": 40,
        "max_depth": 2,
        "real_max_depth": 2,
        "seed": 0,
        "accuracy test": 0.6707142857142857,
        "accuracy train": 0.68,
        "solve_status": "OPTIMAL",
        "mean-error": 0.03642857142857144,
        "random_error": 0.2105928571428571,
        "solve_duration_time": 3.409005641937256
    }
}