{
    "values": {
        "n_trees": 30,
        "max_depth": 10,
        "real_max_depth": 10,
        "seed": 0,
        "accuracy test": 0.565,
        "accuracy train": 0.87,
        "solve_status": "OPTIMAL",
        "mean-error": 0.0021428571428571425,
        "random_error": 0.2105928571428571,
        "solve_duration_time": 15.769511699676514
    }
}