{
    "values": {
        "n_trees": 5,
        "max_depth": 2,
        "real_max_depth": 2,
        "seed": 2,
        "accuracy test": 0.67,
        "accuracy train": 0.69,
        "solve_status": "OPTIMAL",
        "mean-error": 0.1199999999999999,
        "random_error": 0.1973785714285715,
        "solve_duration_time": 0.29783177375793457
    }
}