{
    "values": {
        "n_trees": 5,
        "max_depth": 2,
        "real_max_depth": 2,
        "seed": 0,
        "accuracy test": 0.6435714285714286,
        "accuracy train": 0.71,
        "solve_status": "OPTIMAL",
        "mean-error": 0.11571428571428564,
        "random_error": 0.2105928571428571,
        "solve_duration_time": 0.3839728832244873
    }
}