{
    "values": {
        "n_trees": 5,
        "max_depth": 4,
        "real_max_depth": 4,
        "seed": 4,
        "accuracy test": 0.6,
        "accuracy train": 0.69,
        "solve_status": "OPTIMAL",
        "mean-error": 0.06714285714285714,
        "random_error": 0.20382857142857141,
        "solve_duration_time": 0.9128296375274658
    }
}