{
    "values": {
        "n_trees": 1,
        "max_depth": null,
        "real_max_depth": 12,
        "seed": 0,
        "accuracy test": 0.7014285714285714,
        "accuracy train": 0.98,
        "solve_status": "OPTIMAL",
        "mean-error": 0.23238095238095216,
        "random_error": 0.2643523809523805,
        "solve_duration_time": 0.7539479732513428
    }
}