{
    "values": {
        "n_trees": 1,
        "max_depth": 4,
        "real_max_depth": 4,
        "seed": 0,
        "accuracy test": 0.7742857142857142,
        "accuracy train": 0.81,
        "solve_status": "OPTIMAL",
        "mean-error": 0.26571428571428535,
        "random_error": 0.2643523809523805,
        "solve_duration_time": 0.35767102241516113
    }
}