{
    "values": {
        "n_trees": 10,
        "max_depth": 2,
        "real_max_depth": 2,
        "seed": 3,
        "accuracy test": 0.8178571428571428,
        "accuracy train": 0.76,
        "solve_status": "OPTIMAL",
        "mean-error": 0.18142857142857124,
        "random_error": 0.2677476190476187,
        "solve_duration_time": 3.8023664951324463
    }
}