{
    "values": {
        "n_trees": 5,
        "max_depth": 4,
        "real_max_depth": 4,
        "seed": 0,
        "accuracy test": 0.79,
        "accuracy train": 0.88,
        "solve_status": "OPTIMAL",
        "mean-error": 0.16714285714285693,
        "random_error": 0.2643523809523805,
        "solve_duration_time": 52.16135120391846
    }
}