{
    "values": {
        "n_trees": 30,
        "max_depth": 2,
        "real_max_depth": 2,
        "seed": 3,
        "accuracy test": 0.8135714285714286,
        "accuracy train": 0.76,
        "solve_status": "OPTIMAL",
        "mean-error": 0.14666666666666653,
        "random_error": 0.2677476190476187,
        "solve_duration_time": 69.5575180053711
    }
}