{
    "values": {
        "n_trees": 60,
        "max_depth": 5,
        "real_max_depth": 5,
        "seed": 1,
        "accuracy test": 0.77,
        "accuracy train": 0.79,
        "solve_status": "OPTIMAL",
        "mean-error": 0.0009523809523809524,
        "random_error": 0.27283333333333293,
        "solve_duration_time": 27.99591898918152
    }
}