{
    "values": {
        "n_trees": 10,
        "max_depth": 2,
        "real_max_depth": 2,
        "seed": 4,
        "accuracy test": 0.7814285714285715,
        "accuracy train": 0.85,
        "solve_status": "OPTIMAL",
        "mean-error": 0.1709523809523808,
        "random_error": 0.2685095238095234,
        "solve_duration_time": 1.3513169288635254
    }
}