{
    "values": {
        "n_trees": 1,
        "max_depth": 4,
        "real_max_depth": 4,
        "seed": 4,
        "accuracy test": 0.7492857142857143,
        "accuracy train": 0.86,
        "solve_status": "OPTIMAL",
        "mean-error": 0.22380952380952363,
        "random_error": 0.2685095238095234,
        "solve_duration_time": 0.21255159378051758
    }
}