{
    "values": {
        "n_trees": 1,
        "max_depth": 10,
        "real_max_depth": 10,
        "seed": 4,
        "accuracy test": 0.715,
        "accuracy train": 0.95,
        "solve_status": "OPTIMAL",
        "mean-error": 0.19285714285714253,
        "random_error": 0.2685095238095234,
        "solve_duration_time": 8.371870040893555
    }
}