{
    "values": {
        "n_trees": 5,
        "max_depth": 2,
        "real_max_depth": 2,
        "seed": 1,
        "accuracy test": 0.7714285714285715,
        "accuracy train": 0.73,
        "solve_status": "OPTIMAL",
        "mean-error": 0.25142857142857106,
        "random_error": 0.27283333333333293,
        "solve_duration_time": 1.3601398468017578
    }
}