{
    "values": {
        "n_trees": 30,
        "max_depth": 3,
        "real_max_depth": 3,
        "seed": 1,
        "accuracy test": 0.7664285714285715,
        "accuracy train": 0.74,
        "solve_status": "OPTIMAL",
        "mean-error": 0.07999999999999996,
        "random_error": 0.27283333333333293,
        "solve_duration_time": 2832.789818048477
    }
}