{
    "values": {
        "n_trees": 10,
        "max_depth": 3,
        "real_max_depth": 3,
        "seed": 2,
        "accuracy test": 0.7857142857142857,
        "accuracy train": 0.86,
        "solve_status": "OPTIMAL",
        "mean-error": 0.16714285714285693,
        "random_error": 0.2675190476190473,
        "solve_duration_time": 51.04780626296997
    }
}