{
    "values": {
        "n_trees": 60,
        "max_depth": 2,
        "real_max_depth": 2,
        "seed": 3,
        "accuracy test": 0.8171428571428572,
        "accuracy train": 0.76,
        "solve_status": "OPTIMAL",
        "mean-error": 0.1304761904761903,
        "random_error": 0.2677476190476187,
        "solve_duration_time": 1713.9988994598389
    }
}