{
    "values": {
        "n_trees": 5,
        "max_depth": 2,
        "real_max_depth": 2,
        "seed": 0,
        "accuracy test": 0.7928571428571428,
        "accuracy train": 0.83,
        "solve_status": "OPTIMAL",
        "mean-error": 0.19476190476190453,
        "random_error": 0.2643523809523805,
        "solve_duration_time": 2.4535973072052
    }
}