{
    "values": {
        "n_trees": 40,
        "max_depth": 2,
        "real_max_depth": 2,
        "seed": 4,
        "accuracy test": 0.79,
        "accuracy train": 0.85,
        "solve_status": "OPTIMAL",
        "mean-error": 0.13904761904761886,
        "random_error": 0.2685095238095234,
        "solve_duration_time": 5.365652561187744
    }
}