{
    "values": {
        "n_trees": 5,
        "max_depth": 3,
        "real_max_depth": 3,
        "seed": 1,
        "accuracy test": 0.77,
        "accuracy train": 0.74,
        "solve_status": "OPTIMAL",
        "mean-error": 0.18666666666666645,
        "random_error": 0.27283333333333293,
        "solve_duration_time": 1.195493221282959
    }
}