{
    "values": {
        "n_trees": 1,
        "max_depth": 3,
        "real_max_depth": 3,
        "seed": 2,
        "accuracy test": 0.79,
        "accuracy train": 0.82,
        "solve_status": "OPTIMAL",
        "mean-error": 0.2571428571428568,
        "random_error": 0.2675190476190473,
        "solve_duration_time": 0.16869878768920898
    }
}