{
    "values": {
        "n_trees": 10,
        "max_depth": 3,
        "real_max_depth": 3,
        "seed": 0,
        "accuracy test": 0.8035714285714286,
        "accuracy train": 0.83,
        "solve_status": "OPTIMAL",
        "mean-error": 0.14476190476190456,
        "random_error": 0.2643523809523805,
        "solve_duration_time": 186.27800869941711
    }
}