{
    "values": {
        "n_trees": 1,
        "max_depth": 10,
        "real_max_depth": 10,
        "seed": 1,
        "accuracy test": 0.5985714285714285,
        "accuracy train": 0.91,
        "solve_status": "OPTIMAL",
        "mean-error": 0.1823809523809522,
        "random_error": 0.27283333333333293,
        "solve_duration_time": 36.62681865692139
    }
}