{
    "values": {
        "n_trees": 80,
        "max_depth": 2,
        "real_max_depth": 2,
        "seed": 4,
        "accuracy test": 0.7871428571428571,
        "accuracy train": 0.85,
        "solve_status": "OPTIMAL",
        "mean-error": 0.14952380952380934,
        "random_error": 0.2685095238095234,
        "solve_duration_time": 109.57358980178833
    }
}