{
    "values": {
        "n_trees": 100,
        "max_depth": 5,
        "real_max_depth": 5,
        "seed": 0,
        "accuracy test": 0.8028571428571428,
        "accuracy train": 0.89,
        "solve_status": "OPTIMAL",
        "mean-error": 0.0019047619047619048,
        "random_error": 0.2643523809523805,
        "solve_duration_time": 40.22115159034729
    }
}