{
    "values": {
        "n_trees": 30,
        "max_depth": null,
        "real_max_depth": 14,
        "seed": 1,
        "accuracy test": 0.7028571428571428,
        "accuracy train": 0.92,
        "solve_status": "OPTIMAL",
        "mean-error": 0.0038095238095238095,
        "random_error": 0.27283333333333293,
        "solve_duration_time": 33.6274995803833
    }
}