{
    "values": {
        "n_trees": 1,
        "max_depth": 10,
        "real_max_depth": 10,
        "seed": 2,
        "accuracy test": 0.7292857142857143,
        "accuracy train": 0.98,
        "solve_status": "OPTIMAL",
        "mean-error": 0.1866666666666665,
        "random_error": 0.2675190476190473,
        "solve_duration_time": 29.638023138046265
    }
}