{
    "values": {
        "n_trees": 40,
        "max_depth": 2,
        "real_max_depth": 2,
        "seed": 3,
        "accuracy test": 0.815,
        "accuracy train": 0.76,
        "solve_status": "OPTIMAL",
        "mean-error": 0.13047619047619036,
        "random_error": 0.2677476190476187,
        "solve_duration_time": 186.7694549560547
    }
}