{
    "values": {
        "n_trees": 100,
        "max_depth": null,
        "real_max_depth": 15,
        "seed": 1,
        "accuracy test": 0.7228571428571429,
        "accuracy train": 0.96,
        "solve_status": "FEASIBLE",
        "mean-error": 0.09342105263157893,
        "random_error": 0.27727631578947376,
        "solve_duration_time": 7376.775213479996,
        "known_proportion": 0.6
    }
}