{
    "values": {
        "n_trees": 100,
        "max_depth": null,
        "real_max_depth": 15,
        "seed": 2,
        "accuracy test": 0.7764285714285715,
        "accuracy train": 0.97,
        "solve_status": "FEASIBLE",
        "mean-error": 0.07443609022556394,
        "random_error": 0.2594060150375941,
        "solve_duration_time": 7417.511630535126,
        "known_proportion": 0.3
    }
}