{
    "values": {
        "n_trees": 100,
        "max_depth": null,
        "real_max_depth": 14,
        "seed": 0,
        "accuracy test": 0.7621428571428571,
        "accuracy train": 0.96,
        "solve_status": "FEASIBLE",
        "mean-error": 0.12105263157894737,
        "random_error": 0.32489473684210524,
        "solve_duration_time": 7350.08473610878,
        "known_proportion": 0.9
    }
}