{
    "values": {
        "n_trees": 100,
        "max_depth": null,
        "real_max_depth": 15,
        "seed": 1,
        "accuracy test": 0.7228571428571429,
        "accuracy train": 0.96,
        "solve_status": "FEASIBLE",
        "mean-error": 0.14736842105263157,
        "random_error": 0.3349473684210526,
        "solve_duration_time": 7395.951301574707,
        "known_proportion": 0.9
    }
}