{
    "values": {
        "n_trees": 100,
        "max_depth": null,
        "real_max_depth": 15,
        "seed": 2,
        "accuracy test": 0.7764285714285715,
        "accuracy train": 0.97,
        "solve_status": "FEASIBLE",
        "mean-error": 0.08289473684210524,
        "random_error": 0.2713947368421053,
        "solve_duration_time": 7359.909804344177,
        "known_proportion": 0.6
    }
}