{
    "values": {
        "n_trees": 100,
        "max_depth": null,
        "real_max_depth": 14,
        "seed": 0,
        "accuracy test": 0.7621428571428571,
        "accuracy train": 0.96,
        "solve_status": "FEASIBLE",
        "mean-error": 0.12631578947368421,
        "random_error": 0.3578947368421053,
        "solve_duration_time": 7340.264659643173,
        "known_proportion": 0.95
    }
}