{
    "values": {
        "n_trees": 100,
        "max_depth": null,
        "real_max_depth": 15,
        "seed": 1,
        "accuracy test": 0.7228571428571429,
        "accuracy train": 0.96,
        "solve_status": "UNKNOWN",
        "mean-error": 0.2533333333333334,
        "random_error": 0.2533333333333334,
        "solve_duration_time": 7394.06098985672,
        "known_proportion": 0.01
    }
}