{
    "values": {
        "n_trees": 100,
        "max_depth": null,
        "real_max_depth": 15,
        "seed": 1,
        "accuracy test": 0.7228571428571429,
        "accuracy train": 0.96,
        "solve_status": "UNKNOWN",
        "mean-error": 0.26318421052631585,
        "random_error": 0.26318421052631585,
        "solve_duration_time": 7438.370634317398,
        "known_proportion": 0.4
    }
}