{
    "values": {
        "n_trees": 100,
        "max_depth": null,
        "real_max_depth": 15,
        "seed": 1,
        "accuracy test": 0.7228571428571429,
        "accuracy train": 0.96,
        "solve_status": "FEASIBLE",
        "mean-error": 0.10789473684210527,
        "random_error": 0.30360526315789477,
        "solve_duration_time": 7360.022060394287,
        "known_proportion": 0.8
    }
}