{
    "values": {
        "n_trees": 100,
        "max_depth": null,
        "real_max_depth": 14,
        "seed": 4,
        "accuracy test": 0.7921428571428571,
        "accuracy train": 0.99,
        "solve_status": "FEASIBLE",
        "mean-error": 0.0888157894736842,
        "random_error": 0.25518421052631574,
        "solve_duration_time": 7410.856193304062,
        "known_proportion": 0.2
    }
}