{
    "values": {
        "n_trees": 100,
        "max_depth": null,
        "real_max_depth": 15,
        "seed": 1,
        "accuracy test": 0.7228571428571429,
        "accuracy train": 0.96,
        "solve_status": "FEASIBLE",
        "mean-error": 0.08195488721804511,
        "random_error": 0.25848120300751876,
        "solve_duration_time": 7385.306027889252,
        "known_proportion": 0.3
    }
}