{
    "values": {
        "n_trees": 100,
        "max_depth": null,
        "real_max_depth": 14,
        "seed": 0,
        "accuracy test": 0.7621428571428571,
        "accuracy train": 0.96,
        "solve_status": "FEASIBLE",
        "mean-error": 0.11052631578947368,
        "random_error": 0.29536842105263167,
        "solve_duration_time": 7381.627677679062,
        "known_proportion": 0.7
    }
}