{
    "values": {
        "n_trees": 100,
        "max_depth": null,
        "real_max_depth": 14,
        "seed": 3,
        "accuracy test": 0.7814285714285715,
        "accuracy train": 0.94,
        "solve_status": "FEASIBLE",
        "mean-error": 0.11052631578947367,
        "random_error": 0.32836842105263137,
        "solve_duration_time": 7396.083634376526,
        "known_proportion": 0.9
    }
}