{
    "values": {
        "n_trees": 100,
        "max_depth": null,
        "real_max_depth": 15,
        "seed": 1,
        "accuracy test": 0.7228571428571429,
        "accuracy train": 0.96,
        "solve_status": "UNKNOWN",
        "mean-error": 0.25428808864265917,
        "random_error": 0.25428808864265917,
        "solve_duration_time": 7395.638501405716,
        "known_proportion": 0.05
    }
}