{
    "values": {
        "n_trees": 100,
        "max_depth": null,
        "real_max_depth": 14,
        "seed": 3,
        "accuracy test": 0.7814285714285715,
        "accuracy train": 0.94,
        "solve_status": "FEASIBLE",
        "mean-error": 0.0905263157894737,
        "random_error": 0.2754842105263158,
        "solve_duration_time": 7353.025147676468,
        "known_proportion": 0.5
    }
}