{
    "values": {
        "n_trees": 100,
        "max_depth": null,
        "real_max_depth": 15,
        "seed": 2,
        "accuracy test": 0.7764285714285715,
        "accuracy train": 0.97,
        "solve_status": "FEASIBLE",
        "mean-error": 0.06842105263157894,
        "random_error": 0.33021052631578945,
        "solve_duration_time": 7372.273687362671,
        "known_proportion": 0.9
    }
}