{
    "values": {
        "n_trees": 100,
        "max_depth": null,
        "real_max_depth": 14,
        "seed": 0,
        "accuracy test": 0.7621428571428571,
        "accuracy train": 0.96,
        "solve_status": "FEASIBLE",
        "mean-error": 0.1236842105263158,
        "random_error": 0.3089210526315789,
        "solve_duration_time": 7353.419827222824,
        "known_proportion": 0.8
    }
}