{
    "values": {
        "n_trees": 100,
        "max_depth": null,
        "real_max_depth": 14,
        "seed": 4,
        "accuracy test": 0.7921428571428571,
        "accuracy train": 0.99,
        "solve_status": "FEASIBLE",
        "mean-error": 0.11929824561403507,
        "random_error": 0.2589473684210527,
        "solve_duration_time": 7350.142548084259,
        "known_proportion": 0.4
    }
}