{
    "values": {
        "n_trees": 100,
        "max_depth": null,
        "real_max_depth": 14,
        "seed": 0,
        "accuracy test": 0.7621428571428571,
        "accuracy train": 0.96,
        "solve_status": "FEASIBLE",
        "mean-error": 0.08642659279778395,
        "random_error": 0.2553240997229916,
        "solve_duration_time": 7362.843293190002,
        "known_proportion": 0.05
    }
}