{
    "values": {
        "n_trees": 100,
        "max_depth": null,
        "real_max_depth": 15,
        "seed": 1,
        "accuracy test": 0.7228571428571429,
        "accuracy train": 0.96,
        "solve_status": "UNKNOWN",
        "mean-error": 0.2580292397660817,
        "random_error": 0.2580292397660817,
        "solve_duration_time": 7391.848002910614,
        "known_proportion": 0.1
    }
}