{
    "values": {
        "n_trees": 100,
        "max_depth": null,
        "real_max_depth": 14,
        "seed": 4,
        "accuracy test": 0.7921428571428571,
        "accuracy train": 0.99,
        "solve_status": "FEASIBLE",
        "mean-error": 0.09824561403508773,
        "random_error": 0.28317543859649125,
        "solve_duration_time": 7393.447672843933,
        "known_proportion": 0.7
    }
}