{
    "values": {
        "n_trees": 100,
        "max_depth": null,
        "real_max_depth": 15,
        "seed": 1,
        "accuracy test": 0.7228571428571429,
        "accuracy train": 0.96,
        "solve_status": "FEASIBLE",
        "mean-error": 0.07543859649122807,
        "random_error": 0.29059649122807,
        "solve_duration_time": 7374.889480352402,
        "known_proportion": 0.7
    }
}