{
    "values": {
        "n_trees": 100,
        "max_depth": null,
        "real_max_depth": 14,
        "seed": 0,
        "accuracy test": 0.7621428571428571,
        "accuracy train": 0.96,
        "solve_status": "FEASIBLE",
        "mean-error": 0.08859649122807019,
        "random_error": 0.269578947368421,
        "solve_duration_time": 7419.856916666031,
        "known_proportion": 0.4
    }
}