{
    "values": {
        "n_trees": 100,
        "max_depth": null,
        "real_max_depth": 15,
        "seed": 2,
        "accuracy test": 0.7764285714285715,
        "accuracy train": 0.97,
        "solve_status": "FEASIBLE",
        "mean-error": 0.07257617728531855,
        "random_error": 0.25492520775623256,
        "solve_duration_time": 7389.366202831268,
        "known_proportion": 0.05
    }
}