{
    "values": {
        "n_trees": 100,
        "max_depth": null,
        "real_max_depth": 14,
        "seed": 4,
        "accuracy test": 0.7921428571428571,
        "accuracy train": 0.99,
        "solve_status": "FEASIBLE",
        "mean-error": 0.10350877192982451,
        "random_error": 0.2527368421052632,
        "solve_duration_time": 7405.928972482681,
        "known_proportion": 0.1
    }
}