{
    "values": {
        "n_trees": 100,
        "max_depth": null,
        "real_max_depth": 14,
        "seed": 4,
        "accuracy test": 0.7921428571428571,
        "accuracy train": 0.99,
        "solve_status": "FEASIBLE",
        "mean-error": 0.11052631578947371,
        "random_error": 0.2588646616541353,
        "solve_duration_time": 7401.988156318665,
        "known_proportion": 0.3
    }
}