{
    "values": {
        "n_trees": 100,
        "max_depth": null,
        "real_max_depth": 11,
        "seed": 1,
        "accuracy test": 0.6192857142857143,
        "accuracy train": 0.76,
        "solve_status": "FEASIBLE",
        "mean-error": 0.052040816326530605,
        "random_error": 0.2015408163265306,
        "solve_duration_time": 7403.829192638397,
        "known_proportion": 0.3
    }
}