{
    "values": {
        "n_trees": 100,
        "max_depth": null,
        "real_max_depth": 11,
        "seed": 3,
        "accuracy test": 0.5678571428571428,
        "accuracy train": 0.76,
        "solve_status": "FEASIBLE",
        "mean-error": 0.08809523809523809,
        "random_error": 0.22790476190476172,
        "solve_duration_time": 7352.114180326462,
        "known_proportion": 0.7
    }
}