{
    "values": {
        "n_trees": 100,
        "max_depth": null,
        "real_max_depth": 12,
        "seed": 4,
        "accuracy test": 0.5407142857142857,
        "accuracy train": 0.78,
        "solve_status": "FEASIBLE",
        "mean-error": 0.06428571428571427,
        "random_error": 0.23535714285714276,
        "solve_duration_time": 7355.8915548324585,
        "known_proportion": 0.7
    }
}