{
    "values": {
        "n_trees": 100,
        "max_depth": null,
        "real_max_depth": 11,
        "seed": 0,
        "accuracy test": 0.5728571428571428,
        "accuracy train": 0.87,
        "solve_status": "FEASIBLE",
        "mean-error": 0.0642857142857143,
        "random_error": 0.21589795918367344,
        "solve_duration_time": 7353.186793804169,
        "known_proportion": 0.3
    }
}