{
    "values": {
        "n_trees": 100,
        "max_depth": null,
        "real_max_depth": 11,
        "seed": 0,
        "accuracy test": 0.5728571428571428,
        "accuracy train": 0.87,
        "solve_status": "FEASIBLE",
        "mean-error": 0.08214285714285713,
        "random_error": 0.23692857142857135,
        "solve_duration_time": 7355.545311450958,
        "known_proportion": 0.6
    }
}