{
    "values": {
        "n_trees": 100,
        "max_depth": null,
        "real_max_depth": 11,
        "seed": 0,
        "accuracy test": 0.5728571428571428,
        "accuracy train": 0.87,
        "solve_status": "FEASIBLE",
        "mean-error": 0.040714285714285724,
        "random_error": 0.2105928571428571,
        "solve_duration_time": 7442.291881561279,
        "known_proportion": 0.0
    }
}