{
    "values": {
        "n_trees": 100,
        "max_depth": null,
        "real_max_depth": 11,
        "seed": 1,
        "accuracy test": 0.6192857142857143,
        "accuracy train": 0.76,
        "solve_status": "FEASIBLE",
        "mean-error": 0.04642857142857143,
        "random_error": 0.24417857142857158,
        "solve_duration_time": 7377.525097846985,
        "known_proportion": 0.8
    }
}