{
    "values": {
        "n_trees": 100,
        "max_depth": null,
        "real_max_depth": 11,
        "seed": 0,
        "accuracy test": 0.5728571428571428,
        "accuracy train": 0.87,
        "solve_status": "FEASIBLE",
        "mean-error": 0.04821428571428571,
        "random_error": 0.2101696428571429,
        "solve_duration_time": 7369.851980924606,
        "known_proportion": 0.2
    }
}