{
    "values": {
        "n_trees": 100,
        "max_depth": null,
        "real_max_depth": 11,
        "seed": 0,
        "accuracy test": 0.5728571428571428,
        "accuracy train": 0.87,
        "solve_status": "FEASIBLE",
        "mean-error": 0.05952380952380952,
        "random_error": 0.21470238095238084,
        "solve_duration_time": 7427.230353355408,
        "known_proportion": 0.4
    }
}