{
    "values": {
        "n_trees": 100,
        "max_depth": null,
        "real_max_depth": 11,
        "seed": 3,
        "accuracy test": 0.5678571428571428,
        "accuracy train": 0.76,
        "solve_status": "FEASIBLE",
        "mean-error": 0.06836734693877551,
        "random_error": 0.2202142857142857,
        "solve_duration_time": 7447.15584397316,
        "known_proportion": 0.3
    }
}