{
    "values": {
        "n_trees": 100,
        "max_depth": null,
        "real_max_depth": 11,
        "seed": 2,
        "accuracy test": 0.6035714285714285,
        "accuracy train": 0.83,
        "solve_status": "FEASIBLE",
        "mean-error": 0.08035714285714286,
        "random_error": 0.21592857142857144,
        "solve_duration_time": 7368.029146909714,
        "known_proportion": 0.6
    }
}