{
    "values": {
        "n_trees": 100,
        "max_depth": null,
        "real_max_depth": 11,
        "seed": 3,
        "accuracy test": 0.5678571428571428,
        "accuracy train": 0.76,
        "solve_status": "FEASIBLE",
        "mean-error": 0.06285714285714286,
        "random_error": 0.2248857142857143,
        "solve_duration_time": 7359.662239074707,
        "known_proportion": 0.5
    }
}