{
    "values": {
        "n_trees": 100,
        "max_depth": null,
        "real_max_depth": 11,
        "seed": 1,
        "accuracy test": 0.6192857142857143,
        "accuracy train": 0.76,
        "solve_status": "FEASIBLE",
        "mean-error": 0.0484126984126984,
        "random_error": 0.20114285714285707,
        "solve_duration_time": 7366.567535400391,
        "known_proportion": 0.1
    }
}