{
    "values": {
        "n_trees": 100,
        "max_depth": null,
        "real_max_depth": 12,
        "seed": 4,
        "accuracy test": 0.5407142857142857,
        "accuracy train": 0.78,
        "solve_status": "FEASIBLE",
        "mean-error": 0.07678571428571429,
        "random_error": 0.22539285714285706,
        "solve_duration_time": 7361.883364677429,
        "known_proportion": 0.6
    }
}