{
    "values": {
        "n_trees": 100,
        "max_depth": null,
        "real_max_depth": 11,
        "seed": 2,
        "accuracy test": 0.6035714285714285,
        "accuracy train": 0.83,
        "solve_status": "FEASIBLE",
        "mean-error": 0.049062049062049064,
        "random_error": 0.19812409812409817,
        "solve_duration_time": 7371.846729278564,
        "known_proportion": 0.01
    }
}