{
    "values": {
        "n_trees": 100,
        "max_depth": null,
        "real_max_depth": 11,
        "seed": 3,
        "accuracy test": 0.5678571428571428,
        "accuracy train": 0.76,
        "solve_status": "FEASIBLE",
        "mean-error": 0.09285714285714283,
        "random_error": 0.24592857142857127,
        "solve_duration_time": 7367.978269815445,
        "known_proportion": 0.8
    }
}