{
    "values": {
        "n_trees": 100,
        "max_depth": null,
        "real_max_depth": 12,
        "seed": 4,
        "accuracy test": 0.5407142857142857,
        "accuracy train": 0.78,
        "solve_status": "UNKNOWN",
        "mean-error": 0.2068839285714284,
        "random_error": 0.2068839285714284,
        "solve_duration_time": 7444.27180314064,
        "known_proportion": 0.2
    }
}