{
    "values": {
        "n_trees": 100,
        "max_depth": null,
        "real_max_depth": 11,
        "seed": 0,
        "accuracy test": 0.5728571428571428,
        "accuracy train": 0.87,
        "solve_status": "FEASIBLE",
        "mean-error": 0.04360902255639098,
        "random_error": 0.21106015037593984,
        "solve_duration_time": 7347.416783094406,
        "known_proportion": 0.05
    }
}