{
    "values": {
        "n_trees": 100,
        "max_depth": null,
        "real_max_depth": 11,
        "seed": 0,
        "accuracy test": 0.5728571428571428,
        "accuracy train": 0.87,
        "solve_status": "FEASIBLE",
        "mean-error": 0.04285714285714286,
        "random_error": 0.3137142857142855,
        "solve_duration_time": 7363.4282579422,
        "known_proportion": 0.95
    }
}