{
    "values": {
        "n_trees": 100,
        "max_depth": null,
        "real_max_depth": 11,
        "seed": 3,
        "accuracy test": 0.5678571428571428,
        "accuracy train": 0.76,
        "solve_status": "FEASIBLE",
        "mean-error": 0.05446428571428572,
        "random_error": 0.2106607142857142,
        "solve_duration_time": 7363.598716974258,
        "known_proportion": 0.2
    }
}