{
    "values": {
        "n_trees": 100,
        "max_depth": null,
        "real_max_depth": 11,
        "seed": 3,
        "accuracy test": 0.5678571428571428,
        "accuracy train": 0.76,
        "solve_status": "FEASIBLE",
        "mean-error": 0.05338345864661655,
        "random_error": 0.20838345864661648,
        "solve_duration_time": 7384.294545888901,
        "known_proportion": 0.05
    }
}