{
    "values": {
        "n_trees": 100,
        "max_depth": null,
        "real_max_depth": 11,
        "seed": 2,
        "accuracy test": 0.6035714285714285,
        "accuracy train": 0.83,
        "solve_status": "FEASIBLE",
        "mean-error": 0.04428571428571429,
        "random_error": 0.1973785714285715,
        "solve_duration_time": 7384.150236606598,
        "known_proportion": 0.0
    }
}