{
    "values": {
        "n_trees": 100,
        "max_depth": null,
        "real_max_depth": 11,
        "seed": 1,
        "accuracy test": 0.6192857142857143,
        "accuracy train": 0.76,
        "solve_status": "FEASIBLE",
        "mean-error": 0.05714285714285714,
        "random_error": 0.20280952380952375,
        "solve_duration_time": 7383.736142396927,
        "known_proportion": 0.4
    }
}