{
    "values": {
        "n_trees": 100,
        "max_depth": null,
        "real_max_depth": 11,
        "seed": 2,
        "accuracy test": 0.6035714285714285,
        "accuracy train": 0.83,
        "solve_status": "FEASIBLE",
        "mean-error": 0.07857142857142856,
        "random_error": 0.23102380952380933,
        "solve_duration_time": 7360.774559020996,
        "known_proportion": 0.7
    }
}