{
    "values": {
        "n_trees": 100,
        "max_depth": null,
        "real_max_depth": 11,
        "seed": 3,
        "accuracy test": 0.5678571428571428,
        "accuracy train": 0.76,
        "solve_status": "FEASIBLE",
        "mean-error": 0.07261904761904762,
        "random_error": 0.222345238095238,
        "solve_duration_time": 7369.13618516922,
        "known_proportion": 0.4
    }
}