{
    "values": {
        "n_trees": 100,
        "max_depth": null,
        "real_max_depth": 12,
        "seed": 4,
        "accuracy test": 0.5407142857142857,
        "accuracy train": 0.78,
        "solve_status": "FEASIBLE",
        "mean-error": 0.03492063492063492,
        "random_error": 0.20519841269841257,
        "solve_duration_time": 7357.122802257538,
        "known_proportion": 0.1
    }
}