{
    "values": {
        "n_trees": 100,
        "max_depth": null,
        "real_max_depth": 13,
        "seed": 2,
        "accuracy test": 0.7678571428571429,
        "accuracy train": 0.98,
        "solve_status": "FEASIBLE",
        "mean-error": 0.12380952380952381,
        "random_error": 0.3769523809523806,
        "solve_duration_time": 7370.242746591568,
        "known_proportion": 0.95
    }
}