{
    "values": {
        "n_trees": 100,
        "max_depth": null,
        "real_max_depth": 14,
        "seed": 3,
        "accuracy test": 0.7571428571428571,
        "accuracy train": 1.0,
        "solve_status": "FEASIBLE",
        "mean-error": 0.07619047619047618,
        "random_error": 0.35709523809523785,
        "solve_duration_time": 7487.44055056572,
        "known_proportion": 0.9
    }
}