{
    "values": {
        "n_trees": 100,
        "max_depth": null,
        "real_max_depth": 14,
        "seed": 0,
        "accuracy test": 0.7635714285714286,
        "accuracy train": 0.98,
        "solve_status": "FEASIBLE",
        "mean-error": 0.12571428571428567,
        "random_error": 0.28485714285714286,
        "solve_duration_time": 7427.288720846176,
        "known_proportion": 0.5
    }
}