{
    "values": {
        "n_trees": 100,
        "max_depth": null,
        "real_max_depth": 14,
        "seed": 0,
        "accuracy test": 0.7635714285714286,
        "accuracy train": 0.98,
        "solve_status": "FEASIBLE",
        "mean-error": 0.09841269841269841,
        "random_error": 0.29884126984127,
        "solve_duration_time": 7430.481846570969,
        "known_proportion": 0.7
    }
}