{
    "values": {
        "n_trees": 100,
        "max_depth": null,
        "real_max_depth": 13,
        "seed": 4,
        "accuracy test": 0.7528571428571429,
        "accuracy train": 0.98,
        "solve_status": "FEASIBLE",
        "mean-error": 0.12499999999999997,
        "random_error": 0.2897380952380952,
        "solve_duration_time": 7363.1660413742065,
        "known_proportion": 0.6
    }
}