{
    "values": {
        "n_trees": 100,
        "max_depth": null,
        "real_max_depth": 13,
        "seed": 4,
        "accuracy test": 0.7528571428571429,
        "accuracy train": 0.98,
        "solve_status": "FEASIBLE",
        "mean-error": 0.1058201058201058,
        "random_error": 0.2724814814814812,
        "solve_duration_time": 7369.45986700058,
        "known_proportion": 0.1
    }
}