{
    "values": {
        "n_trees": 100,
        "max_depth": null,
        "real_max_depth": 14,
        "seed": 0,
        "accuracy test": 0.7635714285714286,
        "accuracy train": 0.98,
        "solve_status": "UNKNOWN",
        "mean-error": 0.2637902837902834,
        "random_error": 0.2637902837902834,
        "solve_duration_time": 7443.603772163391,
        "known_proportion": 0.01
    }
}