{
    "values": {
        "n_trees": 100,
        "max_depth": null,
        "real_max_depth": 13,
        "seed": 2,
        "accuracy test": 0.7678571428571429,
        "accuracy train": 0.98,
        "solve_status": "UNKNOWN",
        "mean-error": 0.2828707482993195,
        "random_error": 0.2828707482993195,
        "solve_duration_time": 7452.578532218933,
        "known_proportion": 0.3
    }
}