{
    "values": {
        "n_trees": 100,
        "max_depth": null,
        "real_max_depth": 14,
        "seed": 0,
        "accuracy test": 0.7635714285714286,
        "accuracy train": 0.98,
        "solve_status": "FEASIBLE",
        "mean-error": 0.08571428571428572,
        "random_error": 0.3457619047619047,
        "solve_duration_time": 7367.927089929581,
        "known_proportion": 0.9
    }
}