{
    "values": {
        "n_trees": 100,
        "max_depth": null,
        "real_max_depth": 13,
        "seed": 4,
        "accuracy test": 0.7528571428571429,
        "accuracy train": 0.98,
        "solve_status": "FEASIBLE",
        "mean-error": 0.12063492063492062,
        "random_error": 0.2988095238095239,
        "solve_duration_time": 7364.896655797958,
        "known_proportion": 0.7
    }
}