{
    "values": {
        "n_trees": 100,
        "max_depth": null,
        "real_max_depth": 14,
        "seed": 0,
        "accuracy test": 0.7635714285714286,
        "accuracy train": 0.98,
        "solve_status": "FEASIBLE",
        "mean-error": 0.42857142857142855,
        "random_error": 0.4595238095238095,
        "solve_duration_time": 7424.358331680298,
        "known_proportion": 0.99
    }
}