{
    "values": {
        "n_trees": 20,
        "max_depth": 10,
        "real_max_depth": 10,
        "seed": 1,
        "accuracy test": 0.7121428571428572,
        "accuracy train": 0.95,
        "solve_status": "OPTIMAL",
        "mean-error": 0.0305263157894737,
        "random_error": 0.2537315789473685,
        "solve_duration_time": 47.01509714126587
    }
}