{
    "values": {
        "n_trees": 40,
        "max_depth": 10,
        "real_max_depth": 10,
        "seed": 2,
        "accuracy test": 0.7821428571428571,
        "accuracy train": 0.97,
        "solve_status": "OPTIMAL",
        "mean-error": 0.003157894736842105,
        "random_error": 0.2533105263157894,
        "solve_duration_time": 117.96204876899719
    }
}