{
    "values": {
        "n_trees": 10,
        "max_depth": 4,
        "real_max_depth": 4,
        "seed": 1,
        "accuracy test": 0.7671428571428571,
        "accuracy train": 0.86,
        "solve_status": "OPTIMAL",
        "mean-error": 0.22684210526315782,
        "random_error": 0.2537315789473685,
        "solve_duration_time": 16.617552518844604
    }
}