{
    "values": {
        "n_trees": 80,
        "max_depth": 3,
        "real_max_depth": 3,
        "seed": 3,
        "accuracy test": 0.7871428571428571,
        "accuracy train": 0.85,
        "solve_status": "OPTIMAL",
        "mean-error": 0.014736842105263152,
        "random_error": 0.2520631578947368,
        "solve_duration_time": 240.00172352790833
    }
}