{
    "values": {
        "n_trees": 10,
        "max_depth": 2,
        "real_max_depth": 2,
        "seed": 2,
        "accuracy test": 0.7671428571428571,
        "accuracy train": 0.75,
        "solve_status": "OPTIMAL",
        "mean-error": 0.3157894736842103,
        "random_error": 0.2533105263157894,
        "solve_duration_time": 10.775810480117798
    }
}