{
    "values": {
        "n_trees": 30,
        "max_depth": 2,
        "real_max_depth": 2,
        "seed": 3,
        "accuracy test": 0.775,
        "accuracy train": 0.82,
        "solve_status": "OPTIMAL",
        "mean-error": 0.15947368421052613,
        "random_error": 0.2520631578947368,
        "solve_duration_time": 41.04516625404358
    }
}