{
    "values": {
        "n_trees": 100,
        "max_depth": 4,
        "real_max_depth": 4,
        "seed": 0,
        "accuracy test": 0.7821428571428571,
        "accuracy train": 0.9,
        "solve_status": "OPTIMAL",
        "mean-error": 0.0005263157894736842,
        "random_error": 0.2545052631578947,
        "solve_duration_time": 304.04447531700134
    }
}