{
    "values": {
        "n_trees": 5,
        "max_depth": 5,
        "real_max_depth": 5,
        "seed": 2,
        "accuracy test": 0.7728571428571429,
        "accuracy train": 0.89,
        "solve_status": "OPTIMAL",
        "mean-error": 0.274736842105263,
        "random_error": 0.2533105263157894,
        "solve_duration_time": 8.365194082260132
    }
}