{
    "values": {
        "n_trees": 20,
        "max_depth": 3,
        "real_max_depth": 3,
        "seed": 2,
        "accuracy test": 0.7814285714285715,
        "accuracy train": 0.78,
        "solve_status": "OPTIMAL",
        "mean-error": 0.08157894736842103,
        "random_error": 0.2533105263157894,
        "solve_duration_time": 31.062952518463135
    }
}