{
    "values": {
        "n_trees": 20,
        "max_depth": 5,
        "real_max_depth": 5,
        "seed": 1,
        "accuracy test": 0.7492857142857143,
        "accuracy train": 0.9,
        "solve_status": "OPTIMAL",
        "mean-error": 0.041578947368421056,
        "random_error": 0.2537315789473685,
        "solve_duration_time": 38.257784605026245
    }
}