{
    "values": {
        "n_trees": 40,
        "max_depth": 5,
        "real_max_depth": 5,
        "seed": 4,
        "accuracy test": 0.7978571428571428,
        "accuracy train": 0.93,
        "solve_status": "OPTIMAL",
        "mean-error": 0.008421052631578945,
        "random_error": 0.24924736842105266,
        "solve_duration_time": 84.30725693702698
    }
}