{
    "values": {
        "n_trees": 20,
        "max_depth": 2,
        "real_max_depth": 2,
        "seed": 4,
        "accuracy test": 0.7585714285714286,
        "accuracy train": 0.8,
        "solve_status": "OPTIMAL",
        "mean-error": 0.22578947368421054,
        "random_error": 0.24924736842105266,
        "solve_duration_time": 20.47287893295288
    }
}