{
    "values": {
        "n_trees": 5,
        "max_depth": 3,
        "real_max_depth": 3,
        "seed": 2,
        "accuracy test": 0.7692857142857142,
        "accuracy train": 0.79,
        "solve_status": "OPTIMAL",
        "mean-error": 0.33736842105263143,
        "random_error": 0.2533105263157894,
        "solve_duration_time": 6.517343997955322
    }
}