{
    "values": {
        "n_trees": 80,
        "max_depth": 3,
        "real_max_depth": 3,
        "seed": 4,
        "accuracy test": 0.775,
        "accuracy train": 0.82,
        "solve_status": "OPTIMAL",
        "mean-error": 0.009473684210526311,
        "random_error": 0.24924736842105266,
        "solve_duration_time": 176.3133602142334
    }
}