{
    "values": {
        "n_trees": 100,
        "max_depth": 3,
        "real_max_depth": 3,
        "seed": 3,
        "accuracy test": 0.785,
        "accuracy train": 0.85,
        "solve_status": "OPTIMAL",
        "mean-error": 0.006842105263157895,
        "random_error": 0.2520631578947368,
        "solve_duration_time": 384.3229627609253
    }
}