{
    "values": {
        "n_trees": 1,
        "max_depth": 2,
        "real_max_depth": 2,
        "seed": 0,
        "accuracy test": 0.7392857142857143,
        "accuracy train": 0.8,
        "solve_status": "OPTIMAL",
        "mean-error": 0.5568421052631577,
        "random_error": 0.2545052631578947,
        "solve_duration_time": 1.0746052265167236
    }
}