{
    "values": {
        "n_trees": 20,
        "max_depth": 3,
        "real_max_depth": 3,
        "seed": 0,
        "accuracy test": 0.7771428571428571,
        "accuracy train": 0.86,
        "solve_status": "OPTIMAL",
        "mean-error": 0.10421052631578939,
        "random_error": 0.2545052631578947,
        "solve_duration_time": 25.358126878738403
    }
}