{
    "values": {
        "n_trees": 30,
        "max_depth": null,
        "real_max_depth": 14,
        "seed": 2,
        "accuracy test": 0.78,
        "accuracy train": 0.97,
        "solve_status": "OPTIMAL",
        "mean-error": 0.0194736842105263,
        "random_error": 0.2533105263157894,
        "solve_duration_time": 74.65811085700989
    }
}