{
    "values": {
        "n_trees": 50,
        "max_depth": 3,
        "real_max_depth": 3,
        "seed": 2,
        "accuracy test": 0.7878571428571428,
        "accuracy train": 0.8,
        "solve_status": "OPTIMAL",
        "mean-error": 0.03578947368421055,
        "random_error": 0.2533105263157894,
        "solve_duration_time": 70.16763424873352
    }
}