{
    "values": {
        "n_trees": 10,
        "max_depth": null,
        "real_max_depth": 12,
        "seed": 3,
        "accuracy test": 0.7528571428571429,
        "accuracy train": 0.94,
        "solve_status": "OPTIMAL",
        "mean-error": 0.17052631578947366,
        "random_error": 0.2520631578947368,
        "solve_duration_time": 26.28061270713806
    }
}