{
    "values": {
        "n_trees": 80,
        "max_depth": 2,
        "real_max_depth": 2,
        "seed": 1,
        "accuracy test": 0.7978571428571428,
        "accuracy train": 0.82,
        "solve_status": "OPTIMAL",
        "mean-error": 0.00631578947368421,
        "random_error": 0.2537315789473685,
        "solve_duration_time": 523.1597490310669
    }
}