{
    "values": {
        "n_trees": 50,
        "max_depth": null,
        "real_max_depth": 15,
        "seed": 2,
        "accuracy test": 0.7735714285714286,
        "accuracy train": 0.97,
        "solve_status": "OPTIMAL",
        "mean-error": 0.0015789473684210526,
        "random_error": 0.2533105263157894,
        "solve_duration_time": 152.87736749649048
    }
}