{
    "values": {
        "n_trees": 40,
        "max_depth": 5,
        "real_max_depth": 5,
        "seed": 2,
        "accuracy test": 0.7785714285714286,
        "accuracy train": 0.88,
        "solve_status": "OPTIMAL",
        "mean-error": 0.007368421052631577,
        "random_error": 0.2533105263157894,
        "solve_duration_time": 79.18274164199829
    }
}