{
    "values": {
        "n_trees": 20,
        "max_depth": 4,
        "real_max_depth": 4,
        "seed": 4,
        "accuracy test": 0.7807142857142857,
        "accuracy train": 0.88,
        "solve_status": "OPTIMAL",
        "mean-error": 0.06947368421052628,
        "random_error": 0.24924736842105266,
        "solve_duration_time": 44.26594424247742
    }
}