{
    "values": {
        "n_trees": 50,
        "max_depth": null,
        "real_max_depth": 14,
        "seed": 1,
        "accuracy test": 0.7185714285714285,
        "accuracy train": 0.96,
        "solve_status": "OPTIMAL",
        "mean-error": 0.002105263157894737,
        "random_error": 0.2537315789473685,
        "solve_duration_time": 161.3780539035797
    }
}