{
    "values": {
        "n_trees": 60,
        "max_depth": 10,
        "real_max_depth": 10,
        "seed": 1,
        "accuracy test": 0.7292857142857143,
        "accuracy train": 0.96,
        "solve_status": "OPTIMAL",
        "mean-error": 0.0015789473684210526,
        "random_error": 0.2537315789473685,
        "solve_duration_time": 183.83707427978516
    }
}