{
    "values": {
        "n_trees": 50,
        "max_depth": 10,
        "real_max_depth": 10,
        "seed": 3,
        "accuracy test": 0.7835714285714286,
        "accuracy train": 0.94,
        "solve_status": "OPTIMAL",
        "mean-error": 0.011052631578947363,
        "random_error": 0.2520631578947368,
        "solve_duration_time": 128.76960349082947
    }
}