{
    "values": {
        "n_trees": 60,
        "max_depth": 5,
        "real_max_depth": 5,
        "seed": 1,
        "accuracy test": 0.7628571428571429,
        "accuracy train": 0.89,
        "solve_status": "OPTIMAL",
        "mean-error": 0.0005263157894736842,
        "random_error": 0.2537315789473685,
        "solve_duration_time": 113.2580828666687
    }
}