{
    "values": {
        "n_trees": 1,
        "max_depth": 3,
        "real_max_depth": 3,
        "seed": 3,
        "accuracy test": 0.7728571428571429,
        "accuracy train": 0.87,
        "solve_status": "OPTIMAL",
        "mean-error": 0.5078947368421052,
        "random_error": 0.2520631578947368,
        "solve_duration_time": 1.0938055515289307
    }
}