{
    "values": {
        "n_trees": 5,
        "max_depth": 5,
        "real_max_depth": 5,
        "seed": 0,
        "accuracy test": 0.7778571428571428,
        "accuracy train": 0.9,
        "solve_status": "OPTIMAL",
        "mean-error": 0.3052631578947368,
        "random_error": 0.2545052631578947,
        "solve_duration_time": 9.57770586013794
    }
}