{
    "values": {
        "n_trees": 70,
        "max_depth": null,
        "real_max_depth": 13,
        "seed": 4,
        "accuracy test": 0.7914285714285715,
        "accuracy train": 0.99,
        "solve_status": "OPTIMAL",
        "mean-error": 0.0005263157894736842,
        "random_error": 0.24924736842105266,
        "solve_duration_time": 257.5812873840332
    }
}