{
    "values": {
        "n_trees": 10,
        "max_depth": null,
        "real_max_depth": 12,
        "seed": 4,
        "accuracy test": 0.7935714285714286,
        "accuracy train": 0.97,
        "solve_status": "OPTIMAL",
        "mean-error": 0.15473684210526303,
        "random_error": 0.24924736842105266,
        "solve_duration_time": 21.230899572372437
    }
}