{
    "values": {
        "n_trees": 10,
        "max_depth": 2,
        "real_max_depth": 2,
        "seed": 4,
        "accuracy test": 0.7628571428571429,
        "accuracy train": 0.82,
        "solve_status": "OPTIMAL",
        "mean-error": 0.3515789473684209,
        "random_error": 0.24924736842105266,
        "solve_duration_time": 9.788700342178345
    }
}