{
    "values": {
        "n_trees": 70,
        "max_depth": null,
        "real_max_depth": 15,
        "seed": 2,
        "accuracy test": 0.775,
        "accuracy train": 0.97,
        "solve_status": "OPTIMAL",
        "mean-error": 0.0005263157894736842,
        "random_error": 0.2533105263157894,
        "solve_duration_time": 160.8882224559784
    }
}