{
    "values": {
        "n_trees": 10,
        "max_depth": 5,
        "real_max_depth": 5,
        "seed": 1,
        "accuracy test": 0.7292857142857143,
        "accuracy train": 0.9,
        "solve_status": "OPTIMAL",
        "mean-error": 0.1610526315789472,
        "random_error": 0.2537315789473685,
        "solve_duration_time": 20.666545629501343
    }
}