{
    "values": {
        "n_trees": 5,
        "max_depth": 3,
        "real_max_depth": 3,
        "seed": 0,
        "accuracy test": 0.7714285714285715,
        "accuracy train": 0.89,
        "solve_status": "OPTIMAL",
        "mean-error": 0.3215789473684209,
        "random_error": 0.2545052631578947,
        "solve_duration_time": 7.097758531570435
    }
}