{
    "values": {
        "n_trees": 40,
        "max_depth": null,
        "real_max_depth": 13,
        "seed": 1,
        "accuracy test": 0.7192857142857143,
        "accuracy train": 0.96,
        "solve_status": "OPTIMAL",
        "mean-error": 0.003157894736842105,
        "random_error": 0.2537315789473685,
        "solve_duration_time": 124.84580945968628
    }
}