{
    "values": {
        "n_trees": 40,
        "max_depth": 2,
        "real_max_depth": 2,
        "seed": 2,
        "accuracy test": 0.7728571428571429,
        "accuracy train": 0.76,
        "solve_status": "OPTIMAL",
        "mean-error": 0.11999999999999983,
        "random_error": 0.2533105263157894,
        "solve_duration_time": 73.0771005153656
    }
}