{
    "values": {
        "n_trees": 80,
        "max_depth": 2,
        "real_max_depth": 2,
        "seed": 2,
        "accuracy test": 0.78,
        "accuracy train": 0.77,
        "solve_status": "OPTIMAL",
        "mean-error": 0.037894736842105294,
        "random_error": 0.2533105263157894,
        "solve_duration_time": 303.3322751522064
    }
}