{
    "values": {
        "n_trees": 1,
        "max_depth": 2,
        "real_max_depth": 2,
        "seed": 2,
        "accuracy test": 0.7592857142857142,
        "accuracy train": 0.77,
        "solve_status": "OPTIMAL",
        "mean-error": 0.5789473684210524,
        "random_error": 0.2533105263157894,
        "solve_duration_time": 0.9994029998779297
    }
}