{
    "values": {
        "n_trees": 50,
        "max_depth": null,
        "real_max_depth": 13,
        "seed": 4,
        "accuracy test": 0.7928571428571428,
        "accuracy train": 0.99,
        "solve_status": "OPTIMAL",
        "mean-error": 0.007894736842105263,
        "random_error": 0.24924736842105266,
        "solve_duration_time": 147.35090565681458
    }
}