{
    "values": {
        "n_trees": 1,
        "max_depth": 4,
        "real_max_depth": 4,
        "seed": 3,
        "accuracy test": 0.7607142857142857,
        "accuracy train": 0.89,
        "solve_status": "OPTIMAL",
        "mean-error": 0.5105263157894736,
        "random_error": 0.2520631578947368,
        "solve_duration_time": 1.2818994522094727
    }
}