{
    "values": {
        "n_trees": 30,
        "max_depth": 10,
        "real_max_depth": 10,
        "seed": 0,
        "accuracy test": 0.77,
        "accuracy train": 0.96,
        "solve_status": "OPTIMAL",
        "mean-error": 0.013684210526315785,
        "random_error": 0.2545052631578947,
        "solve_duration_time": 83.38655209541321
    }
}