{
    "values": {
        "n_trees": 1,
        "max_depth": 4,
        "real_max_depth": 4,
        "seed": 1,
        "accuracy test": 0.7071428571428572,
        "accuracy train": 0.84,
        "solve_status": "OPTIMAL",
        "mean-error": 0.5236842105263158,
        "random_error": 0.2537315789473685,
        "solve_duration_time": 1.7069084644317627
    }
}