{
    "values": {
        "n_trees": 50,
        "max_depth": 5,
        "real_max_depth": 5,
        "seed": 0,
        "accuracy test": 0.7735714285714286,
        "accuracy train": 0.92,
        "solve_status": "OPTIMAL",
        "mean-error": 0.002631578947368421,
        "random_error": 0.2545052631578947,
        "solve_duration_time": 83.3327066898346
    }
}