{
    "values": {
        "n_trees": 40,
        "max_depth": 4,
        "real_max_depth": 4,
        "seed": 3,
        "accuracy test": 0.79,
        "accuracy train": 0.87,
        "solve_status": "OPTIMAL",
        "mean-error": 0.03421052631578949,
        "random_error": 0.2520631578947368,
        "solve_duration_time": 67.85048317909241
    }
}