{
    "values": {
        "n_trees": 10,
        "max_depth": 5,
        "real_max_depth": 5,
        "seed": 3,
        "accuracy test": 0.7921428571428571,
        "accuracy train": 0.9,
        "solve_status": "OPTIMAL",
        "mean-error": 0.21578947368421056,
        "random_error": 0.2520631578947368,
        "solve_duration_time": 14.117693901062012
    }
}