{
    "values": {
        "n_trees": 10,
        "max_depth": 4,
        "real_max_depth": 4,
        "seed": 2,
        "accuracy test": 0.7857142857142857,
        "accuracy train": 0.83,
        "solve_status": "OPTIMAL",
        "mean-error": 0.19999999999999996,
        "random_error": 0.2533105263157894,
        "solve_duration_time": 13.071139097213745
    }
}