{
    "values": {
        "n_trees": 90,
        "max_depth": 2,
        "real_max_depth": 2,
        "seed": 3,
        "accuracy test": 0.78,
        "accuracy train": 0.83,
        "solve_status": "OPTIMAL",
        "mean-error": 0.06052631578947368,
        "random_error": 0.2520631578947368,
        "solve_duration_time": 249.18249368667603
    }
}