{
    "values": {
        "n_trees": 50,
        "max_depth": 10,
        "real_max_depth": 10,
        "seed": 4,
        "accuracy test": 0.7921428571428571,
        "accuracy train": 0.99,
        "solve_status": "OPTIMAL",
        "mean-error": 0.007894736842105262,
        "random_error": 0.24924736842105266,
        "solve_duration_time": 106.89564561843872
    }
}