{
    "values": {
        "n_trees": 1,
        "max_depth": 3,
        "real_max_depth": 3,
        "seed": 0,
        "accuracy test": 0.7528571428571429,
        "accuracy train": 0.85,
        "solve_status": "OPTIMAL",
        "mean-error": 0.5147368421052629,
        "random_error": 0.2545052631578947,
        "solve_duration_time": 1.0653982162475586
    }
}