{
    "values": {
        "n_trees": 90,
        "max_depth": 3,
        "real_max_depth": 3,
        "seed": 3,
        "accuracy test": 0.7857142857142857,
        "accuracy train": 0.85,
        "solve_status": "OPTIMAL",
        "mean-error": 0.012631578947368416,
        "random_error": 0.2520631578947368,
        "solve_duration_time": 139.061847448349
    }
}