{
    "values": {
        "n_trees": 100,
        "max_depth": 5,
        "real_max_depth": 5,
        "seed": 2,
        "accuracy test": 0.7828571428571428,
        "accuracy train": 0.88,
        "solve_status": "OPTIMAL",
        "mean-error": 0.0,
        "random_error": 0.2533105263157894,
        "solve_duration_time": 221.60757088661194
    }
}