{
    "values": {
        "n_trees": 60,
        "max_depth": null,
        "real_max_depth": 14,
        "seed": 1,
        "accuracy test": 0.7264285714285714,
        "accuracy train": 0.96,
        "solve_status": "OPTIMAL",
        "mean-error": 0.0015789473684210526,
        "random_error": 0.2537315789473685,
        "solve_duration_time": 199.3256278038025
    }
}