{
    "values": {
        "n_trees": 30,
        "max_depth": 3,
        "real_max_depth": 3,
        "seed": 0,
        "accuracy test": 0.7742857142857142,
        "accuracy train": 0.86,
        "solve_status": "OPTIMAL",
        "mean-error": 0.07789473684210522,
        "random_error": 0.2545052631578947,
        "solve_duration_time": 43.15816950798035
    }
}