{
    "values": {
        "n_trees": 30,
        "max_depth": 4,
        "real_max_depth": 4,
        "seed": 3,
        "accuracy test": 0.7885714285714286,
        "accuracy train": 0.87,
        "solve_status": "OPTIMAL",
        "mean-error": 0.04842105263157895,
        "random_error": 0.2520631578947368,
        "solve_duration_time": 48.386154890060425
    }
}