{
    "values": {
        "n_trees": 80,
        "max_depth": 3,
        "real_max_depth": 3,
        "seed": 1,
        "accuracy test": 0.7964285714285714,
        "accuracy train": 0.84,
        "solve_status": "OPTIMAL",
        "mean-error": 0.0036842105263157894,
        "random_error": 0.2537315789473685,
        "solve_duration_time": 228.15497422218323
    }
}