{
    "values": {
        "n_trees": 1,
        "max_depth": null,
        "real_max_depth": 11,
        "seed": 4,
        "accuracy test": 0.7271428571428571,
        "accuracy train": 0.89,
        "solve_status": "OPTIMAL",
        "mean-error": 0.4889473684210525,
        "random_error": 0.24924736842105266,
        "solve_duration_time": 2.356207847595215
    }
}