{
    "values": {
        "n_trees": 90,
        "max_depth": 2,
        "real_max_depth": 2,
        "seed": 1,
        "accuracy test": 0.7942857142857143,
        "accuracy train": 0.81,
        "solve_status": "OPTIMAL",
        "mean-error": 0.004210526315789474,
        "random_error": 0.2537315789473685,
        "solve_duration_time": 477.97132539749146
    }
}