{
    "values": {
        "n_trees": 1,
        "max_depth": 5,
        "real_max_depth": 5,
        "seed": 4,
        "accuracy test": 0.7592857142857142,
        "accuracy train": 0.81,
        "solve_status": "OPTIMAL",
        "mean-error": 0.4915789473684214,
        "random_error": 0.24924736842105266,
        "solve_duration_time": 1.4484825134277344
    }
}