{
    "values": {
        "n_trees": 90,
        "max_depth": 10,
        "real_max_depth": 10,
        "seed": 3,
        "accuracy test": 0.7757142857142857,
        "accuracy train": 0.94,
        "solve_status": "OPTIMAL",
        "mean-error": 0.002631578947368421,
        "random_error": 0.2520631578947368,
        "solve_duration_time": 267.9455041885376
    }
}