{
    "values": {
        "n_trees": 20,
        "max_depth": 10,
        "real_max_depth": 10,
        "seed": 4,
        "accuracy test": 0.7957142857142857,
        "accuracy train": 0.99,
        "solve_status": "OPTIMAL",
        "mean-error": 0.037894736842105266,
        "random_error": 0.24924736842105266,
        "solve_duration_time": 54.20739793777466
    }
}