{
    "values": {
        "n_trees": 20,
        "max_depth": 4,
        "real_max_depth": 4,
        "seed": 2,
        "accuracy test": 0.7978571428571428,
        "accuracy train": 0.81,
        "solve_status": "OPTIMAL",
        "mean-error": 0.06052631578947362,
        "random_error": 0.2533105263157894,
        "solve_duration_time": 31.835222005844116
    }
}