{
    "values": {
        "n_trees": 50,
        "max_depth": 5,
        "real_max_depth": 5,
        "seed": 4,
        "accuracy test": 0.7964285714285714,
        "accuracy train": 0.93,
        "solve_status": "OPTIMAL",
        "mean-error": 0.00631578947368421,
        "random_error": 0.24924736842105266,
        "solve_duration_time": 92.14248991012573
    }
}