{
    "values": {
        "n_trees": 40,
        "max_depth": 3,
        "real_max_depth": 3,
        "seed": 3,
        "accuracy test": 0.7864285714285715,
        "accuracy train": 0.84,
        "solve_status": "OPTIMAL",
        "mean-error": 0.07789473684210528,
        "random_error": 0.2520631578947368,
        "solve_duration_time": 75.26221084594727
    }
}