{
    "values": {
        "n_trees": 20,
        "max_depth": null,
        "real_max_depth": 12,
        "seed": 3,
        "accuracy test": 0.7821428571428571,
        "accuracy train": 0.94,
        "solve_status": "OPTIMAL",
        "mean-error": 0.047368421052631574,
        "random_error": 0.2520631578947368,
        "solve_duration_time": 38.01364994049072
    }
}