{
    "values": {
        "n_trees": 90,
        "max_depth": 3,
        "real_max_depth": 3,
        "seed": 1,
        "accuracy test": 0.7964285714285714,
        "accuracy train": 0.85,
        "solve_status": "OPTIMAL",
        "mean-error": 0.0015789473684210526,
        "random_error": 0.2537315789473685,
        "solve_duration_time": 276.7518892288208
    }
}