{
    "values": {
        "n_trees": 90,
        "max_depth": 4,
        "real_max_depth": 4,
        "seed": 3,
        "accuracy test": 0.7878571428571428,
        "accuracy train": 0.87,
        "solve_status": "OPTIMAL",
        "mean-error": 0.009473684210526315,
        "random_error": 0.2520631578947368,
        "solve_duration_time": 303.5833282470703
    }
}