{
    "values": {
        "n_trees": 5,
        "max_depth": null,
        "real_max_depth": 13,
        "seed": 2,
        "accuracy test": 0.7664285714285715,
        "accuracy train": 0.97,
        "solve_status": "OPTIMAL",
        "mean-error": 0.2499999999999999,
        "random_error": 0.2533105263157894,
        "solve_duration_time": 16.537243366241455
    }
}