{
    "values": {
        "n_trees": 30,
        "max_depth": 3,
        "real_max_depth": 3,
        "seed": 1,
        "accuracy test": 0.795,
        "accuracy train": 0.83,
        "solve_status": "OPTIMAL",
        "mean-error": 0.08684210526315786,
        "random_error": 0.2537315789473685,
        "solve_duration_time": 37.37457776069641
    }
}