{
    "values": {
        "n_trees": 5,
        "max_depth": 5,
        "real_max_depth": 5,
        "seed": 1,
        "accuracy test": 0.7328571428571429,
        "accuracy train": 0.87,
        "solve_status": "OPTIMAL",
        "mean-error": 0.3052631578947366,
        "random_error": 0.2537315789473685,
        "solve_duration_time": 8.413704872131348
    }
}