{
    "values": {
        "n_trees": 5,
        "max_depth": 10,
        "real_max_depth": 10,
        "seed": 1,
        "accuracy test": 0.6678571428571428,
        "accuracy train": 0.94,
        "solve_status": "OPTIMAL",
        "mean-error": 0.2684210526315788,
        "random_error": 0.2537315789473685,
        "solve_duration_time": 10.78999400138855
    }
}