{
    "values": {
        "n_trees": 60,
        "max_depth": 10,
        "real_max_depth": 10,
        "seed": 3,
        "accuracy test": 0.785,
        "accuracy train": 0.94,
        "solve_status": "OPTIMAL",
        "mean-error": 0.004736842105263157,
        "random_error": 0.2520631578947368,
        "solve_duration_time": 114.64001059532166
    }
}