{
    "values": {
        "n_trees": 20,
        "max_depth": null,
        "real_max_depth": 13,
        "seed": 1,
        "accuracy test": 0.7128571428571429,
        "accuracy train": 0.96,
        "solve_status": "OPTIMAL",
        "mean-error": 0.033684210526315796,
        "random_error": 0.2537315789473685,
        "solve_duration_time": 63.24396371841431
    }
}