{
    "values": {
        "n_trees": 30,
        "max_depth": null,
        "real_max_depth": 14,
        "seed": 0,
        "accuracy test": 0.7557142857142857,
        "accuracy train": 0.96,
        "solve_status": "OPTIMAL",
        "mean-error": 0.018947368421052622,
        "random_error": 0.2545052631578947,
        "solve_duration_time": 86.60165452957153
    }
}