{
    "values": {
        "n_trees": 80,
        "max_depth": 10,
        "real_max_depth": 10,
        "seed": 1,
        "accuracy test": 0.7328571428571429,
        "accuracy train": 0.96,
        "solve_status": "OPTIMAL",
        "mean-error": 0.0005263157894736842,
        "random_error": 0.2537315789473685,
        "solve_duration_time": 283.93791818618774
    }
}