{
    "values": {
        "n_trees": 100,
        "max_depth": 4,
        "real_max_depth": 4,
        "seed": 3,
        "accuracy test": 0.7892857142857143,
        "accuracy train": 0.87,
        "solve_status": "OPTIMAL",
        "mean-error": 0.005263157894736842,
        "random_error": 0.2520631578947368,
        "solve_duration_time": 287.06367230415344
    }
}