{
    "values": {
        "n_trees": 1,
        "max_depth": null,
        "real_max_depth": 9,
        "seed": 2,
        "accuracy test": 0.7571428571428571,
        "accuracy train": 0.87,
        "solve_status": "OPTIMAL",
        "mean-error": 0.5421052631578945,
        "random_error": 0.2533105263157894,
        "solve_duration_time": 1.866448163986206
    }
}