{
    "values": {
        "n_trees": 100,
        "max_depth": 5,
        "real_max_depth": 5,
        "seed": 3,
        "accuracy test": 0.7857142857142857,
        "accuracy train": 0.9,
        "solve_status": "OPTIMAL",
        "mean-error": 0.0036842105263157894,
        "random_error": 0.2520631578947368,
        "solve_duration_time": 343.68931245803833
    }
}