{
    "values": {
        "n_trees": 30,
        "max_depth": 5,
        "real_max_depth": 5,
        "seed": 4,
        "accuracy test": 0.7928571428571428,
        "accuracy train": 0.93,
        "solve_status": "OPTIMAL",
        "mean-error": 0.016315789473684207,
        "random_error": 0.24924736842105266,
        "solve_duration_time": 58.600701570510864
    }
}