{
    "values": {
        "n_trees": 5,
        "max_depth": null,
        "real_max_depth": 10,
        "seed": 0,
        "accuracy test": 0.5535714285714286,
        "accuracy train": 0.84,
        "solve_status": "OPTIMAL",
        "mean-error": 0.18357142857142858,
        "random_error": 0.2105928571428571,
        "solve_duration_time": 7.9515650272369385
    }
}