{
    "values": {
        "n_trees": 30,
        "max_depth": null,
        "real_max_depth": 11,
        "seed": 4,
        "accuracy test": 0.5414285714285715,
        "accuracy train": 0.78,
        "solve_status": "OPTIMAL",
        "mean-error": 0.0057142857142857125,
        "random_error": 0.20382857142857141,
        "solve_duration_time": 55.383432388305664
    }
}