{
    "values": {
        "n_trees": 10,
        "max_depth": null,
        "real_max_depth": 11,
        "seed": 2,
        "accuracy test": 0.5778571428571428,
        "accuracy train": 0.83,
        "solve_status": "OPTIMAL",
        "mean-error": 0.07928571428571424,
        "random_error": 0.1973785714285715,
        "solve_duration_time": 20.408233642578125
    }
}