{
    "values": {
        "n_trees": 5,
        "max_depth": null,
        "real_max_depth": 11,
        "seed": 2,
        "accuracy test": 0.5957142857142858,
        "accuracy train": 0.81,
        "solve_status": "OPTIMAL",
        "mean-error": 0.20285714285714276,
        "random_error": 0.1973785714285715,
        "solve_duration_time": 9.282791137695312
    }
}