{
    "values": {
        "n_trees": 20,
        "max_depth": 10,
        "real_max_depth": 10,
        "seed": 1,
        "accuracy test": 0.6014285714285714,
        "accuracy train": 0.76,
        "solve_status": "OPTIMAL",
        "mean-error": 0.004999999999999999,
        "random_error": 0.19913571428571422,
        "solve_duration_time": 40.89360284805298
    }
}