{
    "values": {
        "n_trees": 30,
        "max_depth": null,
        "real_max_depth": 11,
        "seed": 0,
        "accuracy test": 0.5707142857142857,
        "accuracy train": 0.87,
        "solve_status": "OPTIMAL",
        "mean-error": 0.003571428571428571,
        "random_error": 0.2105928571428571,
        "solve_duration_time": 77.16667127609253
    }
}