{
    "values": {
        "n_trees": 40,
        "max_depth": 3,
        "real_max_depth": 3,
        "seed": 0,
        "accuracy test": 0.6507142857142857,
        "accuracy train": 0.69,
        "solve_status": "OPTIMAL",
        "mean-error": 0.0057142857142857125,
        "random_error": 0.2105928571428571,
        "solve_duration_time": 66.27663898468018
    }
}