{
    "values": {
        "n_trees": 1,
        "max_depth": 10,
        "real_max_depth": 9,
        "seed": 1,
        "accuracy test": 0.6057142857142858,
        "accuracy train": 0.72,
        "solve_status": "OPTIMAL",
        "mean-error": 0.49785714285714294,
        "random_error": 0.19913571428571422,
        "solve_duration_time": 1.9967210292816162
    }
}