{
    "values": {
        "n_trees": 5,
        "max_depth": 10,
        "real_max_depth": 10,
        "seed": 0,
        "accuracy test": 0.55,
        "accuracy train": 0.84,
        "solve_status": "OPTIMAL",
        "mean-error": 0.18500000000000008,
        "random_error": 0.2105928571428571,
        "solve_duration_time": 9.843856573104858
    }
}