{
    "values": {
        "n_trees": 90,
        "max_depth": 2,
        "real_max_depth": 2,
        "seed": 0,
        "accuracy test": 0.6528571428571428,
        "accuracy train": 0.69,
        "solve_status": "OPTIMAL",
        "mean-error": 0.002857142857142857,
        "random_error": 0.2105928571428571,
        "solve_duration_time": 577.7337408065796
    }
}