{
    "values": {
        "n_trees": 30,
        "max_depth": 2,
        "real_max_depth": 2,
        "seed": 2,
        "accuracy test": 0.6692857142857143,
        "accuracy train": 0.7,
        "solve_status": "OPTIMAL",
        "mean-error": 0.07857142857142856,
        "random_error": 0.1973785714285715,
        "solve_duration_time": 31.828874349594116
    }
}