{
    "values": {
        "n_trees": 10,
        "max_depth": 4,
        "real_max_depth": 4,
        "seed": 2,
        "accuracy test": 0.645,
        "accuracy train": 0.78,
        "solve_status": "OPTIMAL",
        "mean-error": 0.16428571428571417,
        "random_error": 0.1973785714285715,
        "solve_duration_time": 12.34633493423462
    }
}