{
    "values": {
        "n_trees": 70,
        "max_depth": 3,
        "real_max_depth": 3,
        "seed": 3,
        "accuracy test": 0.565,
        "accuracy train": 0.68,
        "solve_status": "OPTIMAL",
        "mean-error": 0.007857142857142856,
        "random_error": 0.20811428571428564,
        "solve_duration_time": 1859.7904970645905
    }
}