{
    "values": {
        "n_trees": 40,
        "max_depth": 4,
        "real_max_depth": 4,
        "seed": 4,
        "accuracy test": 0.6014285714285714,
        "accuracy train": 0.69,
        "solve_status": "OPTIMAL",
        "mean-error": 0.0014285714285714286,
        "random_error": 0.20382857142857141,
        "solve_duration_time": 55.78322625160217
    }
}