{
    "values": {
        "n_trees": 60,
        "max_depth": 2,
        "real_max_depth": 2,
        "seed": 1,
        "accuracy test": 0.5914285714285714,
        "accuracy train": 0.7,
        "solve_status": "OPTIMAL",
        "mean-error": 0.032857142857142876,
        "random_error": 0.19913571428571422,
        "solve_duration_time": 159.26694536209106
    }
}