{
    "values": {
        "n_trees": 5,
        "max_depth": 4,
        "real_max_depth": 4,
        "seed": 0,
        "accuracy test": 0.6135714285714285,
        "accuracy train": 0.75,
        "solve_status": "OPTIMAL",
        "mean-error": 0.2871428571428571,
        "random_error": 0.2105928571428571,
        "solve_duration_time": 5.84438419342041
    }
}