{
    "values": {
        "n_trees": 90,
        "max_depth": 5,
        "real_max_depth": 5,
        "seed": 0,
        "accuracy test": 0.6478571428571429,
        "accuracy train": 0.79,
        "solve_status": "OPTIMAL",
        "mean-error": 0.0007142857142857143,
        "random_error": 0.2105928571428571,
        "solve_duration_time": 255.65909838676453
    }
}