{
    "values": {
        "n_trees": 30,
        "max_depth": 5,
        "real_max_depth": 5,
        "seed": 1,
        "accuracy test": 0.6171428571428571,
        "accuracy train": 0.76,
        "solve_status": "OPTIMAL",
        "mean-error": 0.0014285714285714286,
        "random_error": 0.19913571428571422,
        "solve_duration_time": 66.97408032417297
    }
}