{
    "values": {
        "n_trees": 10,
        "max_depth": 5,
        "real_max_depth": 5,
        "seed": 2,
        "accuracy test": 0.655,
        "accuracy train": 0.79,
        "solve_status": "OPTIMAL",
        "mean-error": 0.11642857142857135,
        "random_error": 0.1973785714285715,
        "solve_duration_time": 13.95065975189209
    }
}