{
    "values": {
        "n_trees": 5,
        "max_depth": 5,
        "real_max_depth": 5,
        "seed": 1,
        "accuracy test": 0.5928571428571429,
        "accuracy train": 0.69,
        "solve_status": "OPTIMAL",
        "mean-error": 0.2478571428571429,
        "random_error": 0.19913571428571422,
        "solve_duration_time": 9.769445419311523
    }
}