{
    "values": {
        "n_trees": 90,
        "max_depth": 3,
        "real_max_depth": 3,
        "seed": 0,
        "accuracy test": 0.6528571428571428,
        "accuracy train": 0.7,
        "solve_status": "OPTIMAL",
        "mean-error": 0.0021428571428571425,
        "random_error": 0.2105928571428571,
        "solve_duration_time": 290.4562785625458
    }
}