{
    "values": {
        "n_trees": 5,
        "max_depth": 2,
        "real_max_depth": 2,
        "seed": 0,
        "accuracy test": 0.615,
        "accuracy train": 0.69,
        "solve_status": "OPTIMAL",
        "mean-error": 0.40928571428571425,
        "random_error": 0.2105928571428571,
        "solve_duration_time": 6.651857614517212
    }
}