{
    "values": {
        "n_trees": 10,
        "max_depth": 2,
        "real_max_depth": 2,
        "seed": 0,
        "accuracy test": 0.645,
        "accuracy train": 0.7,
        "solve_status": "OPTIMAL",
        "mean-error": 0.32714285714285707,
        "random_error": 0.2105928571428571,
        "solve_duration_time": 9.556071519851685
    }
}