{
    "values": {
        "n_trees": 60,
        "max_depth": 5,
        "real_max_depth": 5,
        "seed": 0,
        "accuracy test": 0.6292857142857143,
        "accuracy train": 0.81,
        "solve_status": "OPTIMAL",
        "mean-error": 0.0014285714285714286,
        "random_error": 0.2105928571428571,
        "solve_duration_time": 99.76539874076843
    }
}