{
    "values": {
        "n_trees": 40,
        "max_depth": 2,
        "real_max_depth": 2,
        "seed": 0,
        "accuracy test": 0.6542857142857142,
        "accuracy train": 0.68,
        "solve_status": "OPTIMAL",
        "mean-error": 0.014285714285714282,
        "random_error": 0.2105928571428571,
        "solve_duration_time": 43.82816934585571
    }
}