{
    "values": {
        "n_trees": 5,
        "max_depth": 4,
        "real_max_depth": 4,
        "seed": 1,
        "accuracy test": 0.5542857142857143,
        "accuracy train": 0.66,
        "solve_status": "OPTIMAL",
        "mean-error": 0.24357142857142847,
        "random_error": 0.19913571428571422,
        "solve_duration_time": 6.21318507194519
    }
}