{
    "values": {
        "n_trees": 80,
        "max_depth": 3,
        "real_max_depth": 3,
        "seed": 1,
        "accuracy test": 0.6107142857142858,
        "accuracy train": 0.71,
        "solve_status": "OPTIMAL",
        "mean-error": 0.0021428571428571425,
        "random_error": 0.19913571428571422,
        "solve_duration_time": 404.40171933174133
    }
}