{
    "values": {
        "n_trees": 30,
        "max_depth": 4,
        "real_max_depth": 4,
        "seed": 1,
        "accuracy test": 0.5592857142857143,
        "accuracy train": 0.7,
        "solve_status": "OPTIMAL",
        "mean-error": 0.00857142857142857,
        "random_error": 0.19913571428571422,
        "solve_duration_time": 40.928924322128296
    }
}