{
    "values": {
        "n_trees": 10,
        "max_depth": null,
        "real_max_depth": 10,
        "seed": 1,
        "accuracy test": 0.5971428571428572,
        "accuracy train": 0.75,
        "solve_status": "OPTIMAL",
        "mean-error": 0.05499999999999999,
        "random_error": 0.19913571428571422,
        "solve_duration_time": 18.817437887191772
    }
}