{
    "values": {
        "n_trees": 20,
        "max_depth": 2,
        "real_max_depth": 2,
        "seed": 0,
        "accuracy test": 0.6335714285714286,
        "accuracy train": 0.7,
        "solve_status": "OPTIMAL",
        "mean-error": 0.05285714285714284,
        "random_error": 0.2105928571428571,
        "solve_duration_time": 27.858449697494507
    }
}