{
    "values": {
        "n_trees": 1,
        "max_depth": 5,
        "real_max_depth": 5,
        "seed": 3,
        "accuracy test": 0.5378571428571428,
        "accuracy train": 0.65,
        "solve_status": "OPTIMAL",
        "mean-error": 0.5235714285714282,
        "random_error": 0.20811428571428564,
        "solve_duration_time": 1.5119836330413818
    }
}