{
    "values": {
        "n_trees": 50,
        "max_depth": 5,
        "real_max_depth": 5,
        "seed": 4,
        "accuracy test": 0.6028571428571429,
        "accuracy train": 0.72,
        "solve_status": "OPTIMAL",
        "mean-error": 0.0014285714285714286,
        "random_error": 0.20382857142857141,
        "solve_duration_time": 128.1699755191803
    }
}