{
    "values": {
        "n_trees": 70,
        "max_depth": 2,
        "real_max_depth": 2,
        "seed": 1,
        "accuracy test": 0.5864285714285714,
        "accuracy train": 0.7,
        "solve_status": "OPTIMAL",
        "mean-error": 0.025000000000000005,
        "random_error": 0.19913571428571422,
        "solve_duration_time": 191.92025518417358
    }
}