{
    "values": {
        "n_trees": 5,
        "max_depth": 10,
        "real_max_depth": 10,
        "seed": 1,
        "accuracy test": 0.5957142857142858,
        "accuracy train": 0.73,
        "solve_status": "OPTIMAL",
        "mean-error": 0.15714285714285706,
        "random_error": 0.19913571428571422,
        "solve_duration_time": 10.47628378868103
    }
}