{
    "values": {
        "n_trees": 5,
        "max_depth": null,
        "real_max_depth": 10,
        "seed": 1,
        "accuracy test": 0.5978571428571429,
        "accuracy train": 0.73,
        "solve_status": "OPTIMAL",
        "mean-error": 0.16499999999999992,
        "random_error": 0.19913571428571422,
        "solve_duration_time": 9.869806289672852
    }
}