{
    "values": {
        "n_trees": 10,
        "max_depth": 2,
        "real_max_depth": 2,
        "seed": 3,
        "accuracy test": 0.5521428571428572,
        "accuracy train": 0.64,
        "solve_status": "OPTIMAL",
        "mean-error": 0.2835714285714284,
        "random_error": 0.20811428571428564,
        "solve_duration_time": 8.824877262115479
    }
}