{
    "values": {
        "n_trees": 50,
        "max_depth": null,
        "real_max_depth": 11,
        "seed": 1,
        "accuracy test": 0.6064285714285714,
        "accuracy train": 0.76,
        "solve_status": "OPTIMAL",
        "mean-error": 0.0,
        "random_error": 0.19913571428571422,
        "solve_duration_time": 143.00691103935242
    }
}