{
    "values": {
        "n_trees": 5,
        "max_depth": 3,
        "real_max_depth": 3,
        "seed": 1,
        "accuracy test": 0.65,
        "accuracy train": 0.66,
        "solve_status": "OPTIMAL",
        "mean-error": 0.27428571428571435,
        "random_error": 0.19913571428571422,
        "solve_duration_time": 7.071387767791748
    }
}