{
    "values": {
        "n_trees": 90,
        "max_depth": 2,
        "real_max_depth": 2,
        "seed": 1,
        "accuracy test": 0.61,
        "accuracy train": 0.7,
        "solve_status": "OPTIMAL",
        "mean-error": 0.02214285714285714,
        "random_error": 0.19913571428571422,
        "solve_duration_time": 357.66098737716675
    }
}