{
    "values": {
        "n_trees": 10,
        "max_depth": 4,
        "real_max_depth": 4,
        "seed": 1,
        "accuracy test": 0.5721428571428572,
        "accuracy train": 0.7,
        "solve_status": "OPTIMAL",
        "mean-error": 0.13285714285714276,
        "random_error": 0.19913571428571422,
        "solve_duration_time": 13.053794384002686
    }
}