{
    "values": {
        "n_trees": 10,
        "max_depth": 4,
        "real_max_depth": 4,
        "seed": 0,
        "accuracy test": 0.615,
        "accuracy train": 0.75,
        "solve_status": "OPTIMAL",
        "mean-error": 0.20571428571428552,
        "random_error": 0.2105928571428571,
        "solve_duration_time": 17.207671642303467
    }
}