{
    "values": {
        "n_trees": 70,
        "max_depth": 2,
        "real_max_depth": 2,
        "seed": 0,
        "accuracy test": 0.6521428571428571,
        "accuracy train": 0.69,
        "solve_status": "OPTIMAL",
        "mean-error": 0.0007142857142857143,
        "random_error": 0.2105928571428571,
        "solve_duration_time": 230.29013204574585
    }
}