{
    "values": {
        "n_trees": 1,
        "max_depth": 4,
        "real_max_depth": 4,
        "seed": 1,
        "accuracy test": 0.6,
        "accuracy train": 0.65,
        "solve_status": "OPTIMAL",
        "mean-error": 0.4892857142857143,
        "random_error": 0.19913571428571422,
        "solve_duration_time": 1.7798686027526855
    }
}