{
    "values": {
        "n_trees": 5,
        "max_depth": 5,
        "real_max_depth": 5,
        "seed": 3,
        "accuracy test": 0.6021428571428571,
        "accuracy train": 0.67,
        "solve_status": "OPTIMAL",
        "mean-error": 0.24285714285714274,
        "random_error": 0.20811428571428564,
        "solve_duration_time": 5.998428821563721
    }
}