{
    "values": {
        "n_trees": 10,
        "max_depth": null,
        "real_max_depth": 10,
        "seed": 0,
        "accuracy test": 0.5857142857142857,
        "accuracy train": 0.84,
        "solve_status": "OPTIMAL",
        "mean-error": 0.12999999999999992,
        "random_error": 0.2105928571428571,
        "solve_duration_time": 17.72807216644287
    }
}