{
    "values": {
        "n_trees": 50,
        "max_depth": 5,
        "real_max_depth": 5,
        "seed": 0,
        "accuracy test": 0.6114285714285714,
        "accuracy train": 0.82,
        "solve_status": "OPTIMAL",
        "mean-error": 0.0007142857142857143,
        "random_error": 0.2105928571428571,
        "solve_duration_time": 106.14729523658752
    }
}