{
    "values": {
        "n_trees": 10,
        "max_depth": 3,
        "real_max_depth": 3,
        "seed": 2,
        "accuracy test": 0.6728571428571428,
        "accuracy train": 0.72,
        "solve_status": "OPTIMAL",
        "mean-error": 0.14214285714285704,
        "random_error": 0.1973785714285715,
        "solve_duration_time": 9.58402681350708
    }
}