{
    "values": {
        "n_trees": 40,
        "max_depth": 3,
        "real_max_depth": 3,
        "seed": 2,
        "accuracy test": 0.6707142857142857,
        "accuracy train": 0.71,
        "solve_status": "OPTIMAL",
        "mean-error": 0.002857142857142857,
        "random_error": 0.1973785714285715,
        "solve_duration_time": 66.51335549354553
    }
}