{
    "values": {
        "n_trees": 10,
        "max_depth": 3,
        "real_max_depth": 3,
        "seed": 4,
        "accuracy test": 0.5592857142857143,
        "accuracy train": 0.64,
        "solve_status": "OPTIMAL",
        "mean-error": 0.17357142857142852,
        "random_error": 0.20382857142857141,
        "solve_duration_time": 13.389346599578857
    }
}