{
    "values": {
        "n_trees": 10,
        "max_depth": null,
        "real_max_depth": 10,
        "seed": 4,
        "accuracy test": 0.5428571428571428,
        "accuracy train": 0.78,
        "solve_status": "OPTIMAL",
        "mean-error": 0.07999999999999996,
        "random_error": 0.20382857142857141,
        "solve_duration_time": 18.100454330444336
    }
}