{
    "values": {
        "n_trees": 40,
        "max_depth": 2,
        "real_max_depth": 2,
        "seed": 3,
        "accuracy test": 0.5657142857142857,
        "accuracy train": 0.68,
        "solve_status": "OPTIMAL",
        "mean-error": 0.059285714285714254,
        "random_error": 0.20811428571428564,
        "solve_duration_time": 59.16035437583923
    }
}