{
    "values": {
        "n_trees": 30,
        "max_depth": 5,
        "real_max_depth": 5,
        "seed": 0,
        "accuracy test": 0.6171428571428571,
        "accuracy train": 0.79,
        "solve_status": "OPTIMAL",
        "mean-error": 0.0021428571428571425,
        "random_error": 0.2105928571428571,
        "solve_duration_time": 67.2246778011322
    }
}