{
    "values": {
        "n_trees": 5,
        "max_depth": 2,
        "real_max_depth": 2,
        "seed": 2,
        "accuracy test": 0.5971428571428572,
        "accuracy train": 0.66,
        "solve_status": "OPTIMAL",
        "mean-error": 0.40142857142857125,
        "random_error": 0.1973785714285715,
        "solve_duration_time": 5.858133316040039
    }
}