{
    "values": {
        "n_trees": 60,
        "max_depth": 2,
        "real_max_depth": 2,
        "seed": 3,
        "accuracy test": 0.5692857142857143,
        "accuracy train": 0.67,
        "solve_status": "OPTIMAL",
        "mean-error": 0.0021428571428571425,
        "random_error": 0.20811428571428564,
        "solve_duration_time": 161.57271909713745
    }
}