{
    "values": {
        "n_trees": 30,
        "max_depth": 3,
        "real_max_depth": 3,
        "seed": 3,
        "accuracy test": 0.5485714285714286,
        "accuracy train": 0.69,
        "solve_status": "OPTIMAL",
        "mean-error": 0.010714285714285711,
        "random_error": 0.20811428571428564,
        "solve_duration_time": 37.68104839324951
    }
}