{
    "values": {
        "n_trees": 30,
        "max_depth": 4,
        "real_max_depth": 4,
        "seed": 2,
        "accuracy test": 0.6535714285714286,
        "accuracy train": 0.79,
        "solve_status": "OPTIMAL",
        "mean-error": 0.007857142857142854,
        "random_error": 0.1973785714285715,
        "solve_duration_time": 40.31745100021362
    }
}