{
    "values": {
        "n_trees": 5,
        "max_depth": 2,
        "real_max_depth": 2,
        "seed": 4,
        "accuracy test": 0.7828571428571428,
        "accuracy train": 0.86,
        "solve_status": "OPTIMAL",
        "mean-error": 0.37285714285714244,
        "random_error": 0.2685095238095234,
        "solve_duration_time": 6.720831871032715
    }
}