{
    "values": {
        "n_trees": 80,
        "max_depth": 3,
        "real_max_depth": 3,
        "seed": 1,
        "accuracy test": 0.77,
        "accuracy train": 0.75,
        "solve_status": "OPTIMAL",
        "mean-error": 0.051428571428571344,
        "random_error": 0.27283333333333293,
        "solve_duration_time": 145.68428444862366
    }
}