{
    "values": {
        "n_trees": 90,
        "max_depth": 2,
        "real_max_depth": 2,
        "seed": 2,
        "accuracy test": 0.7907142857142857,
        "accuracy train": 0.83,
        "solve_status": "OPTIMAL",
        "mean-error": 0.10095238095238081,
        "random_error": 0.2675190476190473,
        "solve_duration_time": 238.3777527809143
    }
}