{
    "values": {
        "n_trees": 90,
        "max_depth": null,
        "real_max_depth": 14,
        "seed": 3,
        "accuracy test": 0.7528571428571429,
        "accuracy train": 1.0,
        "solve_status": "OPTIMAL",
        "mean-error": 0.0004761904761904762,
        "random_error": 0.2677476190476187,
        "solve_duration_time": 209.67002034187317
    }
}