{
    "values": {
        "n_trees": 60,
        "max_depth": 5,
        "real_max_depth": 5,
        "seed": 2,
        "accuracy test": 0.7864285714285715,
        "accuracy train": 0.89,
        "solve_status": "OPTIMAL",
        "mean-error": 0.08619047619047604,
        "random_error": 0.2675190476190473,
        "solve_duration_time": 118.90061950683594
    }
}