{
    "values": {
        "n_trees": 5,
        "max_depth": null,
        "real_max_depth": 11,
        "seed": 1,
        "accuracy test": 0.6764285714285714,
        "accuracy train": 0.88,
        "solve_status": "OPTIMAL",
        "mean-error": 0.2599999999999996,
        "random_error": 0.27283333333333293,
        "solve_duration_time": 11.310996532440186
    }
}