{
    "values": {
        "n_trees": 30,
        "max_depth": 3,
        "real_max_depth": 3,
        "seed": 2,
        "accuracy test": 0.785,
        "accuracy train": 0.86,
        "solve_status": "OPTIMAL",
        "mean-error": 0.12809523809523793,
        "random_error": 0.2675190476190473,
        "solve_duration_time": 49.45262169837952
    }
}