{
    "values": {
        "n_trees": 100,
        "max_depth": 10,
        "real_max_depth": 10,
        "seed": 2,
        "accuracy test": 0.7728571428571429,
        "accuracy train": 0.98,
        "solve_status": "OPTIMAL",
        "mean-error": 0.07190476190476179,
        "random_error": 0.2675190476190473,
        "solve_duration_time": 326.4198212623596
    }
}