{
    "values": {
        "n_trees": 50,
        "max_depth": null,
        "real_max_depth": 14,
        "seed": 3,
        "accuracy test": 0.7642857142857142,
        "accuracy train": 1.0,
        "solve_status": "OPTIMAL",
        "mean-error": 0.003333333333333333,
        "random_error": 0.2677476190476187,
        "solve_duration_time": 171.98069858551025
    }
}