{
    "values": {
        "n_trees": 50,
        "max_depth": 4,
        "real_max_depth": 4,
        "seed": 1,
        "accuracy test": 0.7721428571428571,
        "accuracy train": 0.78,
        "solve_status": "OPTIMAL",
        "mean-error": 0.05238095238095229,
        "random_error": 0.27283333333333293,
        "solve_duration_time": 96.19649744033813
    }
}