{
    "values": {
        "n_trees": 5,
        "max_depth": null,
        "real_max_depth": 13,
        "seed": 2,
        "accuracy test": 0.7378571428571429,
        "accuracy train": 0.95,
        "solve_status": "OPTIMAL",
        "mean-error": 0.3266666666666662,
        "random_error": 0.2675190476190473,
        "solve_duration_time": 15.66093897819519
    }
}