{
    "values": {
        "n_trees": 10,
        "max_depth": 5,
        "real_max_depth": 5,
        "seed": 2,
        "accuracy test": 0.7807142857142857,
        "accuracy train": 0.88,
        "solve_status": "OPTIMAL",
        "mean-error": 0.2471428571428568,
        "random_error": 0.2675190476190473,
        "solve_duration_time": 17.697518348693848
    }
}