{
    "values": {
        "n_trees": 1,
        "max_depth": 5,
        "real_max_depth": 5,
        "seed": 0,
        "accuracy test": 0.6085714285714285,
        "accuracy train": 0.77,
        "solve_status": "OPTIMAL",
        "mean-error": 0.3885714285714284,
        "random_error": 0.2643523809523805,
        "solve_duration_time": 2.1190497875213623
    }
}