{
    "values": {
        "n_trees": 30,
        "max_depth": 3,
        "real_max_depth": 3,
        "seed": 3,
        "accuracy test": 0.8107142857142857,
        "accuracy train": 0.79,
        "solve_status": "OPTIMAL",
        "mean-error": 0.06380952380952375,
        "random_error": 0.2677476190476187,
        "solve_duration_time": 43.881685733795166
    }
}