{
    "values": {
        "n_trees": 50,
        "max_depth": 2,
        "real_max_depth": 2,
        "seed": 0,
        "accuracy test": 0.805,
        "accuracy train": 0.81,
        "solve_status": "OPTIMAL",
        "mean-error": 0.15952380952380926,
        "random_error": 0.2643523809523805,
        "solve_duration_time": 93.7070083618164
    }
}