{
    "values": {
        "n_trees": 10,
        "max_depth": 5,
        "real_max_depth": 5,
        "seed": 0,
        "accuracy test": 0.7771428571428571,
        "accuracy train": 0.88,
        "solve_status": "OPTIMAL",
        "mean-error": 0.2590476190476187,
        "random_error": 0.2643523809523805,
        "solve_duration_time": 18.765291213989258
    }
}