{
    "values": {
        "n_trees": 10,
        "max_depth": 2,
        "real_max_depth": 2,
        "seed": 3,
        "accuracy test": 0.8107142857142857,
        "accuracy train": 0.76,
        "solve_status": "OPTIMAL",
        "mean-error": 0.38571428571428534,
        "random_error": 0.2677476190476187,
        "solve_duration_time": 13.044957876205444
    }
}