{
    "values": {
        "n_trees": 100,
        "max_depth": 2,
        "real_max_depth": 2,
        "seed": 2,
        "accuracy test": 0.7885714285714286,
        "accuracy train": 0.83,
        "solve_status": "OPTIMAL",
        "mean-error": 0.10190476190476173,
        "random_error": 0.2675190476190473,
        "solve_duration_time": 420.51129508018494
    }
}