{
    "values": {
        "n_trees": 100,
        "max_depth": null,
        "real_max_depth": 14,
        "seed": 0,
        "accuracy test": 0.7635714285714286,
        "accuracy train": 0.98,
        "solve_status": "OPTIMAL",
        "mean-error": 0.0038095238095238095,
        "random_error": 0.2643523809523805,
        "solve_duration_time": 338.8082811832428
    }
}