{
    "values": {
        "n_trees": 60,
        "max_depth": 2,
        "real_max_depth": 2,
        "seed": 0,
        "accuracy test": 0.8042857142857143,
        "accuracy train": 0.81,
        "solve_status": "OPTIMAL",
        "mean-error": 0.13571428571428554,
        "random_error": 0.2643523809523805,
        "solve_duration_time": 98.21309041976929
    }
}