{
    "values": {
        "n_trees": 70,
        "max_depth": 3,
        "real_max_depth": 3,
        "seed": 0,
        "accuracy test": 0.8042857142857143,
        "accuracy train": 0.84,
        "solve_status": "OPTIMAL",
        "mean-error": 0.04476190476190472,
        "random_error": 0.2643523809523805,
        "solve_duration_time": 174.17404532432556
    }
}