{
    "values": {
        "n_trees": 5,
        "max_depth": 2,
        "real_max_depth": 2,
        "seed": 1,
        "accuracy test": 0.7721428571428571,
        "accuracy train": 0.73,
        "solve_status": "OPTIMAL",
        "mean-error": 0.3790476190476187,
        "random_error": 0.27283333333333293,
        "solve_duration_time": 5.829950332641602
    }
}