{
    "values": {
        "n_trees": 90,
        "max_depth": 4,
        "real_max_depth": 4,
        "seed": 3,
        "accuracy test": 0.8028571428571428,
        "accuracy train": 0.81,
        "solve_status": "OPTIMAL",
        "mean-error": 0.0004761904761904762,
        "random_error": 0.2677476190476187,
        "solve_duration_time": 244.62341046333313
    }
}