{
    "values": {
        "n_trees": 1,
        "max_depth": null,
        "real_max_depth": 10,
        "seed": 4,
        "accuracy test": 0.7364285714285714,
        "accuracy train": 0.9,
        "solve_status": "OPTIMAL",
        "mean-error": 0.42428571428571416,
        "random_error": 0.2685095238095234,
        "solve_duration_time": 1.9618937969207764
    }
}