{
    "values": {
        "n_trees": 90,
        "max_depth": null,
        "real_max_depth": 13,
        "seed": 2,
        "accuracy test": 0.7685714285714286,
        "accuracy train": 0.98,
        "solve_status": "OPTIMAL",
        "mean-error": 0.07238095238095227,
        "random_error": 0.2675190476190473,
        "solve_duration_time": 280.2558710575104
    }
}