{
    "values": {
        "n_trees": 5,
        "max_depth": 3,
        "real_max_depth": 3,
        "seed": 2,
        "accuracy test": 0.7871428571428571,
        "accuracy train": 0.86,
        "solve_status": "OPTIMAL",
        "mean-error": 0.32047619047619,
        "random_error": 0.2675190476190473,
        "solve_duration_time": 7.699309349060059
    }
}