{
    "values": {
        "n_trees": 40,
        "max_depth": 10,
        "real_max_depth": 10,
        "seed": 1,
        "accuracy test": 0.6842857142857143,
        "accuracy train": 0.92,
        "solve_status": "OPTIMAL",
        "mean-error": 0.05476190476190467,
        "random_error": 0.27283333333333293,
        "solve_duration_time": 139.0158622264862
    }
}