{
    "values": {
        "n_trees": 20,
        "max_depth": 10,
        "real_max_depth": 10,
        "seed": 2,
        "accuracy test": 0.7635714285714286,
        "accuracy train": 0.95,
        "solve_status": "OPTIMAL",
        "mean-error": 0.1185714285714285,
        "random_error": 0.2675190476190473,
        "solve_duration_time": 46.2083158493042
    }
}