{
    "values": {
        "n_trees": 10,
        "max_depth": 2,
        "real_max_depth": 2,
        "seed": 2,
        "accuracy test": 0.785,
        "accuracy train": 0.85,
        "solve_status": "OPTIMAL",
        "mean-error": 0.3333333333333329,
        "random_error": 0.2675190476190473,
        "solve_duration_time": 9.684142589569092
    }
}