{
    "values": {
        "n_trees": 70,
        "max_depth": null,
        "real_max_depth": 12,
        "seed": 4,
        "accuracy test": 0.7564285714285715,
        "accuracy train": 0.98,
        "solve_status": "OPTIMAL",
        "mean-error": 0.06761904761904752,
        "random_error": 0.2685095238095234,
        "solve_duration_time": 222.1049702167511
    }
}