{
    "values": {
        "n_trees": 10,
        "max_depth": null,
        "real_max_depth": 11,
        "seed": 0,
        "accuracy test": 0.7578571428571429,
        "accuracy train": 0.97,
        "solve_status": "OPTIMAL",
        "mean-error": 0.22190476190476166,
        "random_error": 0.2643523809523805,
        "solve_duration_time": 22.224048852920532
    }
}