{
    "values": {
        "n_trees": 10,
        "max_depth": 10,
        "real_max_depth": 10,
        "seed": 0,
        "accuracy test": 0.7457142857142857,
        "accuracy train": 0.97,
        "solve_status": "OPTIMAL",
        "mean-error": 0.23428571428571401,
        "random_error": 0.2643523809523805,
        "solve_duration_time": 27.288980722427368
    }
}