{
    "values": {
        "n_trees": 10,
        "max_depth": 5,
        "real_max_depth": 5,
        "seed": 1,
        "accuracy test": 0.7535714285714286,
        "accuracy train": 0.78,
        "solve_status": "OPTIMAL",
        "mean-error": 0.20904761904761876,
        "random_error": 0.27283333333333293,
        "solve_duration_time": 19.3336923122406
    }
}