{
    "values": {
        "n_trees": 100,
        "max_depth": 3,
        "real_max_depth": 3,
        "seed": 3,
        "accuracy test": 0.8057142857142857,
        "accuracy train": 0.8,
        "solve_status": "OPTIMAL",
        "mean-error": 0.002857142857142857,
        "random_error": 0.2677476190476187,
        "solve_duration_time": 198.44942784309387
    }
}