{
    "values": {
        "n_trees": 100,
        "max_depth": 3,
        "real_max_depth": 3,
        "seed": 1,
        "accuracy test": 0.7714285714285715,
        "accuracy train": 0.74,
        "solve_status": "OPTIMAL",
        "mean-error": 0.05428571428571418,
        "random_error": 0.27283333333333293,
        "solve_duration_time": 1128.330445766449
    }
}