{
    "values": {
        "n_trees": 5,
        "max_depth": 5,
        "real_max_depth": 5,
        "seed": 1,
        "accuracy test": 0.7421428571428571,
        "accuracy train": 0.77,
        "solve_status": "OPTIMAL",
        "mean-error": 0.3657142857142855,
        "random_error": 0.27283333333333293,
        "solve_duration_time": 8.772369623184204
    }
}