{
    "values": {
        "n_trees": 5,
        "max_depth": null,
        "real_max_depth": 11,
        "seed": 0,
        "accuracy test": 0.7314285714285714,
        "accuracy train": 0.95,
        "solve_status": "OPTIMAL",
        "mean-error": 0.291428571428571,
        "random_error": 0.2643523809523805,
        "solve_duration_time": 13.391937494277954
    }
}