{
    "values": {
        "n_trees": 20,
        "max_depth": 10,
        "real_max_depth": 10,
        "seed": 1,
        "accuracy test": 0.7007142857142857,
        "accuracy train": 0.92,
        "solve_status": "OPTIMAL",
        "mean-error": 0.08047619047619041,
        "random_error": 0.27283333333333293,
        "solve_duration_time": 51.044135332107544
    }
}