{
    "values": {
        "n_trees": 10,
        "max_depth": null,
        "real_max_depth": 13,
        "seed": 2,
        "accuracy test": 0.76,
        "accuracy train": 0.95,
        "solve_status": "OPTIMAL",
        "mean-error": 0.2304761904761901,
        "random_error": 0.2675190476190473,
        "solve_duration_time": 22.482459783554077
    }
}