{
    "values": {
        "n_trees": 60,
        "max_depth": null,
        "real_max_depth": 12,
        "seed": 4,
        "accuracy test": 0.7507142857142857,
        "accuracy train": 0.98,
        "solve_status": "OPTIMAL",
        "mean-error": 0.068095238095238,
        "random_error": 0.2685095238095234,
        "solve_duration_time": 136.67343401908875
    }
}