{
    "values": {
        "n_trees": 5,
        "max_depth": 4,
        "real_max_depth": 4,
        "seed": 4,
        "accuracy test": 0.7764285714285715,
        "accuracy train": 0.87,
        "solve_status": "OPTIMAL",
        "mean-error": 0.3795238095238092,
        "random_error": 0.2685095238095234,
        "solve_duration_time": 9.204936981201172
    }
}