{
    "values": {
        "n_trees": 60,
        "max_depth": 5,
        "real_max_depth": 5,
        "seed": 3,
        "accuracy test": 0.7964285714285714,
        "accuracy train": 0.82,
        "solve_status": "OPTIMAL",
        "mean-error": 0.002857142857142857,
        "random_error": 0.2677476190476187,
        "solve_duration_time": 137.8953459262848
    }
}