{
    "values": {
        "n_trees": 30,
        "max_depth": null,
        "real_max_depth": 13,
        "seed": 0,
        "accuracy test": 0.7642857142857142,
        "accuracy train": 0.98,
        "solve_status": "OPTIMAL",
        "mean-error": 0.049523809523809484,
        "random_error": 0.2643523809523805,
        "solve_duration_time": 88.37701678276062
    }
}