{
    "values": {
        "n_trees": 20,
        "max_depth": 3,
        "real_max_depth": 3,
        "seed": 2,
        "accuracy test": 0.785,
        "accuracy train": 0.85,
        "solve_status": "OPTIMAL",
        "mean-error": 0.18238095238095217,
        "random_error": 0.2675190476190473,
        "solve_duration_time": 28.243343114852905
    }
}