{
    "values": {
        "n_trees": 30,
        "max_depth": 10,
        "real_max_depth": 10,
        "seed": 3,
        "accuracy test": 0.7507142857142857,
        "accuracy train": 0.98,
        "solve_status": "OPTIMAL",
        "mean-error": 0.007142857142857142,
        "random_error": 0.2677476190476187,
        "solve_duration_time": 97.59624361991882
    }
}