{
    "values": {
        "n_trees": 20,
        "max_depth": 10,
        "real_max_depth": 10,
        "seed": 4,
        "accuracy test": 0.7385714285714285,
        "accuracy train": 0.97,
        "solve_status": "OPTIMAL",
        "mean-error": 0.11142857142857132,
        "random_error": 0.2685095238095234,
        "solve_duration_time": 62.66251993179321
    }
}