{
    "values": {
        "n_trees": 20,
        "max_depth": null,
        "real_max_depth": 13,
        "seed": 2,
        "accuracy test": 0.765,
        "accuracy train": 0.95,
        "solve_status": "OPTIMAL",
        "mean-error": 0.1228571428571427,
        "random_error": 0.2675190476190473,
        "solve_duration_time": 59.77421545982361
    }
}