{
    "values": {
        "n_trees": 90,
        "max_depth": 5,
        "real_max_depth": 5,
        "seed": 0,
        "accuracy test": 0.7992857142857143,
        "accuracy train": 0.9,
        "solve_status": "OPTIMAL",
        "mean-error": 0.005714285714285714,
        "random_error": 0.2643523809523805,
        "solve_duration_time": 240.27487969398499
    }
}