{
    "values": {
        "n_trees": 1,
        "max_depth": 2,
        "real_max_depth": 2,
        "seed": 4,
        "accuracy test": 0.7757142857142857,
        "accuracy train": 0.84,
        "solve_status": "OPTIMAL",
        "mean-error": 0.41523809523809496,
        "random_error": 0.2685095238095234,
        "solve_duration_time": 1.035689115524292
    }
}