{
    "values": {
        "n_trees": 80,
        "max_depth": 4,
        "real_max_depth": 4,
        "seed": 0,
        "accuracy test": 0.8092857142857143,
        "accuracy train": 0.87,
        "solve_status": "OPTIMAL",
        "mean-error": 0.011428571428571432,
        "random_error": 0.2643523809523805,
        "solve_duration_time": 209.83045411109924
    }
}