{
    "values": {
        "n_trees": 100,
        "max_depth": 2,
        "real_max_depth": 2,
        "seed": 4,
        "accuracy test": 0.79,
        "accuracy train": 0.85,
        "solve_status": "OPTIMAL",
        "mean-error": 0.0809523809523808,
        "random_error": 0.2685095238095234,
        "solve_duration_time": 240.92804741859436
    }
}