{
    "values": {
        "n_trees": 70,
        "max_depth": 2,
        "real_max_depth": 2,
        "seed": 3,
        "accuracy test": 0.8142857142857143,
        "accuracy train": 0.74,
        "solve_status": "OPTIMAL",
        "mean-error": 0.02904761904761903,
        "random_error": 0.2677476190476187,
        "solve_duration_time": 184.6625952720642
    }
}