{
    "values": {
        "n_trees": 70,
        "max_depth": 3,
        "real_max_depth": 3,
        "seed": 4,
        "accuracy test": 0.7828571428571428,
        "accuracy train": 0.86,
        "solve_status": "OPTIMAL",
        "mean-error": 0.09952380952380936,
        "random_error": 0.2685095238095234,
        "solve_duration_time": 152.53729248046875
    }
}