{
    "values": {
        "n_trees": 1,
        "max_depth": 4,
        "real_max_depth": 4,
        "seed": 1,
        "accuracy test": 0.7757142857142857,
        "accuracy train": 0.75,
        "solve_status": "OPTIMAL",
        "mean-error": 0.3938095238095236,
        "random_error": 0.27283333333333293,
        "solve_duration_time": 1.3538241386413574
    }
}