{
    "values": {
        "n_trees": 30,
        "max_depth": null,
        "real_max_depth": 12,
        "seed": 1,
        "accuracy test": 0.6721428571428572,
        "accuracy train": 0.92,
        "solve_status": "OPTIMAL",
        "mean-error": 0.06095238095238087,
        "random_error": 0.27283333333333293,
        "solve_duration_time": 71.71362900733948
    }
}