{
    "values": {
        "n_trees": 50,
        "max_depth": 4,
        "real_max_depth": 4,
        "seed": 3,
        "accuracy test": 0.8057142857142857,
        "accuracy train": 0.82,
        "solve_status": "OPTIMAL",
        "mean-error": 0.005238095238095237,
        "random_error": 0.2677476190476187,
        "solve_duration_time": 82.0488669872284
    }
}