{
    "values": {
        "n_trees": 90,
        "max_depth": 5,
        "real_max_depth": 5,
        "seed": 1,
        "accuracy test": 0.7707142857142857,
        "accuracy train": 0.79,
        "solve_status": "OPTIMAL",
        "mean-error": 0.05190476190476183,
        "random_error": 0.27283333333333293,
        "solve_duration_time": 222.25068044662476
    }
}