{
    "values": {
        "n_trees": 5,
        "max_depth": 3,
        "real_max_depth": 3,
        "seed": 1,
        "accuracy test": 0.7714285714285715,
        "accuracy train": 0.73,
        "solve_status": "OPTIMAL",
        "mean-error": 0.35523809523809485,
        "random_error": 0.27283333333333293,
        "solve_duration_time": 5.199639797210693
    }
}