{
    "values": {
        "n_trees": 1,
        "max_depth": 10,
        "real_max_depth": 10,
        "seed": 1,
        "accuracy test": 0.6964285714285714,
        "accuracy train": 0.8,
        "solve_status": "OPTIMAL",
        "mean-error": 0.39571428571428546,
        "random_error": 0.27283333333333293,
        "solve_duration_time": 3.5140583515167236
    }
}