{
    "values": {
        "n_trees": 10,
        "max_depth": 5,
        "real_max_depth": 5,
        "seed": 3,
        "accuracy test": 0.7885714285714286,
        "accuracy train": 0.83,
        "solve_status": "OPTIMAL",
        "mean-error": 0.2180952380952379,
        "random_error": 0.2677476190476187,
        "solve_duration_time": 15.525431394577026
    }
}