{
    "values": {
        "n_trees": 40,
        "max_depth": 5,
        "real_max_depth": 5,
        "seed": 1,
        "accuracy test": 0.7664285714285715,
        "accuracy train": 0.8,
        "solve_status": "OPTIMAL",
        "mean-error": 0.058095238095238005,
        "random_error": 0.27283333333333293,
        "solve_duration_time": 65.59890294075012
    }
}