{
    "values": {
        "n_trees": 90,
        "max_depth": 10,
        "real_max_depth": 10,
        "seed": 1,
        "accuracy test": 0.6835714285714286,
        "accuracy train": 0.92,
        "solve_status": "OPTIMAL",
        "mean-error": 0.05095238095238087,
        "random_error": 0.27283333333333293,
        "solve_duration_time": 197.04117608070374
    }
}