{
    "values": {
        "n_trees": 10,
        "max_depth": 2,
        "real_max_depth": 2,
        "seed": 1,
        "accuracy test": 0.7678571428571429,
        "accuracy train": 0.73,
        "solve_status": "OPTIMAL",
        "mean-error": 0.3119047619047614,
        "random_error": 0.27283333333333293,
        "solve_duration_time": 13.938080310821533
    }
}