{
    "values": {
        "n_trees": 10,
        "max_depth": 10,
        "real_max_depth": 10,
        "seed": 1,
        "accuracy test": 0.7307142857142858,
        "accuracy train": 0.91,
        "solve_status": "OPTIMAL",
        "mean-error": 0.14571428571428557,
        "random_error": 0.27283333333333293,
        "solve_duration_time": 33.70465159416199
    }
}