{
    "values": {
        "n_trees": 5,
        "max_depth": 4,
        "real_max_depth": 4,
        "seed": 2,
        "accuracy test": 0.7857142857142857,
        "accuracy train": 0.88,
        "solve_status": "OPTIMAL",
        "mean-error": 0.32619047619047564,
        "random_error": 0.2675190476190473,
        "solve_duration_time": 8.508081674575806
    }
}