{
    "values": {
        "n_trees": 40,
        "max_depth": 3,
        "real_max_depth": 3,
        "seed": 3,
        "accuracy test": 0.8064285714285714,
        "accuracy train": 0.8,
        "solve_status": "OPTIMAL",
        "mean-error": 0.03285714285714283,
        "random_error": 0.2677476190476187,
        "solve_duration_time": 58.90983533859253
    }
}