{
    "values": {
        "n_trees": 70,
        "max_depth": 2,
        "real_max_depth": 2,
        "seed": 2,
        "accuracy test": 0.7921428571428571,
        "accuracy train": 0.83,
        "solve_status": "OPTIMAL",
        "mean-error": 0.11142857142857125,
        "random_error": 0.2675190476190473,
        "solve_duration_time": 151.56235456466675
    }
}