{
    "values": {
        "n_trees": 20,
        "max_depth": 2,
        "real_max_depth": 2,
        "seed": 2,
        "accuracy test": 0.7878571428571428,
        "accuracy train": 0.83,
        "solve_status": "OPTIMAL",
        "mean-error": 0.29285714285714237,
        "random_error": 0.2675190476190473,
        "solve_duration_time": 27.243340492248535
    }
}