{
    "values": {
        "n_trees": 20,
        "max_depth": 4,
        "real_max_depth": 4,
        "seed": 0,
        "accuracy test": 0.805,
        "accuracy train": 0.88,
        "solve_status": "OPTIMAL",
        "mean-error": 0.14142857142857124,
        "random_error": 0.2643523809523805,
        "solve_duration_time": 42.96514081954956
    }
}