{
    "values": {
        "n_trees": 20,
        "max_depth": null,
        "real_max_depth": 14,
        "seed": 3,
        "accuracy test": 0.765,
        "accuracy train": 0.99,
        "solve_status": "OPTIMAL",
        "mean-error": 0.028571428571428564,
        "random_error": 0.2677476190476187,
        "solve_duration_time": 48.14443874359131
    }
}