{
    "values": {
        "n_trees": 40,
        "max_depth": 4,
        "real_max_depth": 4,
        "seed": 1,
        "accuracy test": 0.7714285714285715,
        "accuracy train": 0.79,
        "solve_status": "OPTIMAL",
        "mean-error": 0.06142857142857133,
        "random_error": 0.27283333333333293,
        "solve_duration_time": 79.20537447929382
    }
}