{
    "values": {
        "n_trees": 10,
        "max_depth": 10,
        "real_max_depth": 10,
        "seed": 3,
        "accuracy test": 0.7707142857142857,
        "accuracy train": 0.93,
        "solve_status": "OPTIMAL",
        "mean-error": 0.19523809523809504,
        "random_error": 0.2677476190476187,
        "solve_duration_time": 22.554253339767456
    }
}