{
    "values": {
        "n_trees": 10,
        "max_depth": 10,
        "real_max_depth": 10,
        "seed": 2,
        "accuracy test": 0.7585714285714286,
        "accuracy train": 0.95,
        "solve_status": "OPTIMAL",
        "mean-error": 0.22666666666666632,
        "random_error": 0.2675190476190473,
        "solve_duration_time": 29.58246612548828
    }
}