{
    "values": {
        "n_trees": 20,
        "max_depth": 5,
        "real_max_depth": 5,
        "seed": 0,
        "accuracy test": 0.7907142857142857,
        "accuracy train": 0.9,
        "solve_status": "OPTIMAL",
        "mean-error": 0.12952380952380935,
        "random_error": 0.2643523809523805,
        "solve_duration_time": 40.01211762428284
    }
}