{
    "values": {
        "n_trees": 90,
        "max_depth": 10,
        "real_max_depth": 10,
        "seed": 2,
        "accuracy test": 0.7721428571428571,
        "accuracy train": 0.98,
        "solve_status": "OPTIMAL",
        "mean-error": 0.07190476190476179,
        "random_error": 0.2675190476190473,
        "solve_duration_time": 282.6713306903839
    }
}