{
    "values": {
        "n_trees": 60,
        "max_depth": 4,
        "real_max_depth": 4,
        "seed": 3,
        "accuracy test": 0.8014285714285714,
        "accuracy train": 0.82,
        "solve_status": "OPTIMAL",
        "mean-error": 0.0023809523809523807,
        "random_error": 0.2677476190476187,
        "solve_duration_time": 145.44988203048706
    }
}