{
    "values": {
        "n_trees": 100,
        "max_depth": null,
        "real_max_depth": 14,
        "seed": 4,
        "accuracy test": 0.7921428571428571,
        "accuracy train": 0.99,
        "solve_status": "FEASIBLE",
        "mean-error": 0.10777777777777774,
        "random_error": 0.29729999999999956,
        "solve_duration_time": 7394.948665142059,
        "known_attributes": 5
    }
}