{
    "values": {
        "n_trees": 100,
        "max_depth": null,
        "real_max_depth": 15,
        "seed": 2,
        "accuracy test": 0.7764285714285715,
        "accuracy train": 0.97,
        "solve_status": "FEASIBLE",
        "mean-error": 0.058666666666666686,
        "random_error": 0.24091333333333306,
        "solve_duration_time": 7374.286895990372,
        "known_attributes": 4
    }
}