{
    "values": {
        "n_trees": 100,
        "max_depth": null,
        "real_max_depth": 14,
        "seed": 0,
        "accuracy test": 0.7621428571428571,
        "accuracy train": 0.96,
        "solve_status": "FEASIBLE",
        "mean-error": 0.08666666666666664,
        "random_error": 0.2061999999999999,
        "solve_duration_time": 7418.257261753082,
        "known_attributes": 11
    }
}