{
    "values": {
        "n_trees": 100,
        "max_depth": null,
        "real_max_depth": 14,
        "seed": 0,
        "accuracy test": 0.7621428571428571,
        "accuracy train": 0.96,
        "solve_status": "FEASIBLE",
        "mean-error": 0.06466666666666669,
        "random_error": 0.22965333333333304,
        "solve_duration_time": 7419.962455034256,
        "known_attributes": 4
    }
}