{
    "values": {
        "n_trees": 100,
        "max_depth": null,
        "real_max_depth": 15,
        "seed": 1,
        "accuracy test": 0.7228571428571429,
        "accuracy train": 0.96,
        "solve_status": "FEASIBLE",
        "mean-error": 0.06636363636363632,
        "random_error": 0.3177454545454548,
        "solve_duration_time": 7467.307152271271,
        "known_attributes": 3
    }
}