{
    "values": {
        "n_trees": 100,
        "max_depth": null,
        "real_max_depth": 15,
        "seed": 1,
        "accuracy test": 0.7228571428571429,
        "accuracy train": 0.96,
        "solve_status": "FEASIBLE",
        "mean-error": 0.08428571428571432,
        "random_error": 0.297085714285714,
        "solve_duration_time": 7369.040371894836,
        "known_attributes": 7
    }
}