{
    "values": {
        "n_trees": 100,
        "max_depth": null,
        "real_max_depth": 14,
        "seed": 0,
        "accuracy test": 0.7621428571428571,
        "accuracy train": 0.96,
        "solve_status": "FEASIBLE",
        "mean-error": 0.08714285714285715,
        "random_error": 0.21357142857142855,
        "solve_duration_time": 7451.238802909851,
        "known_attributes": 5
    }
}