{
    "values": {
        "n_trees": 100,
        "max_depth": null,
        "real_max_depth": 15,
        "seed": 2,
        "accuracy test": 0.7764285714285715,
        "accuracy train": 0.97,
        "solve_status": "FEASIBLE",
        "mean-error": 0.05999999999999999,
        "random_error": 0.23038571428571422,
        "solve_duration_time": 7363.832421064377,
        "known_attributes": 5
    }
}