{
    "values": {
        "n_trees": 100,
        "max_depth": null,
        "real_max_depth": 14,
        "seed": 0,
        "accuracy test": 0.7621428571428571,
        "accuracy train": 0.96,
        "solve_status": "FEASIBLE",
        "mean-error": 0.055999999999999994,
        "random_error": 0.14178999999999992,
        "solve_duration_time": 7408.41081738472,
        "known_attributes": 9
    }
}