{
    "values": {
        "n_trees": 100,
        "max_depth": null,
        "real_max_depth": 14,
        "seed": 0,
        "accuracy test": 0.7621428571428571,
        "accuracy train": 0.96,
        "solve_status": "FEASIBLE",
        "mean-error": 0.07999999999999996,
        "random_error": 0.1617545454545456,
        "solve_duration_time": 7423.445570707321,
        "known_attributes": 8
    }
}