{
    "values": {
        "n_trees": 100,
        "max_depth": null,
        "real_max_depth": 14,
        "seed": 4,
        "accuracy test": 0.7921428571428571,
        "accuracy train": 0.99,
        "solve_status": "FEASIBLE",
        "mean-error": 0.10636363636363637,
        "random_error": 0.3006545454545456,
        "solve_duration_time": 7406.747905492783,
        "known_attributes": 3
    }
}