{
    "values": {
        "n_trees": 100,
        "max_depth": null,
        "real_max_depth": 14,
        "seed": 3,
        "accuracy test": 0.7814285714285715,
        "accuracy train": 0.94,
        "solve_status": "FEASIBLE",
        "mean-error": 0.07357142857142861,
        "random_error": 0.19534285714285715,
        "solve_duration_time": 7406.875739336014,
        "known_attributes": 5
    }
}