{
    "values": {
        "n_trees": 100,
        "max_depth": null,
        "real_max_depth": 14,
        "seed": 4,
        "accuracy test": 0.7921428571428571,
        "accuracy train": 0.99,
        "solve_status": "FEASIBLE",
        "mean-error": 0.08499999999999995,
        "random_error": 0.2447666666666667,
        "solve_duration_time": 18207.577392339706,
        "known_attributes": 1
    }
}