{
    "values": {
        "n_trees": 100,
        "max_depth": null,
        "real_max_depth": 14,
        "seed": 3,
        "accuracy test": 0.7814285714285715,
        "accuracy train": 0.94,
        "solve_status": "FEASIBLE",
        "mean-error": 0.08499999999999996,
        "random_error": 0.18376666666666672,
        "solve_duration_time": 7407.420383930206,
        "known_attributes": 7
    }
}