{
    "values": {
        "n_trees": 100,
        "max_depth": null,
        "real_max_depth": 15,
        "seed": 2,
        "accuracy test": 0.7764285714285715,
        "accuracy train": 0.97,
        "solve_status": "FEASIBLE",
        "mean-error": 0.06055555555555553,
        "random_error": 0.24459999999999987,
        "solve_duration_time": 7377.267476320267,
        "known_attributes": 1
    }
}