{
    "values": {
        "n_trees": 100,
        "max_depth": null,
        "real_max_depth": 15,
        "seed": 1,
        "accuracy test": 0.7228571428571429,
        "accuracy train": 0.96,
        "solve_status": "FEASIBLE",
        "mean-error": 0.08083333333333333,
        "random_error": 0.3059416666666665,
        "solve_duration_time": 7438.322322130203,
        "known_attributes": 2
    }
}