{
    "values": {
        "n_trees": 100,
        "max_depth": null,
        "real_max_depth": 15,
        "seed": 2,
        "accuracy test": 0.7764285714285715,
        "accuracy train": 0.97,
        "solve_status": "FEASIBLE",
        "mean-error": 0.07200000000000002,
        "random_error": 0.32961999999999975,
        "solve_duration_time": 7371.553280353546,
        "known_attributes": 9
    }
}