{
    "values": {
        "n_trees": 100,
        "max_depth": null,
        "real_max_depth": 14,
        "seed": 0,
        "accuracy test": 0.7621428571428571,
        "accuracy train": 0.96,
        "solve_status": "FEASIBLE",
        "mean-error": 0.07499999999999994,
        "random_error": 0.24403888888888875,
        "solve_duration_time": 7427.324628353119,
        "known_attributes": 1
    }
}