{
    "values": {
        "n_trees": 100,
        "max_depth": null,
        "real_max_depth": 15,
        "seed": 1,
        "accuracy test": 0.7228571428571429,
        "accuracy train": 0.96,
        "solve_status": "FEASIBLE",
        "mean-error": 0.06333333333333332,
        "random_error": 0.3064999999999996,
        "solve_duration_time": 7375.676050901413,
        "known_attributes": 5
    }
}