{
    "values": {
        "n_trees": 100,
        "max_depth": null,
        "real_max_depth": 12,
        "seed": 4,
        "accuracy test": 0.5407142857142857,
        "accuracy train": 0.78,
        "solve_status": "FEASIBLE",
        "mean-error": 0.029999999999999995,
        "random_error": 0.13026000000000001,
        "solve_duration_time": 7428.312718153,
        "known_attributes": 5
    }
}