{
    "values": {
        "n_trees": 100,
        "max_depth": null,
        "real_max_depth": 11,
        "seed": 1,
        "accuracy test": 0.6192857142857143,
        "accuracy train": 0.76,
        "solve_status": "FEASIBLE",
        "mean-error": 0.043076923076923075,
        "random_error": 0.19833846153846127,
        "solve_duration_time": 7458.864461421967,
        "known_attributes": 1
    }
}