{
    "values": {
        "n_trees": 100,
        "max_depth": null,
        "real_max_depth": 11,
        "seed": 0,
        "accuracy test": 0.5728571428571428,
        "accuracy train": 0.87,
        "solve_status": "FEASIBLE",
        "mean-error": 0.045714285714285714,
        "random_error": 0.21132857142857137,
        "solve_duration_time": 7382.697930574417,
        "known_attributes": 3
    }
}