{
    "values": {
        "n_trees": 100,
        "max_depth": null,
        "real_max_depth": 11,
        "seed": 3,
        "accuracy test": 0.5678571428571428,
        "accuracy train": 0.76,
        "solve_status": "FEASIBLE",
        "mean-error": 0.04846153846153846,
        "random_error": 0.19312307692307676,
        "solve_duration_time": 7463.726310253143,
        "known_attributes": 1
    }
}