{
    "values": {
        "n_trees": 100,
        "max_depth": null,
        "real_max_depth": 11,
        "seed": 1,
        "accuracy test": 0.6192857142857143,
        "accuracy train": 0.76,
        "solve_status": "FEASIBLE",
        "mean-error": 0.03714285714285713,
        "random_error": 0.1846142857142857,
        "solve_duration_time": 7464.486386537552,
        "known_attributes": 3
    }
}