{
    "values": {
        "n_trees": 100,
        "max_depth": null,
        "real_max_depth": 11,
        "seed": 2,
        "accuracy test": 0.6035714285714285,
        "accuracy train": 0.83,
        "solve_status": "FEASIBLE",
        "mean-error": 0.04800000000000001,
        "random_error": 0.10254000000000002,
        "solve_duration_time": 7355.148546457291,
        "known_attributes": 5
    }
}