{
    "values": {
        "n_trees": 100,
        "max_depth": null,
        "real_max_depth": 11,
        "seed": 0,
        "accuracy test": 0.5728571428571428,
        "accuracy train": 0.87,
        "solve_status": "FEASIBLE",
        "mean-error": 0.041428571428571426,
        "random_error": 0.2105928571428571,
        "solve_duration_time": 7371.765386581421,
        "known_attributes": 0
    }
}