{
    "values": {
        "n_trees": 100,
        "max_depth": null,
        "real_max_depth": 11,
        "seed": 2,
        "accuracy test": 0.6035714285714285,
        "accuracy train": 0.83,
        "solve_status": "FEASIBLE",
        "mean-error": 0.03142857142857142,
        "random_error": 0.15958571428571428,
        "solve_duration_time": 7354.042659044266,
        "known_attributes": 3
    }
}