{
    "values": {
        "n_trees": 100,
        "max_depth": null,
        "real_max_depth": 14,
        "seed": 3,
        "accuracy test": 0.7571428571428571,
        "accuracy train": 1.0,
        "solve_status": "FEASIBLE",
        "mean-error": 0.03727272727272726,
        "random_error": 0.21926363636363655,
        "solve_duration_time": 18225.84075331688,
        "known_attributes": 8
    }
}