{
    "values": {
        "n_trees": 100,
        "max_depth": null,
        "real_max_depth": 14,
        "seed": 0,
        "accuracy test": 0.7635714285714286,
        "accuracy train": 0.98,
        "solve_status": "FEASIBLE",
        "mean-error": 0.09619047619047615,
        "random_error": 0.2643523809523805,
        "solve_duration_time": 7443.0172917842865
    }
}