{
    "values": {
        "n_trees": 100,
        "max_depth": null,
        "real_max_depth": 14,
        "seed": 0,
        "accuracy test": 0.7635714285714286,
        "accuracy train": 0.98,
        "solve_status": "UNKNOWN",
        "mean-error": 0.24921578947368425,
        "random_error": 0.24921578947368425,
        "solve_duration_time": 18158.83828663826,
        "known_attributes": 2
    }
}