{
    "values": {
        "n_trees": 100,
        "max_depth": null,
        "real_max_depth": 13,
        "seed": 2,
        "accuracy test": 0.7678571428571429,
        "accuracy train": 0.98,
        "solve_status": "FEASIBLE",
        "mean-error": 0.08785714285714284,
        "random_error": 0.24644999999999995,
        "solve_duration_time": 7443.733674526215,
        "known_attributes": 4
    }
}