{
    "values": {
        "n_trees": 100,
        "max_depth": null,
        "real_max_depth": 14,
        "seed": 3,
        "accuracy test": 0.7571428571428571,
        "accuracy train": 1.0,
        "solve_status": "FEASIBLE",
        "mean-error": 0.05923076923076923,
        "random_error": 0.22347692307692263,
        "solve_duration_time": 18196.51234984398,
        "known_attributes": 6
    }
}