{
    "values": {
        "n_trees": 100,
        "max_depth": null,
        "real_max_depth": 14,
        "seed": 0,
        "accuracy test": 0.7635714285714286,
        "accuracy train": 0.98,
        "solve_status": "UNKNOWN",
        "mean-error": 0.26009500000000013,
        "random_error": 0.26009500000000013,
        "solve_duration_time": 18251.00625538826,
        "known_attributes": 1
    }
}