{
    "values": {
        "n_trees": 100,
        "max_depth": null,
        "real_max_depth": 13,
        "seed": 4,
        "accuracy test": 0.7528571428571429,
        "accuracy train": 0.98,
        "solve_status": "FEASIBLE",
        "mean-error": 0.07583333333333334,
        "random_error": 0.23700833333333335,
        "solve_duration_time": 7442.2669994831085,
        "known_attributes": 6
    }
}