{
    "values": {
        "n_trees": 100,
        "max_depth": null,
        "real_max_depth": 14,
        "seed": 0,
        "accuracy test": 0.7635714285714286,
        "accuracy train": 0.98,
        "solve_status": "FEASIBLE",
        "mean-error": 0.07777777777777774,
        "random_error": 0.184911111111111,
        "solve_duration_time": 7431.552823543549,
        "known_attributes": 10
    }
}