{
    "values": {
        "n_trees": 100,
        "max_depth": null,
        "real_max_depth": 14,
        "seed": 3,
        "accuracy test": 0.7814285714285715,
        "accuracy train": 0.94,
        "solve_status": "FEASIBLE",
        "mean-error": 0.1131578947368421,
        "random_error": 0.3016315789473684,
        "solve_duration_time": 7338.865521669388,
        "known_proportion": 0.8
    }
}