{
    "values": {
        "n_trees": 100,
        "max_depth": null,
        "real_max_depth": 14,
        "seed": 3,
        "accuracy test": 0.7814285714285715,
        "accuracy train": 0.94,
        "solve_status": "FEASIBLE",
        "mean-error": 0.08596491228070176,
        "random_error": 0.2665964912280702,
        "solve_duration_time": 7337.649653911591,
        "known_proportion": 0.4
    }
}