{
    "values": {
        "n_trees": 100,
        "max_depth": null,
        "real_max_depth": 14,
        "seed": 3,
        "accuracy test": 0.7814285714285715,
        "accuracy train": 0.94,
        "solve_status": "FEASIBLE",
        "mean-error": 0.47368421052631576,
        "random_error": 0.402105263157895,
        "solve_duration_time": 7398.582266330719,
        "known_proportion": 0.99
    }
}