{
    "values": {
        "n_trees": 100,
        "max_depth": null,
        "real_max_depth": 14,
        "seed": 0,
        "accuracy test": 0.7621428571428571,
        "accuracy train": 0.96,
        "solve_status": "FEASIBLE",
        "mean-error": 0.08654970760233921,
        "random_error": 0.25664912280701746,
        "solve_duration_time": 7346.477012395859,
        "known_proportion": 0.1
    }
}