{
    "values": {
        "n_trees": 100,
        "max_depth": null,
        "real_max_depth": 14,
        "seed": 4,
        "accuracy test": 0.7921428571428571,
        "accuracy train": 0.99,
        "solve_status": "FEASIBLE",
        "mean-error": 0.10526315789473686,
        "random_error": 0.24924736842105266,
        "solve_duration_time": 7345.06583070755,
        "known_proportion": 0.0
    }
}