{
    "values": {
        "n_trees": 100,
        "max_depth": null,
        "real_max_depth": 15,
        "seed": 2,
        "accuracy test": 0.7764285714285715,
        "accuracy train": 0.97,
        "solve_status": "FEASIBLE",
        "mean-error": 0.06842105263157894,
        "random_error": 0.25715204678362574,
        "solve_duration_time": 7383.328518867493,
        "known_proportion": 0.1
    }
}