{
    "values": {
        "n_trees": 100,
        "max_depth": null,
        "real_max_depth": 15,
        "seed": 2,
        "accuracy test": 0.7764285714285715,
        "accuracy train": 0.97,
        "solve_status": "FEASIBLE",
        "mean-error": 0.07368421052631578,
        "random_error": 0.3665263157894737,
        "solve_duration_time": 7360.427168369293,
        "known_proportion": 0.95
    }
}