{
    "values": {
        "n_trees": 100,
        "max_depth": null,
        "real_max_depth": 15,
        "seed": 1,
        "accuracy test": 0.7228571428571429,
        "accuracy train": 0.96,
        "solve_status": "FEASIBLE",
        "mean-error": 0.08105263157894738,
        "random_error": 0.26498947368421055,
        "solve_duration_time": 7372.858670711517,
        "known_proportion": 0.5
    }
}