{
    "values": {
        "n_trees": 100,
        "max_depth": null,
        "real_max_depth": 15,
        "seed": 2,
        "accuracy test": 0.7764285714285715,
        "accuracy train": 0.97,
        "solve_status": "FEASIBLE",
        "mean-error": 0.09210526315789472,
        "random_error": 0.296578947368421,
        "solve_duration_time": 7365.092087030411,
        "known_proportion": 0.8
    }
}