{
    "values": {
        "n_trees": 100,
        "max_depth": null,
        "real_max_depth": 14,
        "seed": 3,
        "accuracy test": 0.7814285714285715,
        "accuracy train": 0.94,
        "solve_status": "FEASIBLE",
        "mean-error": 0.09248120300751879,
        "random_error": 0.26129323308270685,
        "solve_duration_time": 7400.108201503754,
        "known_proportion": 0.3
    }
}