{
    "values": {
        "n_trees": 100,
        "max_depth": null,
        "real_max_depth": 15,
        "seed": 2,
        "accuracy test": 0.7764285714285715,
        "accuracy train": 0.97,
        "solve_status": "FEASIBLE",
        "mean-error": 0.08421052631578947,
        "random_error": 0.2698105263157895,
        "solve_duration_time": 7459.795944452286,
        "known_proportion": 0.5
    }
}