{
    "values": {
        "n_trees": 100,
        "max_depth": null,
        "real_max_depth": 14,
        "seed": 0,
        "accuracy test": 0.7621428571428571,
        "accuracy train": 0.96,
        "solve_status": "FEASIBLE",
        "mean-error": 0.07496012759170655,
        "random_error": 0.25520467836257316,
        "solve_duration_time": 7358.872492313385,
        "known_proportion": 0.01
    }
}