{
    "values": {
        "n_trees": 100,
        "max_depth": null,
        "real_max_depth": 14,
        "seed": 3,
        "accuracy test": 0.7814285714285715,
        "accuracy train": 0.94,
        "solve_status": "FEASIBLE",
        "mean-error": 0.042105263157894736,
        "random_error": 0.368842105263158,
        "solve_duration_time": 7395.796564817429,
        "known_proportion": 0.95
    }
}