{
    "values": {
        "n_trees": 100,
        "max_depth": null,
        "real_max_depth": 14,
        "seed": 4,
        "accuracy test": 0.7921428571428571,
        "accuracy train": 0.99,
        "solve_status": "FEASIBLE",
        "mean-error": 0.06842105263157894,
        "random_error": 0.29463157894736836,
        "solve_duration_time": 7428.670787096024,
        "known_proportion": 0.8
    }
}