{
    "values": {
        "n_trees": 100,
        "max_depth": null,
        "real_max_depth": 14,
        "seed": 0,
        "accuracy test": 0.7621428571428571,
        "accuracy train": 0.96,
        "solve_status": "FEASIBLE",
        "mean-error": 0.09999999999999998,
        "random_error": 0.2857763157894737,
        "solve_duration_time": 7341.331645011902,
        "known_proportion": 0.6
    }
}