{
    "values": {
        "n_trees": 100,
        "max_depth": null,
        "real_max_depth": 14,
        "seed": 3,
        "accuracy test": 0.7814285714285715,
        "accuracy train": 0.94,
        "solve_status": "FEASIBLE",
        "mean-error": 0.09303561935140882,
        "random_error": 0.2514992025518341,
        "solve_duration_time": 7347.099650382996,
        "known_proportion": 0.01
    }
}