{
    "values": {
        "n_trees": 100,
        "max_depth": null,
        "real_max_depth": 14,
        "seed": 4,
        "accuracy test": 0.7921428571428571,
        "accuracy train": 0.99,
        "solve_status": "FEASIBLE",
        "mean-error": 0.11301939058171744,
        "random_error": 0.2503656509695289,
        "solve_duration_time": 7400.53471660614,
        "known_proportion": 0.05
    }
}