{
    "values": {
        "n_trees": 100,
        "max_depth": null,
        "real_max_depth": 14,
        "seed": 0,
        "accuracy test": 0.7621428571428571,
        "accuracy train": 0.96,
        "solve_status": "FEASIBLE",
        "mean-error": 0.1031578947368421,
        "random_error": 0.2794736842105263,
        "solve_duration_time": 7356.144117355347,
        "known_proportion": 0.5
    }
}