{
    "values": {
        "n_trees": 100,
        "max_depth": null,
        "real_max_depth": 14,
        "seed": 3,
        "accuracy test": 0.7814285714285715,
        "accuracy train": 0.94,
        "solve_status": "FEASIBLE",
        "mean-error": 0.08698060941828253,
        "random_error": 0.25286980609418275,
        "solve_duration_time": 7352.296112775803,
        "known_proportion": 0.05
    }
}