{
    "values": {
        "n_trees": 100,
        "max_depth": null,
        "real_max_depth": 14,
        "seed": 3,
        "accuracy test": 0.7814285714285715,
        "accuracy train": 0.94,
        "solve_status": "FEASIBLE",
        "mean-error": 0.09473684210526315,
        "random_error": 0.25619736842105245,
        "solve_duration_time": 7339.806455612183,
        "known_proportion": 0.2
    }
}