{
    "values": {
        "n_trees": 100,
        "max_depth": null,
        "real_max_depth": 11,
        "seed": 0,
        "accuracy test": 0.5728571428571428,
        "accuracy train": 0.87,
        "solve_status": "FEASIBLE",
        "mean-error": 0.05555555555555555,
        "random_error": 0.20802380952380936,
        "solve_duration_time": 7373.515848398209,
        "known_proportion": 0.1
    }
}