{
    "values": {
        "n_trees": 100,
        "max_depth": null,
        "real_max_depth": 11,
        "seed": 2,
        "accuracy test": 0.6035714285714285,
        "accuracy train": 0.83,
        "solve_status": "FEASIBLE",
        "mean-error": 0.05000000000000001,
        "random_error": 0.20951428571428565,
        "solve_duration_time": 7438.45387673378,
        "known_proportion": 0.5
    }
}