{
    "values": {
        "n_trees": 100,
        "max_depth": null,
        "real_max_depth": 12,
        "seed": 4,
        "accuracy test": 0.5407142857142857,
        "accuracy train": 0.78,
        "solve_status": "FEASIBLE",
        "mean-error": 0.05338345864661654,
        "random_error": 0.20342105263157895,
        "solve_duration_time": 7451.992141485214,
        "known_proportion": 0.05
    }
}