{
    "values": {
        "n_trees": 100,
        "max_depth": null,
        "real_max_depth": 11,
        "seed": 3,
        "accuracy test": 0.5678571428571428,
        "accuracy train": 0.76,
        "solve_status": "FEASIBLE",
        "mean-error": 0.1571428571428571,
        "random_error": 0.27314285714285735,
        "solve_duration_time": 7364.445777654648,
        "known_proportion": 0.9
    }
}