{
    "values": {
        "n_trees": 100,
        "max_depth": null,
        "real_max_depth": 11,
        "seed": 2,
        "accuracy test": 0.6035714285714285,
        "accuracy train": 0.83,
        "solve_status": "FEASIBLE",
        "mean-error": 0.05306122448979592,
        "random_error": 0.2096836734693877,
        "solve_duration_time": 7362.358815670013,
        "known_proportion": 0.3
    }
}