{
    "values": {
        "n_trees": 100,
        "max_depth": null,
        "real_max_depth": 11,
        "seed": 0,
        "accuracy test": 0.5728571428571428,
        "accuracy train": 0.87,
        "solve_status": "FEASIBLE",
        "mean-error": 0.04857142857142857,
        "random_error": 0.22274285714285696,
        "solve_duration_time": 7359.600889205933,
        "known_proportion": 0.5
    }
}