{
    "values": {
        "n_trees": 100,
        "max_depth": null,
        "real_max_depth": 12,
        "seed": 4,
        "accuracy test": 0.5407142857142857,
        "accuracy train": 0.78,
        "solve_status": "FEASIBLE",
        "mean-error": 0.03857142857142857,
        "random_error": 0.21882857142857134,
        "solve_duration_time": 7476.281774759293,
        "known_proportion": 0.5
    }
}