{
    "values": {
        "n_trees": 100,
        "max_depth": null,
        "real_max_depth": 11,
        "seed": 1,
        "accuracy test": 0.6192857142857143,
        "accuracy train": 0.76,
        "solve_status": "FEASIBLE",
        "mean-error": 0.08571428571428572,
        "random_error": 0.3007142857142856,
        "solve_duration_time": 7357.87638092041,
        "known_proportion": 0.95
    }
}