{
    "values": {
        "n_trees": 100,
        "max_depth": null,
        "real_max_depth": 11,
        "seed": 1,
        "accuracy test": 0.6192857142857143,
        "accuracy train": 0.76,
        "solve_status": "FEASIBLE",
        "mean-error": 0.10000000000000002,
        "random_error": 0.2255714285714284,
        "solve_duration_time": 7375.9018201828,
        "known_proportion": 0.7
    }
}