{
    "values": {
        "n_trees": 100,
        "max_depth": null,
        "real_max_depth": 11,
        "seed": 2,
        "accuracy test": 0.6035714285714285,
        "accuracy train": 0.83,
        "solve_status": "FEASIBLE",
        "mean-error": 0.06904761904761904,
        "random_error": 0.2105238095238094,
        "solve_duration_time": 7359.333645820618,
        "known_proportion": 0.4
    }
}