{
    "values": {
        "n_trees": 100,
        "max_depth": null,
        "real_max_depth": 11,
        "seed": 2,
        "accuracy test": 0.6035714285714285,
        "accuracy train": 0.83,
        "solve_status": "FEASIBLE",
        "mean-error": 0.06071428571428572,
        "random_error": 0.20170535714285712,
        "solve_duration_time": 7360.292405843735,
        "known_proportion": 0.2
    }
}