{
    "values": {
        "n_trees": 100,
        "max_depth": null,
        "real_max_depth": 11,
        "seed": 2,
        "accuracy test": 0.6035714285714285,
        "accuracy train": 0.83,
        "solve_status": "FEASIBLE",
        "mean-error": 0.11428571428571425,
        "random_error": 0.2797857142857143,
        "solve_duration_time": 7354.175176382065,
        "known_proportion": 0.9
    }
}