{
    "values": {
        "n_trees": 100,
        "max_depth": null,
        "real_max_depth": 11,
        "seed": 1,
        "accuracy test": 0.6192857142857143,
        "accuracy train": 0.76,
        "solve_status": "FEASIBLE",
        "mean-error": 0.06428571428571428,
        "random_error": 0.2681428571428573,
        "solve_duration_time": 7435.603753566742,
        "known_proportion": 0.9
    }
}