{
    "values": {
        "n_trees": 100,
        "max_depth": null,
        "real_max_depth": 11,
        "seed": 0,
        "accuracy test": 0.5728571428571428,
        "accuracy train": 0.87,
        "solve_status": "FEASIBLE",
        "mean-error": 0.06428571428571428,
        "random_error": 0.2855714285714286,
        "solve_duration_time": 7363.770658731461,
        "known_proportion": 0.9
    }
}