{
    "values": {
        "n_trees": 100,
        "max_depth": null,
        "real_max_depth": 12,
        "seed": 4,
        "accuracy test": 0.5407142857142857,
        "accuracy train": 0.78,
        "solve_status": "FEASIBLE",
        "mean-error": 0.03357142857142858,
        "random_error": 0.20382857142857141,
        "solve_duration_time": 7373.125384807587,
        "known_proportion": 0.0
    }
}