{
    "values": {
        "n_trees": 100,
        "max_depth": null,
        "real_max_depth": 11,
        "seed": 1,
        "accuracy test": 0.6192857142857143,
        "accuracy train": 0.76,
        "solve_status": "FEASIBLE",
        "mean-error": 0.07678571428571429,
        "random_error": 0.21717857142857144,
        "solve_duration_time": 7362.421709537506,
        "known_proportion": 0.6
    }
}