{
    "values": {
        "n_trees": 100,
        "max_depth": null,
        "real_max_depth": 11,
        "seed": 0,
        "accuracy test": 0.5728571428571428,
        "accuracy train": 0.87,
        "solve_status": "FEASIBLE",
        "mean-error": 0.03318903318903319,
        "random_error": 0.20871572871572877,
        "solve_duration_time": 7357.54278421402,
        "known_proportion": 0.01
    }
}