{
    "values": {
        "n_trees": 100,
        "max_depth": null,
        "real_max_depth": 11,
        "seed": 3,
        "accuracy test": 0.5678571428571428,
        "accuracy train": 0.76,
        "solve_status": "FEASIBLE",
        "mean-error": 0.04841269841269843,
        "random_error": 0.21384920634920618,
        "solve_duration_time": 7376.328543424606,
        "known_proportion": 0.1
    }
}