{
    "values": {
        "n_trees": 100,
        "max_depth": null,
        "real_max_depth": 12,
        "seed": 4,
        "accuracy test": 0.5407142857142857,
        "accuracy train": 0.78,
        "solve_status": "FEASIBLE",
        "mean-error": 0.07857142857142856,
        "random_error": 0.2629285714285715,
        "solve_duration_time": 7358.874197006226,
        "known_proportion": 0.9
    }
}