{
    "values": {
        "n_trees": 100,
        "max_depth": null,
        "real_max_depth": 12,
        "seed": 4,
        "accuracy test": 0.5407142857142857,
        "accuracy train": 0.78,
        "solve_status": "FEASIBLE",
        "mean-error": 0.041836734693877546,
        "random_error": 0.2057448979591837,
        "solve_duration_time": 7363.977407217026,
        "known_proportion": 0.3
    }
}