{
    "values": {
        "n_trees": 100,
        "max_depth": null,
        "real_max_depth": 14,
        "seed": 0,
        "accuracy test": 0.7635714285714286,
        "accuracy train": 0.98,
        "solve_status": "FEASIBLE",
        "mean-error": 0.08333333333333334,
        "random_error": 0.31471428571428584,
        "solve_duration_time": 7347.040789604187,
        "known_proportion": 0.8
    }
}