{
    "values": {
        "n_trees": 100,
        "max_depth": null,
        "real_max_depth": 13,
        "seed": 4,
        "accuracy test": 0.7528571428571429,
        "accuracy train": 0.98,
        "solve_status": "UNKNOWN",
        "mean-error": 0.2763333333333331,
        "random_error": 0.2763333333333331,
        "solve_duration_time": 7436.995056629181,
        "known_proportion": 0.3
    }
}