{
    "values": {
        "n_trees": 100,
        "max_depth": null,
        "real_max_depth": 13,
        "seed": 4,
        "accuracy test": 0.7528571428571429,
        "accuracy train": 0.98,
        "solve_status": "FEASIBLE",
        "mean-error": 0.07619047619047618,
        "random_error": 0.3782857142857139,
        "solve_duration_time": 7427.56915640831,
        "known_proportion": 0.95
    }
}