{
    "values": {
        "n_trees": 100,
        "max_depth": null,
        "real_max_depth": 13,
        "seed": 2,
        "accuracy test": 0.7678571428571429,
        "accuracy train": 0.98,
        "solve_status": "FEASIBLE",
        "mean-error": 0.06190476190476191,
        "random_error": 0.32445238095238105,
        "solve_duration_time": 7355.544619560242,
        "known_proportion": 0.8
    }
}