{
    "values": {
        "n_trees": 100,
        "max_depth": null,
        "real_max_depth": 13,
        "seed": 2,
        "accuracy test": 0.7678571428571429,
        "accuracy train": 0.98,
        "solve_status": "UNKNOWN",
        "mean-error": 0.2775833333333331,
        "random_error": 0.2775833333333331,
        "solve_duration_time": 7362.971398830414,
        "known_proportion": 0.2
    }
}