{
    "values": {
        "n_trees": 100,
        "max_depth": null,
        "real_max_depth": 14,
        "seed": 0,
        "accuracy test": 0.7635714285714286,
        "accuracy train": 0.98,
        "solve_status": "FEASIBLE",
        "mean-error": 0.08571428571428572,
        "random_error": 0.3855238095238091,
        "solve_duration_time": 7361.514425039291,
        "known_proportion": 0.95
    }
}