{
    "values": {
        "n_trees": 100,
        "max_depth": null,
        "real_max_depth": 14,
        "seed": 3,
        "accuracy test": 0.7571428571428571,
        "accuracy train": 1.0,
        "solve_status": "FEASIBLE",
        "mean-error": 0.06666666666666667,
        "random_error": 0.33369047619047626,
        "solve_duration_time": 7391.812316417694,
        "known_proportion": 0.8
    }
}