{
    "values": {
        "n_trees": 100,
        "max_depth": null,
        "real_max_depth": 14,
        "seed": 0,
        "accuracy test": 0.7635714285714286,
        "accuracy train": 0.98,
        "solve_status": "FEASIBLE",
        "mean-error": 0.10555555555555556,
        "random_error": 0.27657142857142863,
        "solve_duration_time": 7376.113155841827,
        "known_proportion": 0.4
    }
}