{
    "values": {
        "n_trees": 100,
        "max_depth": null,
        "real_max_depth": 15,
        "seed": 1,
        "accuracy test": 0.685,
        "accuracy train": 0.92,
        "solve_status": "UNKNOWN",
        "mean-error": 0.27222703222703176,
        "random_error": 0.27222703222703176,
        "solve_duration_time": 7418.527512550354,
        "known_proportion": 0.01
    }
}