{
    "values": {
        "n_trees": 100,
        "max_depth": null,
        "real_max_depth": 14,
        "seed": 0,
        "accuracy test": 0.7635714285714286,
        "accuracy train": 0.98,
        "solve_status": "FEASIBLE",
        "mean-error": 0.10225563909774432,
        "random_error": 0.2645914786967416,
        "solve_duration_time": 7372.852782487869,
        "known_proportion": 0.05
    }
}