{
    "values": {
        "n_trees": 100,
        "max_depth": null,
        "real_max_depth": 13,
        "seed": 4,
        "accuracy test": 0.7528571428571429,
        "accuracy train": 0.98,
        "solve_status": "FEASIBLE",
        "mean-error": 0.09047619047619046,
        "random_error": 0.31635714285714295,
        "solve_duration_time": 7362.024057865143,
        "known_proportion": 0.8
    }
}