{
    "values": {
        "n_trees": 100,
        "max_depth": null,
        "real_max_depth": 13,
        "seed": 2,
        "accuracy test": 0.7678571428571429,
        "accuracy train": 0.98,
        "solve_status": "UNKNOWN",
        "mean-error": 0.2697694235588969,
        "random_error": 0.2697694235588969,
        "solve_duration_time": 7360.667033672333,
        "known_proportion": 0.05
    }
}