{
    "values": {
        "n_trees": 100,
        "max_depth": null,
        "real_max_depth": 14,
        "seed": 0,
        "accuracy test": 0.7635714285714286,
        "accuracy train": 0.98,
        "solve_status": "FEASIBLE",
        "mean-error": 0.08214285714285714,
        "random_error": 0.28574999999999995,
        "solve_duration_time": 7350.583300352097,
        "known_proportion": 0.6
    }
}