{
    "values": {
        "n_trees": 100,
        "max_depth": null,
        "real_max_depth": 14,
        "seed": 3,
        "accuracy test": 0.7571428571428571,
        "accuracy train": 1.0,
        "solve_status": "FEASIBLE",
        "mean-error": 0.06825396825396825,
        "random_error": 0.31173015873015886,
        "solve_duration_time": 7392.3794820308685,
        "known_proportion": 0.7
    }
}