{
    "values": {
        "n_trees": 1,
        "max_depth": 2,
        "real_max_depth": 2,
        "seed": 1,
        "accuracy test": 0.7792857142857142,
        "accuracy train": 0.67,
        "solve_status": "OPTIMAL",
        "mean-error": 0.5810526315789472,
        "random_error": 0.2537315789473685,
        "solve_duration_time": 1.0082435607910156
    }
}