{
    "values": {
        "n_trees": 30,
        "max_depth": null,
        "real_max_depth": 14,
        "seed": 3,
        "accuracy test": 0.7878571428571428,
        "accuracy train": 0.94,
        "solve_status": "OPTIMAL",
        "mean-error": 0.019999999999999987,
        "random_error": 0.2520631578947368,
        "solve_duration_time": 82.64647340774536
    }
}