{
    "values": {
        "n_trees": 60,
        "max_depth": null,
        "real_max_depth": 15,
        "seed": 2,
        "accuracy test": 0.7735714285714286,
        "accuracy train": 0.97,
        "solve_status": "OPTIMAL",
        "mean-error": 0.0010526315789473684,
        "random_error": 0.2533105263157894,
        "solve_duration_time": 209.9893651008606
    }
}