{
    "values": {
        "n_trees": 5,
        "max_depth": 10,
        "real_max_depth": 10,
        "seed": 3,
        "accuracy test": 0.7628571428571429,
        "accuracy train": 0.93,
        "solve_status": "OPTIMAL",
        "mean-error": 0.294736842105263,
        "random_error": 0.2520631578947368,
        "solve_duration_time": 8.490049362182617
    }
}