{
    "values": {
        "n_trees": 30,
        "max_depth": 2,
        "real_max_depth": 2,
        "seed": 1,
        "accuracy test": 0.7928571428571428,
        "accuracy train": 0.81,
        "solve_status": "OPTIMAL",
        "mean-error": 0.15789473684210506,
        "random_error": 0.2537315789473685,
        "solve_duration_time": 44.76136064529419
    }
}