{
    "values": {
        "n_trees": 40,
        "max_depth": 10,
        "real_max_depth": 10,
        "seed": 3,
        "accuracy test": 0.7842857142857143,
        "accuracy train": 0.94,
        "solve_status": "OPTIMAL",
        "mean-error": 0.009473684210526311,
        "random_error": 0.2520631578947368,
        "solve_duration_time": 102.88046646118164
    }
}