{
    "values": {
        "n_trees": 80,
        "max_depth": 2,
        "real_max_depth": 2,
        "seed": 0,
        "accuracy test": 0.765,
        "accuracy train": 0.81,
        "solve_status": "OPTIMAL",
        "mean-error": 0.017894736842105255,
        "random_error": 0.2545052631578947,
        "solve_duration_time": 217.43699979782104
    }
}