{
    "values": {
        "n_trees": 30,
        "max_depth": 4,
        "real_max_depth": 4,
        "seed": 0,
        "accuracy test": 0.7728571428571429,
        "accuracy train": 0.89,
        "solve_status": "OPTIMAL",
        "mean-error": 0.06421052631578944,
        "random_error": 0.2545052631578947,
        "solve_duration_time": 44.29310417175293
    }
}