{
    "values": {
        "n_trees": 1,
        "max_depth": null,
        "real_max_depth": 11,
        "seed": 3,
        "accuracy test": 0.7678571428571429,
        "accuracy train": 0.92,
        "solve_status": "OPTIMAL",
        "mean-error": 0.4842105263157893,
        "random_error": 0.2520631578947368,
        "solve_duration_time": 1.7509784698486328
    }
}