{
    "values": {
        "n_trees": 30,
        "max_depth": null,
        "real_max_depth": 13,
        "seed": 1,
        "accuracy test": 0.7135714285714285,
        "accuracy train": 0.96,
        "solve_status": "OPTIMAL",
        "mean-error": 0.013157894736842101,
        "random_error": 0.2537315789473685,
        "solve_duration_time": 90.1631977558136
    }
}