{
    "values": {
        "n_trees": 70,
        "max_depth": 2,
        "real_max_depth": 2,
        "seed": 1,
        "accuracy test": 0.7971428571428572,
        "accuracy train": 0.82,
        "solve_status": "OPTIMAL",
        "mean-error": 0.017368421052631568,
        "random_error": 0.2537315789473685,
        "solve_duration_time": 331.62029242515564
    }
}