{
    "values": {
        "n_trees": 100,
        "max_depth": null,
        "real_max_depth": 14,
        "seed": 4,
        "accuracy test": 0.7921428571428571,
        "accuracy train": 0.99,
        "solve_status": "OPTIMAL",
        "mean-error": 0.0005263157894736842,
        "random_error": 0.24924736842105266,
        "solve_duration_time": 290.084331035614
    }
}