{
    "values": {
        "n_trees": 5,
        "max_depth": null,
        "real_max_depth": 11,
        "seed": 3,
        "accuracy test": 0.7514285714285714,
        "accuracy train": 0.93,
        "solve_status": "OPTIMAL",
        "mean-error": 0.29684210526315774,
        "random_error": 0.2520631578947368,
        "solve_duration_time": 12.142624616622925
    }
}