{
    "values": {
        "n_trees": 70,
        "max_depth": 10,
        "real_max_depth": 10,
        "seed": 3,
        "accuracy test": 0.7778571428571428,
        "accuracy train": 0.94,
        "solve_status": "OPTIMAL",
        "mean-error": 0.002105263157894737,
        "random_error": 0.2520631578947368,
        "solve_duration_time": 207.7131016254425
    }
}