{
    "values": {
        "n_trees": 50,
        "max_depth": 2,
        "real_max_depth": 2,
        "seed": 4,
        "accuracy test": 0.7578571428571429,
        "accuracy train": 0.8,
        "solve_status": "OPTIMAL",
        "mean-error": 0.11210526315789464,
        "random_error": 0.24924736842105266,
        "solve_duration_time": 84.95598196983337
    }
}