{
    "values": {
        "n_trees": 10,
        "max_depth": 4,
        "real_max_depth": 4,
        "seed": 4,
        "accuracy test": 0.7892857142857143,
        "accuracy train": 0.89,
        "solve_status": "OPTIMAL",
        "mean-error": 0.19999999999999993,
        "random_error": 0.24924736842105266,
        "solve_duration_time": 15.879075527191162
    }
}