{
    "values": {
        "n_trees": 70,
        "max_depth": 5,
        "real_max_depth": 5,
        "seed": 3,
        "accuracy test": 0.7864285714285715,
        "accuracy train": 0.9,
        "solve_status": "OPTIMAL",
        "mean-error": 0.011052631578947364,
        "random_error": 0.2520631578947368,
        "solve_duration_time": 243.72663474082947
    }
}