{
    "values": {
        "n_trees": 1,
        "max_depth": 5,
        "real_max_depth": 5,
        "seed": 3,
        "accuracy test": 0.7628571428571429,
        "accuracy train": 0.89,
        "solve_status": "OPTIMAL",
        "mean-error": 0.5047368421052632,
        "random_error": 0.2520631578947368,
        "solve_duration_time": 1.7303268909454346
    }
}