{
    "values": {
        "n_trees": 80,
        "max_depth": null,
        "real_max_depth": 14,
        "seed": 3,
        "accuracy test": 0.7785714285714286,
        "accuracy train": 0.94,
        "solve_status": "OPTIMAL",
        "mean-error": 0.002631578947368421,
        "random_error": 0.2520631578947368,
        "solve_duration_time": 245.06174302101135
    }
}