{
    "values": {
        "n_trees": 1,
        "max_depth": 4,
        "real_max_depth": 4,
        "seed": 4,
        "accuracy test": 0.7742857142857142,
        "accuracy train": 0.84,
        "solve_status": "OPTIMAL",
        "mean-error": 0.5052631578947369,
        "random_error": 0.24924736842105266,
        "solve_duration_time": 1.7548251152038574
    }
}