{
    "values": {
        "n_trees": 100,
        "max_depth": 2,
        "real_max_depth": 2,
        "seed": 2,
        "accuracy test": 0.7764285714285715,
        "accuracy train": 0.77,
        "solve_status": "OPTIMAL",
        "mean-error": 0.029473684210526332,
        "random_error": 0.2533105263157894,
        "solve_duration_time": 428.12218618392944
    }
}