{
    "values": {
        "n_trees": 80,
        "max_depth": 3,
        "real_max_depth": 3,
        "seed": 2,
        "accuracy test": 0.7921428571428571,
        "accuracy train": 0.78,
        "solve_status": "OPTIMAL",
        "mean-error": 0.0015789473684210526,
        "random_error": 0.2533105263157894,
        "solve_duration_time": 148.5456349849701
    }
}