{
    "values": {
        "n_trees": 10,
        "max_depth": 10,
        "real_max_depth": 10,
        "seed": 4,
        "accuracy test": 0.7914285714285715,
        "accuracy train": 0.97,
        "solve_status": "OPTIMAL",
        "mean-error": 0.16157894736842093,
        "random_error": 0.24924736842105266,
        "solve_duration_time": 23.259211540222168
    }
}