{
    "values": {
        "n_trees": 90,
        "max_depth": 2,
        "real_max_depth": 2,
        "seed": 2,
        "accuracy test": 0.78,
        "accuracy train": 0.77,
        "solve_status": "OPTIMAL",
        "mean-error": 0.03526315789473688,
        "random_error": 0.2533105263157894,
        "solve_duration_time": 394.13226294517517
    }
}