{
    "values": {
        "n_trees": 20,
        "max_depth": 3,
        "real_max_depth": 3,
        "seed": 1,
        "accuracy test": 0.7792857142857142,
        "accuracy train": 0.85,
        "solve_status": "OPTIMAL",
        "mean-error": 0.18210526315789466,
        "random_error": 0.2537315789473685,
        "solve_duration_time": 30.74960470199585
    }
}