{
    "values": {
        "n_trees": 70,
        "max_depth": null,
        "real_max_depth": 14,
        "seed": 1,
        "accuracy test": 0.7185714285714285,
        "accuracy train": 0.96,
        "solve_status": "OPTIMAL",
        "mean-error": 0.0010526315789473684,
        "random_error": 0.2537315789473685,
        "solve_duration_time": 172.7844536304474
    }
}