{
    "values": {
        "n_trees": 20,
        "max_depth": null,
        "real_max_depth": 14,
        "seed": 2,
        "accuracy test": 0.7828571428571428,
        "accuracy train": 0.97,
        "solve_status": "OPTIMAL",
        "mean-error": 0.03157894736842107,
        "random_error": 0.2533105263157894,
        "solve_duration_time": 69.32581949234009
    }
}