{
    "values": {
        "n_trees": 5,
        "max_depth": 10,
        "real_max_depth": 10,
        "seed": 0,
        "accuracy test": 0.7707142857142857,
        "accuracy train": 0.95,
        "solve_status": "OPTIMAL",
        "mean-error": 0.26105263157894726,
        "random_error": 0.2545052631578947,
        "solve_duration_time": 13.672680616378784
    }
}