{
    "values": {
        "n_trees": 30,
        "max_depth": 4,
        "real_max_depth": 4,
        "seed": 1,
        "accuracy test": 0.7664285714285715,
        "accuracy train": 0.89,
        "solve_status": "OPTIMAL",
        "mean-error": 0.03315789473684212,
        "random_error": 0.2537315789473685,
        "solve_duration_time": 46.58279299736023
    }
}