{
    "values": {
        "n_trees": 80,
        "max_depth": 4,
        "real_max_depth": 4,
        "seed": 4,
        "accuracy test": 0.7864285714285715,
        "accuracy train": 0.89,
        "solve_status": "OPTIMAL",
        "mean-error": 0.004210526315789474,
        "random_error": 0.24924736842105266,
        "solve_duration_time": 513.7060470581055
    }
}