{
    "values": {
        "n_trees": 80,
        "max_depth": 4,
        "real_max_depth": 4,
        "seed": 0,
        "accuracy test": 0.7764285714285715,
        "accuracy train": 0.89,
        "solve_status": "OPTIMAL",
        "mean-error": 0.003157894736842105,
        "random_error": 0.2545052631578947,
        "solve_duration_time": 169.3672914505005
    }
}