{
    "values": {
        "n_trees": 90,
        "max_depth": null,
        "real_max_depth": 14,
        "seed": 0,
        "accuracy test": 0.7607142857142857,
        "accuracy train": 0.96,
        "solve_status": "OPTIMAL",
        "mean-error": 0.0005263157894736842,
        "random_error": 0.2545052631578947,
        "solve_duration_time": 295.5081264972687
    }
}