{
    "values": {
        "n_trees": 60,
        "max_depth": 3,
        "real_max_depth": 3,
        "seed": 3,
        "accuracy test": 0.7842857142857143,
        "accuracy train": 0.85,
        "solve_status": "OPTIMAL",
        "mean-error": 0.024736842105263154,
        "random_error": 0.2520631578947368,
        "solve_duration_time": 155.08233976364136
    }
}