{
    "values": {
        "n_trees": 20,
        "max_depth": 5,
        "real_max_depth": 5,
        "seed": 0,
        "accuracy test": 0.7771428571428571,
        "accuracy train": 0.92,
        "solve_status": "OPTIMAL",
        "mean-error": 0.06631578947368415,
        "random_error": 0.2545052631578947,
        "solve_duration_time": 37.94489908218384
    }
}