{
    "values": {
        "n_trees": 60,
        "max_depth": 2,
        "real_max_depth": 2,
        "seed": 1,
        "accuracy test": 0.7978571428571428,
        "accuracy train": 0.81,
        "solve_status": "OPTIMAL",
        "mean-error": 0.040526315789473716,
        "random_error": 0.2537315789473685,
        "solve_duration_time": 174.39251685142517
    }
}