{
    "values": {
        "n_trees": 1,
        "max_depth": 2,
        "real_max_depth": 2,
        "seed": 3,
        "accuracy test": 0.7557142857142857,
        "accuracy train": 0.83,
        "solve_status": "OPTIMAL",
        "mean-error": 0.5357894736842104,
        "random_error": 0.2520631578947368,
        "solve_duration_time": 0.9991538524627686
    }
}