{
    "values": {
        "n_trees": 30,
        "max_depth": 4,
        "real_max_depth": 4,
        "seed": 2,
        "accuracy test": 0.7942857142857143,
        "accuracy train": 0.82,
        "solve_status": "OPTIMAL",
        "mean-error": 0.05105263157894736,
        "random_error": 0.2533105263157894,
        "solve_duration_time": 55.76088905334473
    }
}