{
    "values": {
        "n_trees": 30,
        "max_depth": 2,
        "real_max_depth": 2,
        "seed": 2,
        "accuracy test": 0.7792857142857142,
        "accuracy train": 0.77,
        "solve_status": "OPTIMAL",
        "mean-error": 0.1673684210526315,
        "random_error": 0.2533105263157894,
        "solve_duration_time": 34.26565909385681
    }
}