{
    "values": {
        "n_trees": 5,
        "max_depth": 4,
        "real_max_depth": 4,
        "seed": 1,
        "accuracy test": 0.7364285714285714,
        "accuracy train": 0.86,
        "solve_status": "OPTIMAL",
        "mean-error": 0.34368421052631576,
        "random_error": 0.2537315789473685,
        "solve_duration_time": 5.1219048500061035
    }
}