{
    "values": {
        "n_trees": 40,
        "max_depth": 4,
        "real_max_depth": 4,
        "seed": 2,
        "accuracy test": 0.7935714285714286,
        "accuracy train": 0.83,
        "solve_status": "OPTIMAL",
        "mean-error": 0.017368421052631568,
        "random_error": 0.2533105263157894,
        "solve_duration_time": 64.20796179771423
    }
}