{
    "values": {
        "n_trees": 90,
        "max_depth": 3,
        "real_max_depth": 3,
        "seed": 4,
        "accuracy test": 0.7764285714285715,
        "accuracy train": 0.83,
        "solve_status": "OPTIMAL",
        "mean-error": 0.007368421052631577,
        "random_error": 0.24924736842105266,
        "solve_duration_time": 438.2675998210907
    }
}