{
    "values": {
        "n_trees": 40,
        "max_depth": null,
        "real_max_depth": 14,
        "seed": 3,
        "accuracy test": 0.7871428571428571,
        "accuracy train": 0.94,
        "solve_status": "OPTIMAL",
        "mean-error": 0.013684210526315781,
        "random_error": 0.2520631578947368,
        "solve_duration_time": 104.84320783615112
    }
}