{
    "values": {
        "n_trees": 40,
        "max_depth": 10,
        "real_max_depth": 10,
        "seed": 1,
        "accuracy test": 0.7264285714285714,
        "accuracy train": 0.95,
        "solve_status": "OPTIMAL",
        "mean-error": 0.002631578947368421,
        "random_error": 0.2537315789473685,
        "solve_duration_time": 107.25015783309937
    }
}