{
    "values": {
        "n_trees": 100,
        "max_depth": 3,
        "real_max_depth": 3,
        "seed": 4,
        "accuracy test": 0.7742857142857142,
        "accuracy train": 0.83,
        "solve_status": "OPTIMAL",
        "mean-error": 0.0036842105263157894,
        "random_error": 0.24924736842105266,
        "solve_duration_time": 553.0058584213257
    }
}