{
    "values": {
        "n_trees": 20,
        "max_depth": 4,
        "real_max_depth": 4,
        "seed": 1,
        "accuracy test": 0.7657142857142857,
        "accuracy train": 0.89,
        "solve_status": "OPTIMAL",
        "mean-error": 0.06999999999999999,
        "random_error": 0.2537315789473685,
        "solve_duration_time": 34.066535234451294
    }
}