{
    "values": {
        "n_trees": 5,
        "max_depth": 10,
        "real_max_depth": 10,
        "seed": 4,
        "accuracy test": 0.795,
        "accuracy train": 0.97,
        "solve_status": "OPTIMAL",
        "mean-error": 0.30105263157894735,
        "random_error": 0.24924736842105266,
        "solve_duration_time": 13.16921615600586
    }
}