{
    "values": {
        "n_trees": 60,
        "max_depth": 2,
        "real_max_depth": 2,
        "seed": 2,
        "accuracy test": 0.775,
        "accuracy train": 0.77,
        "solve_status": "OPTIMAL",
        "mean-error": 0.07473684210526313,
        "random_error": 0.2533105263157894,
        "solve_duration_time": 108.48613095283508
    }
}