{
    "values": {
        "n_trees": 1,
        "max_depth": 10,
        "real_max_depth": 8,
        "seed": 1,
        "accuracy test": 0.65,
        "accuracy train": 0.88,
        "solve_status": "OPTIMAL",
        "mean-error": 0.5405263157894733,
        "random_error": 0.2537315789473685,
        "solve_duration_time": 2.4856467247009277
    }
}