{
    "values": {
        "n_trees": 60,
        "max_depth": 5,
        "real_max_depth": 5,
        "seed": 3,
        "accuracy test": 0.7864285714285715,
        "accuracy train": 0.9,
        "solve_status": "OPTIMAL",
        "mean-error": 0.007368421052631577,
        "random_error": 0.2520631578947368,
        "solve_duration_time": 95.01317882537842
    }
}