{
    "values": {
        "n_trees": 50,
        "max_depth": 4,
        "real_max_depth": 4,
        "seed": 1,
        "accuracy test": 0.7657142857142857,
        "accuracy train": 0.89,
        "solve_status": "OPTIMAL",
        "mean-error": 0.013684210526315781,
        "random_error": 0.2537315789473685,
        "solve_duration_time": 75.5311119556427
    }
}