{
    "values": {
        "n_trees": 60,
        "max_depth": 4,
        "real_max_depth": 4,
        "seed": 0,
        "accuracy test": 0.7742857142857142,
        "accuracy train": 0.9,
        "solve_status": "OPTIMAL",
        "mean-error": 0.006842105263157894,
        "random_error": 0.2545052631578947,
        "solve_duration_time": 162.25838112831116
    }
}