{
    "values": {
        "n_trees": 60,
        "max_depth": 3,
        "real_max_depth": 3,
        "seed": 4,
        "accuracy test": 0.775,
        "accuracy train": 0.81,
        "solve_status": "OPTIMAL",
        "mean-error": 0.011578947368421046,
        "random_error": 0.24924736842105266,
        "solve_duration_time": 97.96139144897461
    }
}