{
    "values": {
        "n_trees": 70,
        "max_depth": 4,
        "real_max_depth": 4,
        "seed": 3,
        "accuracy test": 0.7835714285714286,
        "accuracy train": 0.87,
        "solve_status": "OPTIMAL",
        "mean-error": 0.0131578947368421,
        "random_error": 0.2520631578947368,
        "solve_duration_time": 178.67174577713013
    }
}