{
    "values": {
        "n_trees": 50,
        "max_depth": 4,
        "real_max_depth": 4,
        "seed": 0,
        "accuracy test": 0.7721428571428571,
        "accuracy train": 0.9,
        "solve_status": "OPTIMAL",
        "mean-error": 0.010526315789473679,
        "random_error": 0.2545052631578947,
        "solve_duration_time": 105.50596570968628
    }
}