{
    "values": {
        "n_trees": 90,
        "max_depth": 5,
        "real_max_depth": 5,
        "seed": 3,
        "accuracy test": 0.785,
        "accuracy train": 0.9,
        "solve_status": "OPTIMAL",
        "mean-error": 0.004736842105263157,
        "random_error": 0.2520631578947368,
        "solve_duration_time": 215.2869200706482
    }
}