{
    "values": {
        "n_trees": 1,
        "max_depth": 10,
        "real_max_depth": 10,
        "seed": 4,
        "accuracy test": 0.7421428571428571,
        "accuracy train": 0.9,
        "solve_status": "OPTIMAL",
        "mean-error": 0.4905263157894737,
        "random_error": 0.24924736842105266,
        "solve_duration_time": 2.8092117309570312
    }
}