{
    "values": {
        "n_trees": 5,
        "max_depth": 2,
        "real_max_depth": 2,
        "seed": 2,
        "accuracy test": 0.77,
        "accuracy train": 0.76,
        "solve_status": "OPTIMAL",
        "mean-error": 0.40631578947368413,
        "random_error": 0.2533105263157894,
        "solve_duration_time": 5.461530685424805
    }
}