{
    "values": {
        "n_trees": 5,
        "max_depth": 2,
        "real_max_depth": 2,
        "seed": 4,
        "accuracy test": 0.7692857142857142,
        "accuracy train": 0.82,
        "solve_status": "OPTIMAL",
        "mean-error": 0.4557894736842104,
        "random_error": 0.24924736842105266,
        "solve_duration_time": 5.628913402557373
    }
}