{
    "values": {
        "n_trees": 100,
        "max_depth": 2,
        "real_max_depth": 2,
        "seed": 3,
        "accuracy test": 0.7792857142857142,
        "accuracy train": 0.83,
        "solve_status": "OPTIMAL",
        "mean-error": 0.062105263157894754,
        "random_error": 0.2520631578947368,
        "solve_duration_time": 359.80797696113586
    }
}