{
    "values": {
        "n_trees": 20,
        "max_depth": 3,
        "real_max_depth": 3,
        "seed": 3,
        "accuracy test": 0.7835714285714286,
        "accuracy train": 0.85,
        "solve_status": "OPTIMAL",
        "mean-error": 0.16789473684210512,
        "random_error": 0.2520631578947368,
        "solve_duration_time": 32.45305299758911
    }
}