{
    "values": {
        "n_trees": 70,
        "max_depth": 5,
        "real_max_depth": 5,
        "seed": 0,
        "accuracy test": 0.7807142857142857,
        "accuracy train": 0.92,
        "solve_status": "OPTIMAL",
        "mean-error": 0.0010526315789473684,
        "random_error": 0.2545052631578947,
        "solve_duration_time": 149.43444347381592
    }
}