{
    "values": {
        "n_trees": 5,
        "max_depth": 3,
        "real_max_depth": 3,
        "seed": 1,
        "accuracy test": 0.7778571428571428,
        "accuracy train": 0.82,
        "solve_status": "OPTIMAL",
        "mean-error": 0.38421052631578967,
        "random_error": 0.2537315789473685,
        "solve_duration_time": 7.766232490539551
    }
}