{
    "values": {
        "n_trees": 1,
        "max_depth": 5,
        "real_max_depth": 5,
        "seed": 2,
        "accuracy test": 0.7842857142857143,
        "accuracy train": 0.82,
        "solve_status": "OPTIMAL",
        "mean-error": 0.5321052631578947,
        "random_error": 0.2533105263157894,
        "solve_duration_time": 2.0855278968811035
    }
}