{
    "values": {
        "n_trees": 40,
        "max_depth": 4,
        "real_max_depth": 4,
        "seed": 1,
        "accuracy test": 0.7764285714285715,
        "accuracy train": 0.88,
        "solve_status": "OPTIMAL",
        "mean-error": 0.0163157894736842,
        "random_error": 0.2537315789473685,
        "solve_duration_time": 71.53686499595642
    }
}