{
    "values": {
        "n_trees": 70,
        "max_depth": 3,
        "real_max_depth": 3,
        "seed": 3,
        "accuracy test": 0.7864285714285715,
        "accuracy train": 0.85,
        "solve_status": "OPTIMAL",
        "mean-error": 0.018947368421052626,
        "random_error": 0.2520631578947368,
        "solve_duration_time": 321.1260573863983
    }
}