{
    "values": {
        "n_trees": 80,
        "max_depth": 4,
        "real_max_depth": 4,
        "seed": 2,
        "accuracy test": 0.7935714285714286,
        "accuracy train": 0.87,
        "solve_status": "OPTIMAL",
        "mean-error": 0.0036842105263157894,
        "random_error": 0.2533105263157894,
        "solve_duration_time": 241.95884346961975
    }
}