{
    "values": {
        "n_trees": 30,
        "max_depth": null,
        "real_max_depth": 12,
        "seed": 4,
        "accuracy test": 0.7935714285714286,
        "accuracy train": 0.99,
        "solve_status": "OPTIMAL",
        "mean-error": 0.019473684210526306,
        "random_error": 0.24924736842105266,
        "solve_duration_time": 86.40736746788025
    }
}