{
    "values": {
        "n_trees": 20,
        "max_depth": 5,
        "real_max_depth": 5,
        "seed": 3,
        "accuracy test": 0.7907142857142857,
        "accuracy train": 0.89,
        "solve_status": "OPTIMAL",
        "mean-error": 0.0726315789473684,
        "random_error": 0.2520631578947368,
        "solve_duration_time": 34.90778064727783
    }
}