{
    "values": {
        "n_trees": 30,
        "max_depth": 5,
        "real_max_depth": 5,
        "seed": 1,
        "accuracy test": 0.7564285714285715,
        "accuracy train": 0.91,
        "solve_status": "OPTIMAL",
        "mean-error": 0.014210526315789465,
        "random_error": 0.2537315789473685,
        "solve_duration_time": 56.77443504333496
    }
}