{
    "values": {
        "n_trees": 70,
        "max_depth": 2,
        "real_max_depth": 2,
        "seed": 0,
        "accuracy test": 0.765,
        "accuracy train": 0.81,
        "solve_status": "OPTIMAL",
        "mean-error": 0.020526315789473677,
        "random_error": 0.2545052631578947,
        "solve_duration_time": 181.2142152786255
    }
}