{
    "values": {
        "n_trees": 100,
        "max_depth": 10,
        "real_max_depth": 10,
        "seed": 4,
        "accuracy test": 0.7914285714285715,
        "accuracy train": 0.99,
        "solve_status": "OPTIMAL",
        "mean-error": 0.0005263157894736842,
        "random_error": 0.24924736842105266,
        "solve_duration_time": 283.6045742034912
    }
}