{
    "values": {
        "n_trees": 90,
        "max_depth": 3,
        "real_max_depth": 3,
        "seed": 0,
        "accuracy test": 0.7721428571428571,
        "accuracy train": 0.86,
        "solve_status": "OPTIMAL",
        "mean-error": 0.002631578947368421,
        "random_error": 0.2545052631578947,
        "solve_duration_time": 337.77397871017456
    }
}