{
    "values": {
        "n_trees": 10,
        "max_depth": 4,
        "real_max_depth": 4,
        "seed": 3,
        "accuracy test": 0.7921428571428571,
        "accuracy train": 0.86,
        "solve_status": "OPTIMAL",
        "mean-error": 0.23894736842105258,
        "random_error": 0.2520631578947368,
        "solve_duration_time": 14.167176485061646
    }
}