{
    "values": {
        "n_trees": 10,
        "max_depth": 3,
        "real_max_depth": 3,
        "seed": 3,
        "accuracy test": 0.7821428571428571,
        "accuracy train": 0.84,
        "solve_status": "OPTIMAL",
        "mean-error": 0.2910526315789472,
        "random_error": 0.2520631578947368,
        "solve_duration_time": 12.714502811431885
    }
}