{
    "values": {
        "n_trees": 10,
        "max_depth": 3,
        "real_max_depth": 3,
        "seed": 0,
        "accuracy test": 0.7664285714285715,
        "accuracy train": 0.88,
        "solve_status": "OPTIMAL",
        "mean-error": 0.23315789473684212,
        "random_error": 0.2545052631578947,
        "solve_duration_time": 12.800773859024048
    }
}