{
    "values": {
        "n_trees": 10,
        "max_depth": 10,
        "real_max_depth": 10,
        "seed": 0,
        "accuracy test": 0.7642857142857142,
        "accuracy train": 0.95,
        "solve_status": "OPTIMAL",
        "mean-error": 0.15842105263157882,
        "random_error": 0.2545052631578947,
        "solve_duration_time": 18.992526292800903
    }
}