{
    "values": {
        "n_trees": 50,
        "max_depth": 2,
        "real_max_depth": 2,
        "seed": 1,
        "accuracy test": 0.8014285714285714,
        "accuracy train": 0.81,
        "solve_status": "OPTIMAL",
        "mean-error": 0.05052631578947369,
        "random_error": 0.2537315789473685,
        "solve_duration_time": 61.54096269607544
    }
}