{
    "values": {
        "n_trees": 20,
        "max_depth": null,
        "real_max_depth": 12,
        "seed": 4,
        "accuracy test": 0.7928571428571428,
        "accuracy train": 0.99,
        "solve_status": "OPTIMAL",
        "mean-error": 0.03842105263157895,
        "random_error": 0.24924736842105266,
        "solve_duration_time": 50.22016167640686
    }
}