{
    "values": {
        "n_trees": 5,
        "max_depth": 3,
        "real_max_depth": 3,
        "seed": 4,
        "accuracy test": 0.7907142857142857,
        "accuracy train": 0.88,
        "solve_status": "OPTIMAL",
        "mean-error": 0.4031578947368422,
        "random_error": 0.24924736842105266,
        "solve_duration_time": 5.560327053070068
    }
}