{
    "values": {
        "n_trees": 60,
        "max_depth": 2,
        "real_max_depth": 2,
        "seed": 0,
        "accuracy test": 0.765,
        "accuracy train": 0.81,
        "solve_status": "OPTIMAL",
        "mean-error": 0.025263157894736845,
        "random_error": 0.2545052631578947,
        "solve_duration_time": 142.17256140708923
    }
}