{
    "values": {
        "n_trees": 70,
        "max_depth": 3,
        "real_max_depth": 3,
        "seed": 0,
        "accuracy test": 0.77,
        "accuracy train": 0.85,
        "solve_status": "OPTIMAL",
        "mean-error": 0.005789473684210527,
        "random_error": 0.2545052631578947,
        "solve_duration_time": 174.69776129722595
    }
}