{
    "values": {
        "n_trees": 30,
        "max_depth": 5,
        "real_max_depth": 5,
        "seed": 0,
        "accuracy test": 0.7735714285714286,
        "accuracy train": 0.93,
        "solve_status": "OPTIMAL",
        "mean-error": 0.039473684210526355,
        "random_error": 0.2545052631578947,
        "solve_duration_time": 61.55953097343445
    }
}