{
    "values": {
        "n_trees": 20,
        "max_depth": 2,
        "real_max_depth": 2,
        "seed": 2,
        "accuracy test": 0.7707142857142857,
        "accuracy train": 0.76,
        "solve_status": "OPTIMAL",
        "mean-error": 0.1889473684210526,
        "random_error": 0.2533105263157894,
        "solve_duration_time": 29.156793355941772
    }
}