{
    "values": {
        "n_trees": 10,
        "max_depth": 3,
        "real_max_depth": 3,
        "seed": 2,
        "accuracy test": 0.7721428571428571,
        "accuracy train": 0.78,
        "solve_status": "OPTIMAL",
        "mean-error": 0.2026315789473684,
        "random_error": 0.2533105263157894,
        "solve_duration_time": 13.29443645477295
    }
}