{
    "values": {
        "n_trees": 30,
        "max_depth": 4,
        "real_max_depth": 4,
        "seed": 4,
        "accuracy test": 0.7857142857142857,
        "accuracy train": 0.89,
        "solve_status": "OPTIMAL",
        "mean-error": 0.042631578947368444,
        "random_error": 0.24924736842105266,
        "solve_duration_time": 64.19468069076538
    }
}