{
    "values": {
        "n_trees": 30,
        "max_depth": 10,
        "real_max_depth": 10,
        "seed": 4,
        "accuracy test": 0.795,
        "accuracy train": 0.99,
        "solve_status": "OPTIMAL",
        "mean-error": 0.017368421052631575,
        "random_error": 0.24924736842105266,
        "solve_duration_time": 86.45611333847046
    }
}