{
    "values": {
        "n_trees": 60,
        "max_depth": 5,
        "real_max_depth": 5,
        "seed": 4,
        "accuracy test": 0.7971428571428572,
        "accuracy train": 0.95,
        "solve_status": "OPTIMAL",
        "mean-error": 0.0,
        "random_error": 0.24924736842105266,
        "solve_duration_time": 129.84008860588074
    }
}