{
    "values": {
        "n_trees": 30,
        "max_depth": 10,
        "real_max_depth": 10,
        "seed": 2,
        "accuracy test": 0.7814285714285715,
        "accuracy train": 0.97,
        "solve_status": "OPTIMAL",
        "mean-error": 0.012631578947368416,
        "random_error": 0.2533105263157894,
        "solve_duration_time": 92.11294054985046
    }
}