{
    "values": {
        "n_trees": 10,
        "max_depth": 10,
        "real_max_depth": 10,
        "seed": 3,
        "accuracy test": 0.7728571428571429,
        "accuracy train": 0.94,
        "solve_status": "OPTIMAL",
        "mean-error": 0.15105263157894724,
        "random_error": 0.2520631578947368,
        "solve_duration_time": 24.724191427230835
    }
}