{
    "values": {
        "n_trees": 30,
        "max_depth": 4,
        "real_max_depth": 4,
        "seed": 3,
        "accuracy test": 0.5507142857142857,
        "accuracy train": 0.73,
        "solve_status": "OPTIMAL",
        "mean-error": 0.004285714285714285,
        "random_error": 0.20811428571428564,
        "solve_duration_time": 48.51990628242493
    }
}