{
    "values": {
        "n_trees": 20,
        "max_depth": null,
        "real_max_depth": 10,
        "seed": 4,
        "accuracy test": 0.5221428571428571,
        "accuracy train": 0.78,
        "solve_status": "OPTIMAL",
        "mean-error": 0.007857142857142854,
        "random_error": 0.20382857142857141,
        "solve_duration_time": 59.67344856262207
    }
}