{
    "values": {
        "n_trees": 20,
        "max_depth": 3,
        "real_max_depth": 3,
        "seed": 4,
        "accuracy test": 0.5578571428571428,
        "accuracy train": 0.66,
        "solve_status": "OPTIMAL",
        "mean-error": 0.07785714285714283,
        "random_error": 0.20382857142857141,
        "solve_duration_time": 23.652363061904907
    }
}