{
    "values": {
        "n_trees": 5,
        "max_depth": 5,
        "real_max_depth": 5,
        "seed": 4,
        "accuracy test": 0.5307142857142857,
        "accuracy train": 0.7,
        "solve_status": "OPTIMAL",
        "mean-error": 0.29642857142857126,
        "random_error": 0.20382857142857141,
        "solve_duration_time": 7.129464387893677
    }
}