{
    "values": {
        "n_trees": 5,
        "max_depth": null,
        "real_max_depth": 10,
        "seed": 4,
        "accuracy test": 0.52,
        "accuracy train": 0.78,
        "solve_status": "OPTIMAL",
        "mean-error": 0.20928571428571419,
        "random_error": 0.20382857142857141,
        "solve_duration_time": 13.83204174041748
    }
}