{
    "values": {
        "n_trees": 20,
        "max_depth": 4,
        "real_max_depth": 4,
        "seed": 1,
        "accuracy test": 0.565,
        "accuracy train": 0.71,
        "solve_status": "OPTIMAL",
        "mean-error": 0.02857142857142857,
        "random_error": 0.19913571428571422,
        "solve_duration_time": 27.741212129592896
    }
}