{
    "values": {
        "n_trees": 20,
        "max_depth": 5,
        "real_max_depth": 5,
        "seed": 2,
        "accuracy test": 0.6521428571428571,
        "accuracy train": 0.8,
        "solve_status": "OPTIMAL",
        "mean-error": 0.006428571428571427,
        "random_error": 0.1973785714285715,
        "solve_duration_time": 34.246089458465576
    }
}