{
    "values": {
        "n_trees": 20,
        "max_depth": 2,
        "real_max_depth": 2,
        "seed": 1,
        "accuracy test": 0.5621428571428572,
        "accuracy train": 0.68,
        "solve_status": "OPTIMAL",
        "mean-error": 0.10428571428571422,
        "random_error": 0.19913571428571422,
        "solve_duration_time": 33.48318815231323
    }
}