{
    "values": {
        "n_trees": 1,
        "max_depth": 4,
        "real_max_depth": 4,
        "seed": 4,
        "accuracy test": 0.5457142857142857,
        "accuracy train": 0.59,
        "solve_status": "OPTIMAL",
        "mean-error": 0.5535714285714284,
        "random_error": 0.20382857142857141,
        "solve_duration_time": 1.874739170074463
    }
}