{
    "values": {
        "n_trees": 60,
        "max_depth": 2,
        "real_max_depth": 2,
        "seed": 4,
        "accuracy test": 0.5871428571428572,
        "accuracy train": 0.64,
        "solve_status": "OPTIMAL",
        "mean-error": 0.0007142857142857143,
        "random_error": 0.20382857142857141,
        "solve_duration_time": 91.01249647140503
    }
}