{
    "values": {
        "n_trees": 70,
        "max_depth": 3,
        "real_max_depth": 3,
        "seed": 1,
        "accuracy test": 0.6092857142857143,
        "accuracy train": 0.71,
        "solve_status": "OPTIMAL",
        "mean-error": 0.0014285714285714286,
        "random_error": 0.19913571428571422,
        "solve_duration_time": 171.17932224273682
    }
}