{
    "values": {
        "n_trees": 5,
        "max_depth": 5,
        "real_max_depth": 5,
        "seed": 2,
        "accuracy test": 0.6,
        "accuracy train": 0.74,
        "solve_status": "OPTIMAL",
        "mean-error": 0.24928571428571433,
        "random_error": 0.1973785714285715,
        "solve_duration_time": 6.728430986404419
    }
}