{
    "values": {
        "n_trees": 80,
        "max_depth": 2,
        "real_max_depth": 2,
        "seed": 1,
        "accuracy test": 0.6,
        "accuracy train": 0.7,
        "solve_status": "OPTIMAL",
        "mean-error": 0.027142857142857153,
        "random_error": 0.19913571428571422,
        "solve_duration_time": 527.065434217453
    }
}