{
    "values": {
        "n_trees": 80,
        "max_depth": 4,
        "real_max_depth": 4,
        "seed": 2,
        "accuracy test": 0.6528571428571428,
        "accuracy train": 0.78,
        "solve_status": "OPTIMAL",
        "mean-error": 0.0,
        "random_error": 0.1973785714285715,
        "solve_duration_time": 171.83790373802185
    }
}