{
    "values": {
        "n_trees": 80,
        "max_depth": 3,
        "real_max_depth": 3,
        "seed": 0,
        "accuracy test": 0.6542857142857142,
        "accuracy train": 0.69,
        "solve_status": "OPTIMAL",
        "mean-error": 0.003571428571428571,
        "random_error": 0.2105928571428571,
        "solve_duration_time": 397.1965923309326
    }
}