{
    "values": {
        "n_trees": 50,
        "max_depth": 4,
        "real_max_depth": 4,
        "seed": 2,
        "accuracy test": 0.6528571428571428,
        "accuracy train": 0.77,
        "solve_status": "OPTIMAL",
        "mean-error": 0.0014285714285714286,
        "random_error": 0.1973785714285715,
        "solve_duration_time": 104.8961091041565
    }
}