{
    "values": {
        "n_trees": 20,
        "max_depth": 3,
        "real_max_depth": 3,
        "seed": 2,
        "accuracy test": 0.66,
        "accuracy train": 0.73,
        "solve_status": "OPTIMAL",
        "mean-error": 0.04785714285714288,
        "random_error": 0.1973785714285715,
        "solve_duration_time": 29.723825693130493
    }
}