{
    "values": {
        "n_trees": 40,
        "max_depth": 2,
        "real_max_depth": 2,
        "seed": 4,
        "accuracy test": 0.5871428571428572,
        "accuracy train": 0.64,
        "solve_status": "OPTIMAL",
        "mean-error": 0.009285714285714283,
        "random_error": 0.20382857142857141,
        "solve_duration_time": 60.74482560157776
    }
}