{
    "values": {
        "n_trees": 40,
        "max_depth": 2,
        "real_max_depth": 2,
        "seed": 1,
        "accuracy test": 0.5614285714285714,
        "accuracy train": 0.68,
        "solve_status": "OPTIMAL",
        "mean-error": 0.03928571428571432,
        "random_error": 0.19913571428571422,
        "solve_duration_time": 54.487985372543335
    }
}