{
    "values": {
        "n_trees": 30,
        "max_depth": 2,
        "real_max_depth": 2,
        "seed": 4,
        "accuracy test": 0.5785714285714286,
        "accuracy train": 0.63,
        "solve_status": "OPTIMAL",
        "mean-error": 0.05214285714285715,
        "random_error": 0.20382857142857141,
        "solve_duration_time": 34.41355848312378
    }
}