{
    "values": {
        "n_trees": 10,
        "max_depth": 5,
        "real_max_depth": 5,
        "seed": 4,
        "accuracy test": 0.5421428571428571,
        "accuracy train": 0.7,
        "solve_status": "OPTIMAL",
        "mean-error": 0.13499999999999984,
        "random_error": 0.20382857142857141,
        "solve_duration_time": 12.257537364959717
    }
}