{
    "values": {
        "n_trees": 70,
        "max_depth": 5,
        "real_max_depth": 5,
        "seed": 4,
        "accuracy test": 0.5964285714285714,
        "accuracy train": 0.73,
        "solve_status": "OPTIMAL",
        "mean-error": 0.0,
        "random_error": 0.20382857142857141,
        "solve_duration_time": 146.39536309242249
    }
}