{
    "values": {
        "n_trees": 5,
        "max_depth": 3,
        "real_max_depth": 3,
        "seed": 2,
        "accuracy test": 0.6571428571428571,
        "accuracy train": 0.74,
        "solve_status": "OPTIMAL",
        "mean-error": 0.28714285714285703,
        "random_error": 0.1973785714285715,
        "solve_duration_time": 4.815871953964233
    }
}