{
    "values": {
        "n_trees": 30,
        "max_depth": 3,
        "real_max_depth": 3,
        "seed": 2,
        "accuracy test": 0.6685714285714286,
        "accuracy train": 0.7,
        "solve_status": "OPTIMAL",
        "mean-error": 0.0435714285714286,
        "random_error": 0.1973785714285715,
        "solve_duration_time": 45.30308151245117
    }
}