{
    "values": {
        "n_trees": 5,
        "max_depth": 2,
        "real_max_depth": 2,
        "seed": 3,
        "accuracy test": 0.5478571428571428,
        "accuracy train": 0.64,
        "solve_status": "OPTIMAL",
        "mean-error": 0.3657142857142856,
        "random_error": 0.20811428571428564,
        "solve_duration_time": 3.86110520362854
    }
}