{
    "values": {
        "n_trees": 50,
        "max_depth": 2,
        "real_max_depth": 2,
        "seed": 2,
        "accuracy test": 0.6685714285714286,
        "accuracy train": 0.7,
        "solve_status": "OPTIMAL",
        "mean-error": 0.010714285714285711,
        "random_error": 0.1973785714285715,
        "solve_duration_time": 53.96726703643799
    }
}