{
    "values": {
        "n_trees": 90,
        "max_depth": 3,
        "real_max_depth": 3,
        "seed": 4,
        "accuracy test": 0.5885714285714285,
        "accuracy train": 0.64,
        "solve_status": "OPTIMAL",
        "mean-error": 0.0,
        "random_error": 0.20382857142857141,
        "solve_duration_time": 330.01006269454956
    }
}