{
    "values": {
        "n_trees": 10,
        "max_depth": 3,
        "real_max_depth": 3,
        "seed": 1,
        "accuracy test": 0.57,
        "accuracy train": 0.67,
        "solve_status": "OPTIMAL",
        "mean-error": 0.14785714285714274,
        "random_error": 0.19913571428571422,
        "solve_duration_time": 10.605767726898193
    }
}