{
    "values": {
        "n_trees": 60,
        "max_depth": 4,
        "real_max_depth": 4,
        "seed": 3,
        "accuracy test": 0.6014285714285714,
        "accuracy train": 0.74,
        "solve_status": "OPTIMAL",
        "mean-error": 0.0,
        "random_error": 0.20811428571428564,
        "solve_duration_time": 118.9147093296051
    }
}