{
    "values": {
        "n_trees": 30,
        "max_depth": 10,
        "real_max_depth": 10,
        "seed": 2,
        "accuracy test": 0.5835714285714285,
        "accuracy train": 0.83,
        "solve_status": "OPTIMAL",
        "mean-error": 0.002857142857142857,
        "random_error": 0.1973785714285715,
        "solve_duration_time": 60.718913078308105
    }
}