{
    "values": {
        "n_trees": 50,
        "max_depth": 3,
        "real_max_depth": 3,
        "seed": 3,
        "accuracy test": 0.6057142857142858,
        "accuracy train": 0.67,
        "solve_status": "OPTIMAL",
        "mean-error": 0.0014285714285714286,
        "random_error": 0.20811428571428564,
        "solve_duration_time": 67.17624926567078
    }
}