{
    "values": {
        "n_trees": 10,
        "max_depth": 2,
        "real_max_depth": 2,
        "seed": 2,
        "accuracy test": 0.6664285714285715,
        "accuracy train": 0.67,
        "solve_status": "OPTIMAL",
        "mean-error": 0.282857142857143,
        "random_error": 0.1973785714285715,
        "solve_duration_time": 11.444190263748169
    }
}