{
    "values": {
        "n_trees": 5,
        "max_depth": 4,
        "real_max_depth": 4,
        "seed": 4,
        "accuracy test": 0.5478571428571428,
        "accuracy train": 0.68,
        "solve_status": "OPTIMAL",
        "mean-error": 0.30642857142857133,
        "random_error": 0.20382857142857141,
        "solve_duration_time": 5.539187908172607
    }
}