{
    "values": {
        "n_trees": 30,
        "max_depth": 5,
        "real_max_depth": 5,
        "seed": 2,
        "accuracy test": 0.655,
        "accuracy train": 0.8,
        "solve_status": "OPTIMAL",
        "mean-error": 0.004999999999999999,
        "random_error": 0.1973785714285715,
        "solve_duration_time": 66.37438726425171
    }
}