{
    "values": {
        "n_trees": 20,
        "max_depth": 2,
        "real_max_depth": 2,
        "seed": 3,
        "accuracy test": 0.5592857142857143,
        "accuracy train": 0.67,
        "solve_status": "OPTIMAL",
        "mean-error": 0.10071428571428566,
        "random_error": 0.20811428571428564,
        "solve_duration_time": 25.70656418800354
    }
}