{
    "values": {
        "n_trees": 1,
        "max_depth": 10,
        "real_max_depth": 9,
        "seed": 2,
        "accuracy test": 0.6264285714285714,
        "accuracy train": 0.73,
        "solve_status": "OPTIMAL",
        "mean-error": 0.5135714285714286,
        "random_error": 0.1973785714285715,
        "solve_duration_time": 2.655015230178833
    }
}