{
    "values": {
        "n_trees": 10,
        "max_depth": 3,
        "real_max_depth": 3,
        "seed": 3,
        "accuracy test": 0.5435714285714286,
        "accuracy train": 0.69,
        "solve_status": "OPTIMAL",
        "mean-error": 0.2007142857142857,
        "random_error": 0.20811428571428564,
        "solve_duration_time": 10.35320258140564
    }
}