{
    "values": {
        "n_trees": 70,
        "max_depth": 2,
        "real_max_depth": 2,
        "seed": 3,
        "accuracy test": 0.5707142857142857,
        "accuracy train": 0.66,
        "solve_status": "OPTIMAL",
        "mean-error": 0.0014285714285714286,
        "random_error": 0.20811428571428564,
        "solve_duration_time": 166.9325315952301
    }
}