{
    "values": {
        "n_trees": 20,
        "max_depth": null,
        "real_max_depth": 10,
        "seed": 0,
        "accuracy test": 0.5707142857142857,
        "accuracy train": 0.86,
        "solve_status": "OPTIMAL",
        "mean-error": 0.014999999999999996,
        "random_error": 0.2105928571428571,
        "solve_duration_time": 51.63989782333374
    }
}