{
    "values": {
        "n_trees": 40,
        "max_depth": 5,
        "real_max_depth": 5,
        "seed": 4,
        "accuracy test": 0.59,
        "accuracy train": 0.73,
        "solve_status": "OPTIMAL",
        "mean-error": 0.003571428571428571,
        "random_error": 0.20382857142857141,
        "solve_duration_time": 83.24483323097229
    }
}