{
    "values": {
        "n_trees": 5,
        "max_depth": 4,
        "real_max_depth": 4,
        "seed": 2,
        "accuracy test": 0.6521428571428571,
        "accuracy train": 0.76,
        "solve_status": "OPTIMAL",
        "mean-error": 0.3078571428571429,
        "random_error": 0.1973785714285715,
        "solve_duration_time": 5.944531202316284
    }
}