{
    "values": {
        "n_trees": 20,
        "max_depth": 5,
        "real_max_depth": 5,
        "seed": 1,
        "accuracy test": 0.615,
        "accuracy train": 0.76,
        "solve_status": "OPTIMAL",
        "mean-error": 0.017142857142857137,
        "random_error": 0.19913571428571422,
        "solve_duration_time": 31.852466821670532
    }
}