{
    "values": {
        "n_trees": 20,
        "max_depth": 4,
        "real_max_depth": 4,
        "seed": 0,
        "accuracy test": 0.6264285714285714,
        "accuracy train": 0.76,
        "solve_status": "OPTIMAL",
        "mean-error": 0.02857142857142858,
        "random_error": 0.2105928571428571,
        "solve_duration_time": 33.84636878967285
    }
}