{
    "values": {
        "n_trees": 10,
        "max_depth": 4,
        "real_max_depth": 4,
        "seed": 3,
        "accuracy test": 0.5535714285714286,
        "accuracy train": 0.69,
        "solve_status": "OPTIMAL",
        "mean-error": 0.10142857142857137,
        "random_error": 0.20811428571428564,
        "solve_duration_time": 12.807566165924072
    }
}