{
    "values": {
        "n_trees": 40,
        "max_depth": 3,
        "real_max_depth": 3,
        "seed": 4,
        "accuracy test": 0.5857142857142857,
        "accuracy train": 0.64,
        "solve_status": "OPTIMAL",
        "mean-error": 0.006428571428571427,
        "random_error": 0.20382857142857141,
        "solve_duration_time": 70.33044242858887
    }
}