{
    "values": {
        "n_trees": 60,
        "max_depth": 3,
        "real_max_depth": 3,
        "seed": 0,
        "accuracy test": 0.6521428571428571,
        "accuracy train": 0.7,
        "solve_status": "OPTIMAL",
        "mean-error": 0.0014285714285714286,
        "random_error": 0.2105928571428571,
        "solve_duration_time": 115.59819483757019
    }
}