{
    "values": {
        "n_trees": 1,
        "max_depth": 5,
        "real_max_depth": 5,
        "seed": 1,
        "accuracy test": 0.6257142857142857,
        "accuracy train": 0.67,
        "solve_status": "OPTIMAL",
        "mean-error": 0.5042857142857143,
        "random_error": 0.19913571428571422,
        "solve_duration_time": 1.8101105690002441
    }
}