{
    "values": {
        "n_trees": 1,
        "max_depth": 10,
        "real_max_depth": 9,
        "seed": 3,
        "accuracy test": 0.53,
        "accuracy train": 0.71,
        "solve_status": "OPTIMAL",
        "mean-error": 0.5064285714285713,
        "random_error": 0.20811428571428564,
        "solve_duration_time": 3.4590322971343994
    }
}