{
    "values": {
        "n_trees": 10,
        "max_depth": 10,
        "real_max_depth": 10,
        "seed": 2,
        "accuracy test": 0.57,
        "accuracy train": 0.83,
        "solve_status": "OPTIMAL",
        "mean-error": 0.08071428571428568,
        "random_error": 0.1973785714285715,
        "solve_duration_time": 19.644177675247192
    }
}