{
    "values": {
        "n_trees": 80,
        "max_depth": 10,
        "real_max_depth": 10,
        "seed": 2,
        "accuracy test": 0.7742857142857142,
        "accuracy train": 0.98,
        "solve_status": "OPTIMAL",
        "mean-error": 0.07952380952380939,
        "random_error": 0.2675190476190473,
        "solve_duration_time": 252.9069447517395
    }
}