{
    "values": {
        "n_trees": 100,
        "max_depth": 2,
        "real_max_depth": 2,
        "seed": 1,
        "accuracy test": 0.7785714285714286,
        "accuracy train": 0.73,
        "solve_status": "OPTIMAL",
        "mean-error": 0.06476190476190463,
        "random_error": 0.27283333333333293,
        "solve_duration_time": 246.82018208503723
    }
}