{
    "values": {
        "n_trees": 30,
        "max_depth": null,
        "real_max_depth": 14,
        "seed": 3,
        "accuracy test": 0.7578571428571429,
        "accuracy train": 0.99,
        "solve_status": "OPTIMAL",
        "mean-error": 0.009523809523809523,
        "random_error": 0.2677476190476187,
        "solve_duration_time": 98.15131139755249
    }
}