{
    "values": {
        "n_trees": 100,
        "max_depth": 2,
        "real_max_depth": 2,
        "seed": 0,
        "accuracy test": 0.8035714285714286,
        "accuracy train": 0.81,
        "solve_status": "OPTIMAL",
        "mean-error": 0.0523809523809523,
        "random_error": 0.2643523809523805,
        "solve_duration_time": 467.6267681121826
    }
}