{
    "values": {
        "n_trees": 5,
        "max_depth": 5,
        "real_max_depth": 5,
        "seed": 3,
        "accuracy test": 0.7664285714285715,
        "accuracy train": 0.81,
        "solve_status": "OPTIMAL",
        "mean-error": 0.32904761904761853,
        "random_error": 0.2677476190476187,
        "solve_duration_time": 9.601341009140015
    }
}