{
    "values": {
        "n_trees": 1,
        "max_depth": 4,
        "real_max_depth": 4,
        "seed": 0,
        "accuracy test": 0.6178571428571429,
        "accuracy train": 0.77,
        "solve_status": "OPTIMAL",
        "mean-error": 0.4080952380952379,
        "random_error": 0.2643523809523805,
        "solve_duration_time": 1.8585970401763916
    }
}