{
    "values": {
        "n_trees": 30,
        "max_depth": 3,
        "real_max_depth": 3,
        "seed": 4,
        "accuracy test": 0.7757142857142857,
        "accuracy train": 0.86,
        "solve_status": "OPTIMAL",
        "mean-error": 0.1823809523809521,
        "random_error": 0.2685095238095234,
        "solve_duration_time": 43.6480553150177
    }
}