{
    "values": {
        "n_trees": 90,
        "max_depth": 4,
        "real_max_depth": 4,
        "seed": 2,
        "accuracy test": 0.785,
        "accuracy train": 0.88,
        "solve_status": "OPTIMAL",
        "mean-error": 0.0795238095238094,
        "random_error": 0.2675190476190473,
        "solve_duration_time": 146.17708325386047
    }
}