{
    "values": {
        "n_trees": 5,
        "max_depth": 3,
        "real_max_depth": 3,
        "seed": 4,
        "accuracy test": 0.78,
        "accuracy train": 0.88,
        "solve_status": "OPTIMAL",
        "mean-error": 0.3685714285714281,
        "random_error": 0.2685095238095234,
        "solve_duration_time": 5.087963342666626
    }
}