{
    "values": {
        "n_trees": 10,
        "max_depth": 3,
        "real_max_depth": 3,
        "seed": 0,
        "accuracy test": 0.8007142857142857,
        "accuracy train": 0.83,
        "solve_status": "OPTIMAL",
        "mean-error": 0.3085714285714281,
        "random_error": 0.2643523809523805,
        "solve_duration_time": 10.926054239273071
    }
}