{
    "values": {
        "n_trees": 20,
        "max_depth": null,
        "real_max_depth": 13,
        "seed": 0,
        "accuracy test": 0.7735714285714286,
        "accuracy train": 0.98,
        "solve_status": "OPTIMAL",
        "mean-error": 0.09809523809523801,
        "random_error": 0.2643523809523805,
        "solve_duration_time": 62.056639194488525
    }
}