{
    "values": {
        "n_trees": 1,
        "max_depth": 10,
        "real_max_depth": 10,
        "seed": 0,
        "accuracy test": 0.6421428571428571,
        "accuracy train": 0.92,
        "solve_status": "OPTIMAL",
        "mean-error": 0.3938095238095236,
        "random_error": 0.2643523809523805,
        "solve_duration_time": 2.899291753768921
    }
}