{
    "values": {
        "n_trees": 40,
        "max_depth": 2,
        "real_max_depth": 2,
        "seed": 0,
        "accuracy test": 0.805,
        "accuracy train": 0.82,
        "solve_status": "OPTIMAL",
        "mean-error": 0.1766666666666664,
        "random_error": 0.2643523809523805,
        "solve_duration_time": 64.62621021270752
    }
}