{
    "values": {
        "n_trees": 50,
        "max_depth": 5,
        "real_max_depth": 5,
        "seed": 4,
        "accuracy test": 0.7835714285714286,
        "accuracy train": 0.87,
        "solve_status": "OPTIMAL",
        "mean-error": 0.0719047619047618,
        "random_error": 0.2685095238095234,
        "solve_duration_time": 112.76214838027954
    }
}