{
    "values": {
        "n_trees": 60,
        "max_depth": 3,
        "real_max_depth": 3,
        "seed": 1,
        "accuracy test": 0.7707142857142857,
        "accuracy train": 0.74,
        "solve_status": "OPTIMAL",
        "mean-error": 0.054761904761904685,
        "random_error": 0.27283333333333293,
        "solve_duration_time": 93.19789385795593
    }
}