{
    "values": {
        "n_trees": 10,
        "max_depth": 3,
        "real_max_depth": 3,
        "seed": 1,
        "accuracy test": 0.7657142857142857,
        "accuracy train": 0.75,
        "solve_status": "OPTIMAL",
        "mean-error": 0.28190476190476155,
        "random_error": 0.27283333333333293,
        "solve_duration_time": 15.368613243103027
    }
}