{
    "values": {
        "n_trees": 50,
        "max_depth": 2,
        "real_max_depth": 2,
        "seed": 1,
        "accuracy test": 0.7821428571428571,
        "accuracy train": 0.73,
        "solve_status": "OPTIMAL",
        "mean-error": 0.09476190476190462,
        "random_error": 0.27283333333333293,
        "solve_duration_time": 63.3528413772583
    }
}