{
    "values": {
        "n_trees": 1,
        "max_depth": 10,
        "real_max_depth": 9,
        "seed": 3,
        "accuracy test": 0.6935714285714286,
        "accuracy train": 0.86,
        "solve_status": "OPTIMAL",
        "mean-error": 0.3995238095238091,
        "random_error": 0.2677476190476187,
        "solve_duration_time": 3.570122241973877
    }
}