{
    "values": {
        "n_trees": 100,
        "max_depth": 3,
        "real_max_depth": 3,
        "seed": 4,
        "accuracy test": 0.7814285714285715,
        "accuracy train": 0.86,
        "solve_status": "OPTIMAL",
        "mean-error": 0.055714285714285626,
        "random_error": 0.2685095238095234,
        "solve_duration_time": 354.4284875392914
    }
}