{
    "values": {
        "n_trees": 1,
        "max_depth": 3,
        "real_max_depth": 3,
        "seed": 1,
        "accuracy test": 0.7721428571428571,
        "accuracy train": 0.73,
        "solve_status": "OPTIMAL",
        "mean-error": 0.3895238095238092,
        "random_error": 0.27283333333333293,
        "solve_duration_time": 1.1217389106750488
    }
}