{
    "values": {
        "n_trees": 40,
        "max_depth": null,
        "real_max_depth": 12,
        "seed": 1,
        "accuracy test": 0.6657142857142857,
        "accuracy train": 0.92,
        "solve_status": "OPTIMAL",
        "mean-error": 0.05761904761904755,
        "random_error": 0.27283333333333293,
        "solve_duration_time": 138.94921326637268
    }
}