{
    "values": {
        "n_trees": 10,
        "max_depth": 4,
        "real_max_depth": 4,
        "seed": 0,
        "accuracy test": 0.8014285714285714,
        "accuracy train": 0.88,
        "solve_status": "OPTIMAL",
        "mean-error": 0.27904761904761854,
        "random_error": 0.2643523809523805,
        "solve_duration_time": 16.609092950820923
    }
}