{
    "values": {
        "n_trees": 30,
        "max_depth": 5,
        "real_max_depth": 5,
        "seed": 2,
        "accuracy test": 0.7835714285714286,
        "accuracy train": 0.88,
        "solve_status": "OPTIMAL",
        "mean-error": 0.11190476190476174,
        "random_error": 0.2675190476190473,
        "solve_duration_time": 60.459503173828125
    }
}