{
    "values": {
        "n_trees": 40,
        "max_depth": null,
        "real_max_depth": 13,
        "seed": 2,
        "accuracy test": 0.7664285714285715,
        "accuracy train": 0.97,
        "solve_status": "OPTIMAL",
        "mean-error": 0.08809523809523796,
        "random_error": 0.2675190476190473,
        "solve_duration_time": 130.13395929336548
    }
}