{
    "values": {
        "n_trees": 40,
        "max_depth": null,
        "real_max_depth": 12,
        "seed": 4,
        "accuracy test": 0.7492857142857143,
        "accuracy train": 0.98,
        "solve_status": "OPTIMAL",
        "mean-error": 0.08619047619047607,
        "random_error": 0.2685095238095234,
        "solve_duration_time": 120.31588506698608
    }
}