{
    "values": {
        "n_trees": 40,
        "max_depth": 5,
        "real_max_depth": 5,
        "seed": 2,
        "accuracy test": 0.7857142857142857,
        "accuracy train": 0.89,
        "solve_status": "OPTIMAL",
        "mean-error": 0.09809523809523793,
        "random_error": 0.2675190476190473,
        "solve_duration_time": 83.07711386680603
    }
}