{
    "values": {
        "n_trees": 60,
        "max_depth": null,
        "real_max_depth": 13,
        "seed": 0,
        "accuracy test": 0.7635714285714286,
        "accuracy train": 0.98,
        "solve_status": "OPTIMAL",
        "mean-error": 0.029999999999999985,
        "random_error": 0.2643523809523805,
        "solve_duration_time": 191.24953866004944
    }
}