{
    "values": {
        "n_trees": 20,
        "max_depth": 4,
        "real_max_depth": 4,
        "seed": 3,
        "accuracy test": 0.8028571428571428,
        "accuracy train": 0.84,
        "solve_status": "OPTIMAL",
        "mean-error": 0.07666666666666662,
        "random_error": 0.2677476190476187,
        "solve_duration_time": 31.169886827468872
    }
}