{
    "values": {
        "n_trees": 50,
        "max_depth": 2,
        "real_max_depth": 2,
        "seed": 3,
        "accuracy test": 0.8135714285714286,
        "accuracy train": 0.75,
        "solve_status": "OPTIMAL",
        "mean-error": 0.060476190476190406,
        "random_error": 0.2677476190476187,
        "solve_duration_time": 69.54675626754761
    }
}