{
    "values": {
        "n_trees": 50,
        "max_depth": 4,
        "real_max_depth": 4,
        "seed": 0,
        "accuracy test": 0.8071428571428572,
        "accuracy train": 0.88,
        "solve_status": "OPTIMAL",
        "mean-error": 0.06857142857142849,
        "random_error": 0.2643523809523805,
        "solve_duration_time": 82.32293725013733
    }
}