{
    "values": {
        "n_trees": 20,
        "max_depth": 3,
        "real_max_depth": 3,
        "seed": 3,
        "accuracy test": 0.8014285714285714,
        "accuracy train": 0.77,
        "solve_status": "OPTIMAL",
        "mean-error": 0.13857142857142837,
        "random_error": 0.2677476190476187,
        "solve_duration_time": 22.4681658744812
    }
}