{
    "values": {
        "n_trees": 5,
        "max_depth": 2,
        "real_max_depth": 2,
        "seed": 2,
        "accuracy test": 0.7821428571428571,
        "accuracy train": 0.85,
        "solve_status": "OPTIMAL",
        "mean-error": 0.3180952380952376,
        "random_error": 0.2675190476190473,
        "solve_duration_time": 7.268809795379639
    }
}