{
    "values": {
        "n_trees": 80,
        "max_depth": 10,
        "real_max_depth": 10,
        "seed": 0,
        "accuracy test": 0.7664285714285715,
        "accuracy train": 0.98,
        "solve_status": "OPTIMAL",
        "mean-error": 0.009523809523809523,
        "random_error": 0.2643523809523805,
        "solve_duration_time": 261.9097683429718
    }
}