{
    "values": {
        "n_trees": 5,
        "max_depth": 3,
        "real_max_depth": 3,
        "seed": 3,
        "accuracy test": 0.8185714285714286,
        "accuracy train": 0.77,
        "solve_status": "OPTIMAL",
        "mean-error": 0.39190476190476153,
        "random_error": 0.2677476190476187,
        "solve_duration_time": 4.451010465621948
    }
}