{
    "values": {
        "n_trees": 20,
        "max_depth": 10,
        "real_max_depth": 10,
        "seed": 3,
        "accuracy test": 0.7535714285714286,
        "accuracy train": 0.99,
        "solve_status": "OPTIMAL",
        "mean-error": 0.02523809523809524,
        "random_error": 0.2677476190476187,
        "solve_duration_time": 63.49639701843262
    }
}