{
    "values": {
        "n_trees": 40,
        "max_depth": null,
        "real_max_depth": 14,
        "seed": 3,
        "accuracy test": 0.7614285714285715,
        "accuracy train": 1.0,
        "solve_status": "OPTIMAL",
        "mean-error": 0.0047619047619047615,
        "random_error": 0.2677476190476187,
        "solve_duration_time": 139.25067591667175
    }
}