{
    "values": {
        "n_trees": 70,
        "max_depth": 2,
        "real_max_depth": 2,
        "seed": 4,
        "accuracy test": 0.7914285714285715,
        "accuracy train": 0.84,
        "solve_status": "OPTIMAL",
        "mean-error": 0.13904761904761886,
        "random_error": 0.2685095238095234,
        "solve_duration_time": 132.68350291252136
    }
}