{
    "values": {
        "n_trees": 90,
        "max_depth": 4,
        "real_max_depth": 4,
        "seed": 0,
        "accuracy test": 0.8078571428571428,
        "accuracy train": 0.87,
        "solve_status": "OPTIMAL",
        "mean-error": 0.007619047619047621,
        "random_error": 0.2643523809523805,
        "solve_duration_time": 198.97090315818787
    }
}