{
    "values": {
        "n_trees": 60,
        "max_depth": 10,
        "real_max_depth": 10,
        "seed": 2,
        "accuracy test": 0.7721428571428571,
        "accuracy train": 0.97,
        "solve_status": "OPTIMAL",
        "mean-error": 0.08380952380952367,
        "random_error": 0.2675190476190473,
        "solve_duration_time": 208.20607495307922
    }
}