{
    "values": {
        "n_trees": 80,
        "max_depth": 3,
        "real_max_depth": 3,
        "seed": 2,
        "accuracy test": 0.7864285714285715,
        "accuracy train": 0.86,
        "solve_status": "OPTIMAL",
        "mean-error": 0.09523809523809508,
        "random_error": 0.2675190476190473,
        "solve_duration_time": 359.26459074020386
    }
}