{
    "values": {
        "n_trees": 70,
        "max_depth": 4,
        "real_max_depth": 4,
        "seed": 0,
        "accuracy test": 0.8107142857142857,
        "accuracy train": 0.87,
        "solve_status": "OPTIMAL",
        "mean-error": 0.019047619047619053,
        "random_error": 0.2643523809523805,
        "solve_duration_time": 155.74677729606628
    }
}