{
    "values": {
        "n_trees": 50,
        "max_depth": 3,
        "real_max_depth": 3,
        "seed": 1,
        "accuracy test": 0.7671428571428571,
        "accuracy train": 0.74,
        "solve_status": "OPTIMAL",
        "mean-error": 0.05571428571428563,
        "random_error": 0.27283333333333293,
        "solve_duration_time": 66.16332125663757
    }
}