{
    "values": {
        "n_trees": 60,
        "max_depth": 10,
        "real_max_depth": 10,
        "seed": 0,
        "accuracy test": 0.7628571428571429,
        "accuracy train": 0.98,
        "solve_status": "OPTIMAL",
        "mean-error": 0.030476190476190466,
        "random_error": 0.2643523809523805,
        "solve_duration_time": 145.0967197418213
    }
}