{
    "values": {
        "n_trees": 30,
        "max_depth": 2,
        "real_max_depth": 2,
        "seed": 0,
        "accuracy test": 0.8028571428571428,
        "accuracy train": 0.81,
        "solve_status": "OPTIMAL",
        "mean-error": 0.22428571428571387,
        "random_error": 0.2643523809523805,
        "solve_duration_time": 41.56301474571228
    }
}