{
    "values": {
        "n_trees": 70,
        "max_depth": 5,
        "real_max_depth": 5,
        "seed": 0,
        "accuracy test": 0.795,
        "accuracy train": 0.9,
        "solve_status": "OPTIMAL",
        "mean-error": 0.029999999999999992,
        "random_error": 0.2643523809523805,
        "solve_duration_time": 174.7351016998291
    }
}