{
    "values": {
        "n_trees": 20,
        "max_depth": 5,
        "real_max_depth": 5,
        "seed": 4,
        "accuracy test": 0.7828571428571428,
        "accuracy train": 0.89,
        "solve_status": "OPTIMAL",
        "mean-error": 0.13476190476190464,
        "random_error": 0.2685095238095234,
        "solve_duration_time": 45.87105083465576
    }
}