{
    "values": {
        "n_trees": 80,
        "max_depth": 5,
        "real_max_depth": 5,
        "seed": 0,
        "accuracy test": 0.7978571428571428,
        "accuracy train": 0.89,
        "solve_status": "OPTIMAL",
        "mean-error": 0.008571428571428572,
        "random_error": 0.2643523809523805,
        "solve_duration_time": 171.87739491462708
    }
}