{
    "values": {
        "n_trees": 60,
        "max_depth": 2,
        "real_max_depth": 2,
        "seed": 1,
        "accuracy test": 0.7814285714285715,
        "accuracy train": 0.74,
        "solve_status": "OPTIMAL",
        "mean-error": 0.08619047619047608,
        "random_error": 0.27283333333333293,
        "solve_duration_time": 96.64366364479065
    }
}