{
    "values": {
        "n_trees": 5,
        "max_depth": 4,
        "real_max_depth": 4,
        "seed": 3,
        "accuracy test": 0.81,
        "accuracy train": 0.8,
        "solve_status": "OPTIMAL",
        "mean-error": 0.36571428571428527,
        "random_error": 0.2677476190476187,
        "solve_duration_time": 6.086899995803833
    }
}