{
    "values": {
        "n_trees": 70,
        "max_depth": null,
        "real_max_depth": 13,
        "seed": 0,
        "accuracy test": 0.7592857142857142,
        "accuracy train": 0.98,
        "solve_status": "OPTIMAL",
        "mean-error": 0.0180952380952381,
        "random_error": 0.2643523809523805,
        "solve_duration_time": 217.94419503211975
    }
}