{
    "values": {
        "n_trees": 100,
        "max_depth": 3,
        "real_max_depth": 3,
        "seed": 0,
        "accuracy test": 0.805,
        "accuracy train": 0.84,
        "solve_status": "OPTIMAL",
        "mean-error": 0.006190476190476191,
        "random_error": 0.2643523809523805,
        "solve_duration_time": 154.19782710075378
    }
}