{
    "values": {
        "n_trees": 10,
        "max_depth": 3,
        "real_max_depth": 3,
        "seed": 2,
        "accuracy test": 0.7778571428571428,
        "accuracy train": 0.85,
        "solve_status": "OPTIMAL",
        "mean-error": 0.2738095238095234,
        "random_error": 0.2675190476190473,
        "solve_duration_time": 12.317892789840698
    }
}