{
    "values": {
        "n_trees": 80,
        "max_depth": 3,
        "real_max_depth": 3,
        "seed": 3,
        "accuracy test": 0.8014285714285714,
        "accuracy train": 0.8,
        "solve_status": "OPTIMAL",
        "mean-error": 0.005714285714285714,
        "random_error": 0.2677476190476187,
        "solve_duration_time": 146.0251042842865
    }
}