{
    "values": {
        "n_trees": 5,
        "max_depth": 10,
        "real_max_depth": 10,
        "seed": 2,
        "accuracy test": 0.7514285714285714,
        "accuracy train": 0.94,
        "solve_status": "OPTIMAL",
        "mean-error": 0.32047619047619,
        "random_error": 0.2675190476190473,
        "solve_duration_time": 14.095134019851685
    }
}