{
    "values": {
        "n_trees": 90,
        "max_depth": 3,
        "real_max_depth": 3,
        "seed": 0,
        "accuracy test": 0.8078571428571428,
        "accuracy train": 0.84,
        "solve_status": "OPTIMAL",
        "mean-error": 0.008571428571428572,
        "random_error": 0.2643523809523805,
        "solve_duration_time": 186.37672209739685
    }
}