{
    "values": {
        "n_trees": 30,
        "max_depth": 4,
        "real_max_depth": 4,
        "seed": 3,
        "accuracy test": 0.8071428571428572,
        "accuracy train": 0.81,
        "solve_status": "OPTIMAL",
        "mean-error": 0.020952380952380955,
        "random_error": 0.2677476190476187,
        "solve_duration_time": 61.733797788619995
    }
}