{
    "values": {
        "n_trees": 50,
        "max_depth": 2,
        "real_max_depth": 2,
        "seed": 4,
        "accuracy test": 0.7914285714285715,
        "accuracy train": 0.84,
        "solve_status": "OPTIMAL",
        "mean-error": 0.166190476190476,
        "random_error": 0.2685095238095234,
        "solve_duration_time": 67.22856020927429
    }
}