{
    "values": {
        "n_trees": 30,
        "max_depth": 10,
        "real_max_depth": 10,
        "seed": 0,
        "accuracy test": 0.7592857142857142,
        "accuracy train": 0.98,
        "solve_status": "OPTIMAL",
        "mean-error": 0.04904761904761901,
        "random_error": 0.2643523809523805,
        "solve_duration_time": 84.88822555541992
    }
}