{
    "values": {
        "n_trees": 100,
        "max_depth": 5,
        "real_max_depth": 5,
        "seed": 4,
        "accuracy test": 0.7842857142857143,
        "accuracy train": 0.88,
        "solve_status": "OPTIMAL",
        "mean-error": 0.05476190476190466,
        "random_error": 0.2685095238095234,
        "solve_duration_time": 290.50526332855225
    }
}