{
    "values": {
        "n_trees": 5,
        "max_depth": 5,
        "real_max_depth": 5,
        "seed": 2,
        "accuracy test": 0.7721428571428571,
        "accuracy train": 0.89,
        "solve_status": "OPTIMAL",
        "mean-error": 0.3095238095238091,
        "random_error": 0.2675190476190473,
        "solve_duration_time": 6.421267509460449
    }
}