{
    "values": {
        "n_trees": 70,
        "max_depth": 10,
        "real_max_depth": 10,
        "seed": 2,
        "accuracy test": 0.77,
        "accuracy train": 0.98,
        "solve_status": "OPTIMAL",
        "mean-error": 0.08428571428571414,
        "random_error": 0.2675190476190473,
        "solve_duration_time": 166.61050653457642
    }
}