{
    "values": {
        "n_trees": 70,
        "max_depth": 5,
        "real_max_depth": 5,
        "seed": 2,
        "accuracy test": 0.7892857142857143,
        "accuracy train": 0.89,
        "solve_status": "OPTIMAL",
        "mean-error": 0.08571428571428558,
        "random_error": 0.2675190476190473,
        "solve_duration_time": 132.23698735237122
    }
}