{
    "values": {
        "n_trees": 1,
        "max_depth": 10,
        "real_max_depth": 10,
        "seed": 2,
        "accuracy test": 0.6607142857142857,
        "accuracy train": 0.83,
        "solve_status": "OPTIMAL",
        "mean-error": 0.41333333333333316,
        "random_error": 0.2675190476190473,
        "solve_duration_time": 3.626464366912842
    }
}