{
    "values": {
        "n_trees": 10,
        "max_depth": 3,
        "real_max_depth": 3,
        "seed": 3,
        "accuracy test": 0.8071428571428572,
        "accuracy train": 0.78,
        "solve_status": "OPTIMAL",
        "mean-error": 0.31952380952380904,
        "random_error": 0.2677476190476187,
        "solve_duration_time": 12.387848377227783
    }
}