{
    "values": {
        "n_trees": 100,
        "max_depth": null,
        "real_max_depth": 13,
        "seed": 4,
        "accuracy test": 0.7528571428571429,
        "accuracy train": 0.98,
        "solve_status": "OPTIMAL",
        "mean-error": 0.05285714285714278,
        "random_error": 0.2685095238095234,
        "solve_duration_time": 307.61699652671814
    }
}