{
    "values": {
        "n_trees": 60,
        "max_depth": 10,
        "real_max_depth": 10,
        "seed": 4,
        "accuracy test": 0.7557142857142857,
        "accuracy train": 0.98,
        "solve_status": "OPTIMAL",
        "mean-error": 0.06476190476190469,
        "random_error": 0.2685095238095234,
        "solve_duration_time": 192.65169858932495
    }
}