{
    "values": {
        "n_trees": 60,
        "max_depth": 4,
        "real_max_depth": 4,
        "seed": 0,
        "accuracy test": 0.8114285714285714,
        "accuracy train": 0.87,
        "solve_status": "OPTIMAL",
        "mean-error": 0.04904761904761901,
        "random_error": 0.2643523809523805,
        "solve_duration_time": 98.70827746391296
    }
}