{
    "values": {
        "n_trees": 90,
        "max_depth": 10,
        "real_max_depth": 10,
        "seed": 4,
        "accuracy test": 0.7578571428571429,
        "accuracy train": 0.98,
        "solve_status": "OPTIMAL",
        "mean-error": 0.05380952380952373,
        "random_error": 0.2685095238095234,
        "solve_duration_time": 270.7105350494385
    }
}