{
    "values": {
        "n_trees": 90,
        "max_depth": 5,
        "real_max_depth": 5,
        "seed": 4,
        "accuracy test": 0.7821428571428571,
        "accuracy train": 0.87,
        "solve_status": "OPTIMAL",
        "mean-error": 0.052857142857142776,
        "random_error": 0.2685095238095234,
        "solve_duration_time": 282.6390962600708
    }
}