{
    "values": {
        "n_trees": 80,
        "max_depth": 4,
        "real_max_depth": 4,
        "seed": 2,
        "accuracy test": 0.7842857142857143,
        "accuracy train": 0.88,
        "solve_status": "OPTIMAL",
        "mean-error": 0.09571428571428556,
        "random_error": 0.2675190476190473,
        "solve_duration_time": 173.9076075553894
    }
}