{
    "values": {
        "n_trees": 100,
        "max_depth": 4,
        "real_max_depth": 4,
        "seed": 4,
        "accuracy test": 0.78,
        "accuracy train": 0.86,
        "solve_status": "OPTIMAL",
        "mean-error": 0.05095238095238087,
        "random_error": 0.2685095238095234,
        "solve_duration_time": 255.47796964645386
    }
}