{
    "values": {
        "n_trees": 20,
        "max_depth": 3,
        "real_max_depth": 3,
        "seed": 0,
        "accuracy test": 0.805,
        "accuracy train": 0.82,
        "solve_status": "OPTIMAL",
        "mean-error": 0.22333333333333305,
        "random_error": 0.2643523809523805,
        "solve_duration_time": 30.944276332855225
    }
}