{
    "values": {
        "n_trees": 30,
        "max_depth": 5,
        "real_max_depth": 5,
        "seed": 1,
        "accuracy test": 0.7578571428571429,
        "accuracy train": 0.8,
        "solve_status": "OPTIMAL",
        "mean-error": 0.06857142857142846,
        "random_error": 0.27283333333333293,
        "solve_duration_time": 80.47789168357849
    }
}