{
    "values": {
        "n_trees": 70,
        "max_depth": 4,
        "real_max_depth": 4,
        "seed": 4,
        "accuracy test": 0.785,
        "accuracy train": 0.86,
        "solve_status": "OPTIMAL",
        "mean-error": 0.06380952380952372,
        "random_error": 0.2685095238095234,
        "solve_duration_time": 162.53802180290222
    }
}