{
    "values": {
        "n_trees": 70,
        "max_depth": 5,
        "real_max_depth": 5,
        "seed": 4,
        "accuracy test": 0.7857142857142857,
        "accuracy train": 0.87,
        "solve_status": "OPTIMAL",
        "mean-error": 0.06666666666666657,
        "random_error": 0.2685095238095234,
        "solve_duration_time": 284.940221786499
    }
}