{
    "values": {
        "n_trees": 1,
        "max_depth": null,
        "real_max_depth": 10,
        "seed": 0,
        "accuracy test": 0.6057142857142858,
        "accuracy train": 0.92,
        "solve_status": "OPTIMAL",
        "mean-error": 0.3976190476190474,
        "random_error": 0.2643523809523805,
        "solve_duration_time": 1.9574918746948242
    }
}