{
    "values": {
        "n_trees": 5,
        "max_depth": null,
        "real_max_depth": 12,
        "seed": 4,
        "accuracy test": 0.7464285714285714,
        "accuracy train": 0.96,
        "solve_status": "OPTIMAL",
        "mean-error": 0.31476190476190424,
        "random_error": 0.2685095238095234,
        "solve_duration_time": 15.684898376464844
    }
}