{
    "values": {
        "n_trees": 50,
        "max_depth": null,
        "real_max_depth": 13,
        "seed": 0,
        "accuracy test": 0.7628571428571429,
        "accuracy train": 0.98,
        "solve_status": "OPTIMAL",
        "mean-error": 0.03142857142857142,
        "random_error": 0.2643523809523805,
        "solve_duration_time": 117.31646966934204
    }
}