{
    "values": {
        "n_trees": 60,
        "max_depth": 5,
        "real_max_depth": 5,
        "seed": 4,
        "accuracy test": 0.7892857142857143,
        "accuracy train": 0.88,
        "solve_status": "OPTIMAL",
        "mean-error": 0.068095238095238,
        "random_error": 0.2685095238095234,
        "solve_duration_time": 241.3061876296997
    }
}