{
    "values": {
        "n_trees": 5,
        "max_depth": 10,
        "real_max_depth": 10,
        "seed": 3,
        "accuracy test": 0.7242857142857143,
        "accuracy train": 0.94,
        "solve_status": "OPTIMAL",
        "mean-error": 0.3133333333333328,
        "random_error": 0.2677476190476187,
        "solve_duration_time": 11.79129433631897
    }
}