{
    "values": {
        "n_trees": 80,
        "max_depth": 5,
        "real_max_depth": 5,
        "seed": 2,
        "accuracy test": 0.7878571428571428,
        "accuracy train": 0.89,
        "solve_status": "OPTIMAL",
        "mean-error": 0.08571428571428558,
        "random_error": 0.2675190476190473,
        "solve_duration_time": 222.02862286567688
    }
}