{
    "values": {
        "n_trees": 90,
        "max_depth": 2,
        "real_max_depth": 2,
        "seed": 3,
        "accuracy test": 0.8178571428571428,
        "accuracy train": 0.76,
        "solve_status": "OPTIMAL",
        "mean-error": 0.013333333333333341,
        "random_error": 0.2677476190476187,
        "solve_duration_time": 112.27654600143433
    }
}