{
    "values": {
        "n_trees": 1,
        "max_depth": 2,
        "real_max_depth": 2,
        "seed": 1,
        "accuracy test": 0.7721428571428571,
        "accuracy train": 0.73,
        "solve_status": "OPTIMAL",
        "mean-error": 0.3647619047619046,
        "random_error": 0.27283333333333293,
        "solve_duration_time": 1.018841028213501
    }
}