{
    "values": {
        "n_trees": 70,
        "max_depth": null,
        "real_max_depth": 13,
        "seed": 2,
        "accuracy test": 0.7657142857142857,
        "accuracy train": 0.98,
        "solve_status": "OPTIMAL",
        "mean-error": 0.08619047619047607,
        "random_error": 0.2675190476190473,
        "solve_duration_time": 167.88816213607788
    }
}