{
    "values": {
        "n_trees": 5,
        "max_depth": 4,
        "real_max_depth": 4,
        "seed": 0,
        "accuracy test": 0.7814285714285715,
        "accuracy train": 0.87,
        "solve_status": "OPTIMAL",
        "mean-error": 0.3285714285714282,
        "random_error": 0.2643523809523805,
        "solve_duration_time": 8.443706750869751
    }
}