{
    "values": {
        "n_trees": 1,
        "max_depth": 3,
        "real_max_depth": 3,
        "seed": 3,
        "accuracy test": 0.7914285714285715,
        "accuracy train": 0.74,
        "solve_status": "OPTIMAL",
        "mean-error": 0.41190476190476155,
        "random_error": 0.2677476190476187,
        "solve_duration_time": 1.2332565784454346
    }
}