{
    "values": {
        "n_trees": 40,
        "max_depth": 4,
        "real_max_depth": 4,
        "seed": 3,
        "accuracy test": 0.8035714285714286,
        "accuracy train": 0.83,
        "solve_status": "OPTIMAL",
        "mean-error": 0.006190476190476191,
        "random_error": 0.2677476190476187,
        "solve_duration_time": 74.69546890258789
    }
}