{
    "values": {
        "n_trees": 5,
        "max_depth": 10,
        "real_max_depth": 10,
        "seed": 1,
        "accuracy test": 0.6992857142857143,
        "accuracy train": 0.88,
        "solve_status": "OPTIMAL",
        "mean-error": 0.27047619047619004,
        "random_error": 0.27283333333333293,
        "solve_duration_time": 16.011720180511475
    }
}