{
    "values": {
        "n_trees": 5,
        "max_depth": null,
        "real_max_depth": 10,
        "seed": 3,
        "accuracy test": 0.7242857142857143,
        "accuracy train": 0.94,
        "solve_status": "OPTIMAL",
        "mean-error": 0.31238095238095187,
        "random_error": 0.2677476190476187,
        "solve_duration_time": 15.340068340301514
    }
}