{
    "values": {
        "n_trees": 70,
        "max_depth": 10,
        "real_max_depth": 10,
        "seed": 1,
        "accuracy test": 0.7057142857142857,
        "accuracy train": 0.92,
        "solve_status": "OPTIMAL",
        "mean-error": 0.05095238095238087,
        "random_error": 0.27283333333333293,
        "solve_duration_time": 238.05327606201172
    }
}