{
    "values": {
        "n_trees": 5,
        "max_depth": 5,
        "real_max_depth": 5,
        "seed": 4,
        "accuracy test": 0.7828571428571428,
        "accuracy train": 0.88,
        "solve_status": "OPTIMAL",
        "mean-error": 0.361428571428571,
        "random_error": 0.2685095238095234,
        "solve_duration_time": 7.801159143447876
    }
}