{
    "values": {
        "n_trees": 60,
        "max_depth": null,
        "real_max_depth": 15,
        "seed": 1,
        "accuracy test": 0.6714285714285714,
        "accuracy train": 0.92,
        "solve_status": "OPTIMAL",
        "mean-error": 0.051904761904761815,
        "random_error": 0.27283333333333293,
        "solve_duration_time": 218.8388113975525
    }
}