{
    "values": {
        "n_trees": 10,
        "max_depth": 4,
        "real_max_depth": 4,
        "seed": 1,
        "accuracy test": 0.7707142857142857,
        "accuracy train": 0.78,
        "solve_status": "OPTIMAL",
        "mean-error": 0.24761904761904724,
        "random_error": 0.27283333333333293,
        "solve_duration_time": 16.689070463180542
    }
}