{
    "values": {
        "n_trees": 100,
        "max_depth": null,
        "real_max_depth": 14,
        "seed": 3,
        "accuracy test": 0.7814285714285715,
        "accuracy train": 0.94,
        "solve_status": "FEASIBLE",
        "mean-error": 0.051111111111111114,
        "random_error": 0.16444444444444437,
        "solve_duration_time": 18160.463633537292,
        "known_attributes": 10
    }
}