{
    "values": {
        "n_trees": 100,
        "max_depth": null,
        "real_max_depth": 14,
        "seed": 3,
        "accuracy test": 0.7814285714285715,
        "accuracy train": 0.94,
        "solve_status": "FEASIBLE",
        "mean-error": 0.0966666666666666,
        "random_error": 0.2408111111111111,
        "solve_duration_time": 7410.630931138992,
        "known_attributes": 1
    }
}