{
    "values": {
        "n_trees": 100,
        "max_depth": null,
        "real_max_depth": 14,
        "seed": 3,
        "accuracy test": 0.7814285714285715,
        "accuracy train": 0.94,
        "solve_status": "FEASIBLE",
        "mean-error": 0.07999999999999995,
        "random_error": 0.19121818181818198,
        "solve_duration_time": 7332.190432548523,
        "known_attributes": 8
    }
}