{
    "values": {
        "n_trees": 100,
        "max_depth": null,
        "real_max_depth": 14,
        "seed": 4,
        "accuracy test": 0.7921428571428571,
        "accuracy train": 0.99,
        "solve_status": "FEASIBLE",
        "mean-error": 0.09000000000000002,
        "random_error": 0.32575999999999977,
        "solve_duration_time": 7346.923661470413,
        "known_attributes": 9
    }
}