{
    "values": {
        "n_trees": 100,
        "max_depth": null,
        "real_max_depth": 14,
        "seed": 0,
        "accuracy test": 0.7621428571428571,
        "accuracy train": 0.96,
        "solve_status": "FEASIBLE",
        "mean-error": 0.0676923076923077,
        "random_error": 0.19680769230769213,
        "solve_duration_time": 7367.319291830063,
        "known_attributes": 6
    }
}