{
    "values": {
        "n_trees": 100,
        "max_depth": null,
        "real_max_depth": 14,
        "seed": 0,
        "accuracy test": 0.7621428571428571,
        "accuracy train": 0.96,
        "solve_status": "FEASIBLE",
        "mean-error": 0.06333333333333332,
        "random_error": 0.1262666666666666,
        "solve_duration_time": 7414.552852153778,
        "known_attributes": 10
    }
}