{
    "values": {
        "n_trees": 100,
        "max_depth": null,
        "real_max_depth": 14,
        "seed": 0,
        "accuracy test": 0.7621428571428571,
        "accuracy train": 0.96,
        "solve_status": "FEASIBLE",
        "mean-error": 0.07210526315789474,
        "random_error": 0.2545052631578947,
        "solve_duration_time": 7352.79970574379,
        "known_attributes": 0
    }
}