{
    "values": {
        "n_trees": 100,
        "max_depth": null,
        "real_max_depth": 14,
        "seed": 3,
        "accuracy test": 0.7814285714285715,
        "accuracy train": 0.94,
        "solve_status": "FEASIBLE",
        "mean-error": 0.08823529411764698,
        "random_error": 0.2377941176470585,
        "solve_duration_time": 7403.912973165512,
        "known_attributes": 2
    }
}