{
    "values": {
        "n_trees": 100,
        "max_depth": null,
        "real_max_depth": 15,
        "seed": 1,
        "accuracy test": 0.7228571428571429,
        "accuracy train": 0.96,
        "solve_status": "FEASIBLE",
        "mean-error": 0.07200000000000002,
        "random_error": 0.35316000000000014,
        "solve_duration_time": 7398.1972415447235,
        "known_attributes": 9
    }
}