{
    "values": {
        "n_trees": 100,
        "max_depth": null,
        "real_max_depth": 14,
        "seed": 3,
        "accuracy test": 0.7814285714285715,
        "accuracy train": 0.94,
        "solve_status": "FEASIBLE",
        "mean-error": 0.08684210526315787,
        "random_error": 0.2520631578947368,
        "solve_duration_time": 7404.015257835388,
        "known_attributes": 0
    }
}