{
    "values": {
        "n_trees": 100,
        "max_depth": null,
        "real_max_depth": 15,
        "seed": 1,
        "accuracy test": 0.7228571428571429,
        "accuracy train": 0.96,
        "solve_status": "FEASIBLE",
        "mean-error": 0.06923076923076923,
        "random_error": 0.31323846153846113,
        "solve_duration_time": 7389.273590326309,
        "known_attributes": 1
    }
}