{
    "values": {
        "n_trees": 100,
        "max_depth": null,
        "real_max_depth": 15,
        "seed": 2,
        "accuracy test": 0.7764285714285715,
        "accuracy train": 0.97,
        "solve_status": "FEASIBLE",
        "mean-error": 0.03666666666666667,
        "random_error": 0.32830000000000004,
        "solve_duration_time": 7401.231745481491,
        "known_attributes": 11
    }
}