{
    "values": {
        "n_trees": 100,
        "max_depth": null,
        "real_max_depth": 14,
        "seed": 4,
        "accuracy test": 0.7921428571428571,
        "accuracy train": 0.99,
        "solve_status": "FEASIBLE",
        "mean-error": 0.10999999999999999,
        "random_error": 0.2962499999999999,
        "solve_duration_time": 7352.266628742218,
        "known_attributes": 8
    }
}