{
    "values": {
        "n_trees": 100,
        "max_depth": null,
        "real_max_depth": 15,
        "seed": 2,
        "accuracy test": 0.7764285714285715,
        "accuracy train": 0.97,
        "solve_status": "FEASIBLE",
        "mean-error": 0.07666666666666667,
        "random_error": 0.3390833333333335,
        "solve_duration_time": 7369.606293916702,
        "known_attributes": 8
    }
}