{
    "values": {
        "n_trees": 100,
        "max_depth": null,
        "real_max_depth": 11,
        "seed": 2,
        "accuracy test": 0.6035714285714285,
        "accuracy train": 0.83,
        "solve_status": "FEASIBLE",
        "mean-error": 0.04615384615384614,
        "random_error": 0.18395384615384597,
        "solve_duration_time": 7364.017194271088,
        "known_attributes": 1
    }
}