{
    "values": {
        "n_trees": 100,
        "max_depth": null,
        "real_max_depth": 11,
        "seed": 3,
        "accuracy test": 0.5678571428571428,
        "accuracy train": 0.76,
        "solve_status": "FEASIBLE",
        "mean-error": 0.0457142857142857,
        "random_error": 0.20811428571428564,
        "solve_duration_time": 7457.2243592739105,
        "known_attributes": 0
    }
}