{
    "values": {
        "n_trees": 100,
        "max_depth": null,
        "real_max_depth": 11,
        "seed": 1,
        "accuracy test": 0.6192857142857143,
        "accuracy train": 0.76,
        "solve_status": "FEASIBLE",
        "mean-error": 0.05714285714285716,
        "random_error": 0.19913571428571422,
        "solve_duration_time": 7446.194041967392,
        "known_attributes": 0
    }
}