{
    "values": {
        "n_trees": 100,
        "max_depth": null,
        "real_max_depth": 11,
        "seed": 3,
        "accuracy test": 0.5678571428571428,
        "accuracy train": 0.76,
        "solve_status": "FEASIBLE",
        "mean-error": 0.03083333333333333,
        "random_error": 0.19232500000000005,
        "solve_duration_time": 7447.667722463608,
        "known_attributes": 2
    }
}