{
    "values": {
        "n_trees": 100,
        "max_depth": null,
        "real_max_depth": 11,
        "seed": 1,
        "accuracy test": 0.6192857142857143,
        "accuracy train": 0.76,
        "solve_status": "FEASIBLE",
        "mean-error": 0.026666666666666665,
        "random_error": 0.16234999999999997,
        "solve_duration_time": 7356.981541156769,
        "known_attributes": 4
    }
}