{
    "values": {
        "n_trees": 100,
        "max_depth": null,
        "real_max_depth": 11,
        "seed": 3,
        "accuracy test": 0.5678571428571428,
        "accuracy train": 0.76,
        "solve_status": "FEASIBLE",
        "mean-error": 0.03714285714285713,
        "random_error": 0.22195714285714263,
        "solve_duration_time": 7447.086241722107,
        "known_attributes": 4
    }
}