{
    "values": {
        "n_trees": 100,
        "max_depth": null,
        "real_max_depth": 14,
        "seed": 3,
        "accuracy test": 0.7571428571428571,
        "accuracy train": 1.0,
        "solve_status": "UNKNOWN",
        "mean-error": 0.25362631578947364,
        "random_error": 0.25362631578947364,
        "solve_duration_time": 18212.299333810806,
        "known_attributes": 2
    }
}