{
    "values": {
        "n_trees": 100,
        "max_depth": null,
        "real_max_depth": 14,
        "seed": 0,
        "accuracy test": 0.7635714285714286,
        "accuracy train": 0.98,
        "solve_status": "FEASIBLE",
        "mean-error": 0.0457142857142857,
        "random_error": 0.18528571428571425,
        "solve_duration_time": 7390.148134469986,
        "known_attributes": 12
    }
}