{
    "values": {
        "n_trees": 100,
        "max_depth": null,
        "real_max_depth": 13,
        "seed": 4,
        "accuracy test": 0.7528571428571429,
        "accuracy train": 0.98,
        "solve_status": "FEASIBLE",
        "mean-error": 0.08600000000000003,
        "random_error": 0.2129399999999998,
        "solve_duration_time": 7431.306049346924,
        "known_attributes": 11
    }
}