{
    "values": {
        "n_trees": 100,
        "max_depth": null,
        "real_max_depth": 14,
        "seed": 0,
        "accuracy test": 0.7635714285714286,
        "accuracy train": 0.98,
        "solve_status": "FEASIBLE",
        "mean-error": 0.0983333333333333,
        "random_error": 0.2386444444444443,
        "solve_duration_time": 18173.421101093292,
        "known_attributes": 3
    }
}