{
    "values": {
        "n_trees": 100,
        "max_depth": null,
        "real_max_depth": 14,
        "seed": 3,
        "accuracy test": 0.7571428571428571,
        "accuracy train": 1.0,
        "solve_status": "FEASIBLE",
        "mean-error": 0.05999999999999999,
        "random_error": 0.21875833333333333,
        "solve_duration_time": 7484.678066968918,
        "known_attributes": 7
    }
}