{
    "values": {
        "n_trees": 100,
        "max_depth": null,
        "real_max_depth": 13,
        "seed": 2,
        "accuracy test": 0.7678571428571429,
        "accuracy train": 0.98,
        "solve_status": "FEASIBLE",
        "mean-error": 0.08499999999999998,
        "random_error": 0.23462000000000013,
        "solve_duration_time": 7441.1137545108795,
        "known_attributes": 8
    }
}