{
    "values": {
        "n_trees": 100,
        "max_depth": null,
        "real_max_depth": 13,
        "seed": 4,
        "accuracy test": 0.7528571428571429,
        "accuracy train": 0.98,
        "solve_status": "UNKNOWN",
        "mean-error": 0.2685095238095234,
        "random_error": 0.2685095238095234,
        "solve_duration_time": 7436.837229728699
    }
}