{
    "values": {
        "n_trees": 100,
        "max_depth": null,
        "real_max_depth": 13,
        "seed": 2,
        "accuracy test": 0.7678571428571429,
        "accuracy train": 0.98,
        "solve_status": "FEASIBLE",
        "mean-error": 0.08888888888888885,
        "random_error": 0.21757777777777748,
        "solve_duration_time": 7435.558063983917,
        "known_attributes": 9
    }
}