{
    "values": {
        "n_trees": 100,
        "max_depth": null,
        "real_max_depth": 14,
        "seed": 3,
        "accuracy test": 0.7571428571428571,
        "accuracy train": 1.0,
        "solve_status": "UNKNOWN",
        "mean-error": 0.2584350000000001,
        "random_error": 0.2584350000000001,
        "solve_duration_time": 18270.826476335526,
        "known_attributes": 1
    }
}