{
    "values": {
        "n_trees": 100,
        "max_depth": null,
        "real_max_depth": 13,
        "seed": 2,
        "accuracy test": 0.7678571428571429,
        "accuracy train": 0.98,
        "solve_status": "FEASIBLE",
        "mean-error": 0.07375,
        "random_error": 0.21823749999999983,
        "solve_duration_time": 7433.974410057068,
        "known_attributes": 10
    }
}