{
    "values": {
        "n_trees": 100,
        "max_depth": null,
        "real_max_depth": 13,
        "seed": 4,
        "accuracy test": 0.7528571428571429,
        "accuracy train": 0.98,
        "solve_status": "FEASIBLE",
        "mean-error": 0.10181818181818182,
        "random_error": 0.2391000000000002,
        "solve_duration_time": 7427.577704668045,
        "known_attributes": 7
    }
}