{
    "values": {
        "n_trees": 100,
        "max_depth": null,
        "real_max_depth": 14,
        "seed": 0,
        "accuracy test": 0.7635714285714286,
        "accuracy train": 0.98,
        "solve_status": "FEASIBLE",
        "mean-error": 0.08400000000000003,
        "random_error": 0.21783999999999984,
        "solve_duration_time": 7361.038297176361,
        "known_attributes": 6
    }
}