{
    "values": {
        "n_trees": 100,
        "max_depth": null,
        "real_max_depth": 13,
        "seed": 2,
        "accuracy test": 0.7678571428571429,
        "accuracy train": 0.98,
        "solve_status": "FEASIBLE",
        "mean-error": 0.07999999999999999,
        "random_error": 0.17880000000000001,
        "solve_duration_time": 7436.920687198639,
        "known_attributes": 13
    }
}