{
    "values": {
        "n_trees": 100,
        "max_depth": null,
        "real_max_depth": 14,
        "seed": 0,
        "accuracy test": 0.7635714285714286,
        "accuracy train": 0.98,
        "solve_status": "FEASIBLE",
        "mean-error": 0.09909090909090906,
        "random_error": 0.20999090909090917,
        "solve_duration_time": 7382.209639310837,
        "known_attributes": 8
    }
}