{
    "values": {
        "n_trees": 100,
        "max_depth": null,
        "real_max_depth": 13,
        "seed": 2,
        "accuracy test": 0.7678571428571429,
        "accuracy train": 0.98,
        "solve_status": "FEASIBLE",
        "mean-error": 0.07615384615384614,
        "random_error": 0.2440846153846151,
        "solve_duration_time": 7444.045343875885,
        "known_attributes": 5
    }
}