{
    "values": {
        "n_trees": 100,
        "max_depth": null,
        "real_max_depth": 13,
        "seed": 2,
        "accuracy test": 0.7678571428571429,
        "accuracy train": 0.98,
        "solve_status": "FEASIBLE",
        "mean-error": 0.08111111111111109,
        "random_error": 0.24457222222222222,
        "solve_duration_time": 7452.096415519714,
        "known_attributes": 3
    }
}