{
    "values": {
        "n_trees": 100,
        "max_depth": null,
        "real_max_depth": 13,
        "seed": 4,
        "accuracy test": 0.7528571428571429,
        "accuracy train": 0.98,
        "solve_status": "FEASIBLE",
        "mean-error": 0.10214285714285713,
        "random_error": 0.2545571428571429,
        "solve_duration_time": 7449.570241212845,
        "known_attributes": 4
    }
}