{
    "values": {
        "n_trees": 100,
        "max_depth": null,
        "real_max_depth": 13,
        "seed": 2,
        "accuracy test": 0.7678571428571429,
        "accuracy train": 0.98,
        "solve_status": "FEASIBLE",
        "mean-error": 0.08583333333333332,
        "random_error": 0.23080000000000006,
        "solve_duration_time": 7444.04375576973,
        "known_attributes": 6
    }
}