{
    "values": {
        "n_trees": 60,
        "max_depth": 3,
        "real_max_depth": 3,
        "seed": 4,
        "accuracy test": 0.7807142857142857,
        "accuracy train": 0.84,
        "solve_status": "OPTIMAL",
        "mean-error": 0.07526315789473685,
        "random_error": 0.24924736842105266,
        "solve_duration_time": 90.42638444900513
    }
}