{
    "values": {
        "n_trees": 100,
        "max_depth": 4,
        "real_max_depth": 4,
        "seed": 3,
        "accuracy test": 0.7814285714285715,
        "accuracy train": 0.89,
        "solve_status": "OPTIMAL",
        "mean-error": 0.02526315789473683,
        "random_error": 0.2520631578947368,
        "solve_duration_time": 4708.162592172623
    }
}