{
    "values": {
        "n_trees": 100,
        "max_depth": 2,
        "real_max_depth": 2,
        "seed": 1,
        "accuracy test": 0.79,
        "accuracy train": 0.81,
        "solve_status": "OPTIMAL",
        "mean-error": 0.0778947368421053,
        "random_error": 0.2537315789473685,
        "solve_duration_time": 10.717941999435425
    }
}