{
    "values": {
        "n_trees": 10,
        "max_depth": 10,
        "real_max_depth": 10,
        "seed": 2,
        "accuracy test": 0.7757142857142857,
        "accuracy train": 0.97,
        "solve_status": "OPTIMAL",
        "mean-error": 0.032105263157894755,
        "random_error": 0.2533105263157894,
        "solve_duration_time": 92.038569688797
    }
}