{
    "values": {
        "n_trees": 50,
        "max_depth": null,
        "real_max_depth": 14,
        "seed": 0,
        "accuracy test": 0.755,
        "accuracy train": 0.96,
        "solve_status": "FEASIBLE",
        "mean-error": 0.0805263157894737,
        "random_error": 0.2545052631578947,
        "solve_duration_time": 10919.6001496315
    }
}