{
    "values": {
        "n_trees": 50,
        "max_depth": 5,
        "real_max_depth": 5,
        "seed": 1,
        "accuracy test": 0.7657142857142857,
        "accuracy train": 0.89,
        "solve_status": "FEASIBLE",
        "mean-error": 0.1178947368421052,
        "random_error": 0.2537315789473685,
        "solve_duration_time": 10876.479968070984
    }
}