{
    "values": {
        "n_trees": 60,
        "max_depth": null,
        "real_max_depth": 14,
        "seed": 0,
        "accuracy test": 0.7592857142857142,
        "accuracy train": 0.96,
        "solve_status": "FEASIBLE",
        "mean-error": 0.08315789473684208,
        "random_error": 0.2545052631578947,
        "solve_duration_time": 10908.658681869507
    }
}