{
    "values": {
        "n_trees": 90,
        "max_depth": 10,
        "real_max_depth": 10,
        "seed": 4,
        "accuracy test": 0.79,
        "accuracy train": 0.99,
        "solve_status": "OPTIMAL",
        "mean-error": 0.0015789473684210526,
        "random_error": 0.24924736842105266,
        "solve_duration_time": 324.92845368385315
    }
}