{
    "values": {
        "n_trees": 90,
        "max_depth": 4,
        "real_max_depth": 4,
        "seed": 4,
        "accuracy test": 0.7842857142857143,
        "accuracy train": 0.89,
        "solve_status": "FEASIBLE",
        "mean-error": 0.1294736842105262,
        "random_error": 0.24924736842105266,
        "solve_duration_time": 10888.665933132172
    }
}