{
    "values": {
        "n_trees": 60,
        "max_depth": 4,
        "real_max_depth": 4,
        "seed": 2,
        "accuracy test": 0.785,
        "accuracy train": 0.87,
        "solve_status": "OPTIMAL",
        "mean-error": 0.04842105263157896,
        "random_error": 0.2533105263157894,
        "solve_duration_time": 34.37247085571289
    }
}