{
    "values": {
        "n_trees": 60,
        "max_depth": 4,
        "real_max_depth": 4,
        "seed": 0,
        "accuracy test": 0.7742857142857142,
        "accuracy train": 0.9,
        "solve_status": "FEASIBLE",
        "mean-error": 0.1299999999999999,
        "random_error": 0.2545052631578947,
        "solve_duration_time": 10861.49017047882
    }
}