{
    "values": {
        "n_trees": 70,
        "max_depth": 10,
        "real_max_depth": 10,
        "seed": 2,
        "accuracy test": 0.7692857142857142,
        "accuracy train": 0.97,
        "solve_status": "OPTIMAL",
        "mean-error": 0.0,
        "random_error": 0.2533105263157894,
        "solve_duration_time": 65.24857974052429
    }
}