{
    "values": {
        "n_trees": 50,
        "max_depth": 4,
        "real_max_depth": 4,
        "seed": 2,
        "accuracy test": 0.7921428571428571,
        "accuracy train": 0.86,
        "solve_status": "FEASIBLE",
        "mean-error": 0.1242105263157894,
        "random_error": 0.2533105263157894,
        "solve_duration_time": 10847.98983335495
    }
}