{
    "values": {
        "n_trees": 20,
        "max_depth": 4,
        "real_max_depth": 4,
        "seed": 1,
        "accuracy test": 0.7735714285714286,
        "accuracy train": 0.88,
        "solve_status": "OPTIMAL",
        "mean-error": 0.04999999999999999,
        "random_error": 0.2537315789473685,
        "solve_duration_time": 9.053031206130981
    }
}