{
    "values": {
        "n_trees": 50,
        "max_depth": 10,
        "real_max_depth": 10,
        "seed": 4,
        "accuracy test": 0.7864285714285715,
        "accuracy train": 0.99,
        "solve_status": "OPTIMAL",
        "mean-error": 0.005789473684210527,
        "random_error": 0.24924736842105266,
        "solve_duration_time": 135.78227758407593
    }
}