{
    "values": {
        "n_trees": 5,
        "max_depth": 4,
        "real_max_depth": 4,
        "seed": 3,
        "accuracy test": 0.7871428571428571,
        "accuracy train": 0.88,
        "solve_status": "FEASIBLE",
        "mean-error": 0.1573684210526315,
        "random_error": 0.2520631578947368,
        "solve_duration_time": 10804.247865438461
    }
}