{
    "values": {
        "n_trees": 30,
        "max_depth": 3,
        "real_max_depth": 3,
        "seed": 0,
        "accuracy test": 0.7828571428571428,
        "accuracy train": 0.87,
        "solve_status": "OPTIMAL",
        "mean-error": 0.07894736842105264,
        "random_error": 0.2545052631578947,
        "solve_duration_time": 7.556354761123657
    }
}