{
    "values": {
        "n_trees": 80,
        "max_depth": 10,
        "real_max_depth": 10,
        "seed": 4,
        "accuracy test": 0.7914285714285715,
        "accuracy train": 0.99,
        "solve_status": "FEASIBLE",
        "mean-error": 0.10000000000000002,
        "random_error": 0.24924736842105266,
        "solve_duration_time": 10917.588703870773
    }
}