{
    "values": {
        "n_trees": 100,
        "max_depth": 2,
        "real_max_depth": 2,
        "seed": 0,
        "accuracy test": 0.765,
        "accuracy train": 0.81,
        "solve_status": "FEASIBLE",
        "mean-error": 0.15736842105263155,
        "random_error": 0.2545052631578947,
        "solve_duration_time": 10852.893683671951
    }
}