{
    "values": {
        "n_trees": 40,
        "max_depth": 5,
        "real_max_depth": 5,
        "seed": 0,
        "accuracy test": 0.7821428571428571,
        "accuracy train": 0.93,
        "solve_status": "OPTIMAL",
        "mean-error": 0.023684210526315783,
        "random_error": 0.2545052631578947,
        "solve_duration_time": 2666.349487543106
    }
}