{
    "values": {
        "n_trees": 5,
        "max_depth": 10,
        "real_max_depth": 10,
        "seed": 1,
        "accuracy test": 0.6678571428571428,
        "accuracy train": 0.94,
        "solve_status": "FEASIBLE",
        "mean-error": 0.11894736842105252,
        "random_error": 0.2537315789473685,
        "solve_duration_time": 10809.264609098434
    }
}