{
    "values": {
        "n_trees": 40,
        "max_depth": null,
        "real_max_depth": 15,
        "seed": 2,
        "accuracy test": 0.7778571428571428,
        "accuracy train": 0.97,
        "solve_status": "FEASIBLE",
        "mean-error": 0.08052631578947372,
        "random_error": 0.2533105263157894,
        "solve_duration_time": 10911.81045460701
    }
}