{
    "values": {
        "n_trees": 70,
        "max_depth": null,
        "real_max_depth": 14,
        "seed": 3,
        "accuracy test": 0.7785714285714286,
        "accuracy train": 0.94,
        "solve_status": "FEASIBLE",
        "mean-error": 0.08157894736842104,
        "random_error": 0.2520631578947368,
        "solve_duration_time": 10937.919271707535
    }
}