{
    "values": {
        "n_trees": 1,
        "max_depth": 5,
        "real_max_depth": 5,
        "seed": 4,
        "accuracy test": 0.7592857142857142,
        "accuracy train": 0.81,
        "solve_status": "FEASIBLE",
        "mean-error": 0.1768421052631578,
        "random_error": 0.24924736842105266,
        "solve_duration_time": 10801.283774137497
    }
}