{
    "values": {
        "n_trees": 10,
        "max_depth": 4,
        "real_max_depth": 4,
        "seed": 4,
        "accuracy test": 0.7885714285714286,
        "accuracy train": 0.92,
        "solve_status": "OPTIMAL",
        "mean-error": 0.08894736842105265,
        "random_error": 0.24924736842105266,
        "solve_duration_time": 8.915807485580444
    }
}