{
    "values": {
        "n_trees": 100,
        "max_depth": 3,
        "real_max_depth": 3,
        "seed": 1,
        "accuracy test": 0.795,
        "accuracy train": 0.85,
        "solve_status": "FEASIBLE",
        "mean-error": 0.13736842105263147,
        "random_error": 0.2537315789473685,
        "solve_duration_time": 10884.257991790771
    }
}