{
    "values": {
        "n_trees": 60,
        "max_depth": 2,
        "real_max_depth": 2,
        "seed": 1,
        "accuracy test": 0.7978571428571428,
        "accuracy train": 0.81,
        "solve_status": "FEASIBLE",
        "mean-error": 0.16578947368421038,
        "random_error": 0.2537315789473685,
        "solve_duration_time": 10831.94659614563
    }
}