{
    "values": {
        "n_trees": 70,
        "max_depth": 5,
        "real_max_depth": 5,
        "seed": 4,
        "accuracy test": 0.7928571428571428,
        "accuracy train": 0.97,
        "solve_status": "OPTIMAL",
        "mean-error": 0.011578947368421048,
        "random_error": 0.24924736842105266,
        "solve_duration_time": 559.7186644077301
    }
}