{
    "values": {
        "n_trees": 30,
        "max_depth": null,
        "real_max_depth": 14,
        "seed": 3,
        "accuracy test": 0.7878571428571428,
        "accuracy train": 0.94,
        "solve_status": "FEASIBLE",
        "mean-error": 0.09157894736842102,
        "random_error": 0.2520631578947368,
        "solve_duration_time": 10842.452424049377
    }
}