{
    "values": {
        "n_trees": 90,
        "max_depth": null,
        "real_max_depth": 14,
        "seed": 3,
        "accuracy test": 0.78,
        "accuracy train": 0.94,
        "solve_status": "FEASIBLE",
        "mean-error": 0.08526315789473685,
        "random_error": 0.2520631578947368,
        "solve_duration_time": 10972.85384464264
    }
}