{
    "values": {
        "n_trees": 1,
        "max_depth": 5,
        "real_max_depth": 5,
        "seed": 1,
        "accuracy test": 0.6928571428571428,
        "accuracy train": 0.86,
        "solve_status": "FEASIBLE",
        "mean-error": 0.21842105263157882,
        "random_error": 0.2537315789473685,
        "solve_duration_time": 10801.321439743042
    }
}