{
    "values": {
        "n_trees": 70,
        "max_depth": 5,
        "real_max_depth": 5,
        "seed": 0,
        "accuracy test": 0.7807142857142857,
        "accuracy train": 0.92,
        "solve_status": "FEASIBLE",
        "mean-error": 0.1126315789473683,
        "random_error": 0.2545052631578947,
        "solve_duration_time": 10897.882172822952
    }
}