{
    "values": {
        "n_trees": 5,
        "max_depth": null,
        "real_max_depth": 13,
        "seed": 0,
        "accuracy test": 0.7492857142857143,
        "accuracy train": 0.94,
        "solve_status": "FEASIBLE",
        "mean-error": 0.1257894736842104,
        "random_error": 0.2545052631578947,
        "solve_duration_time": 10807.79354929924
    }
}