{
    "values": {
        "n_trees": 5,
        "max_depth": null,
        "real_max_depth": 12,
        "seed": 1,
        "accuracy test": 0.7014285714285714,
        "accuracy train": 0.96,
        "solve_status": "OPTIMAL",
        "mean-error": 0.05473684210526315,
        "random_error": 0.2537315789473685,
        "solve_duration_time": 13.295090675354004
    }
}