{
    "values": {
        "n_trees": 20,
        "max_depth": 2,
        "real_max_depth": 2,
        "seed": 1,
        "accuracy test": 0.795,
        "accuracy train": 0.8,
        "solve_status": "OPTIMAL",
        "mean-error": 0.13789473684210504,
        "random_error": 0.2537315789473685,
        "solve_duration_time": 2.1832637786865234
    }
}