{
    "values": {
        "n_trees": 100,
        "max_depth": 5,
        "real_max_depth": 5,
        "seed": 4,
        "accuracy test": 0.7964285714285714,
        "accuracy train": 0.95,
        "solve_status": "FEASIBLE",
        "mean-error": 0.12842105263157885,
        "random_error": 0.24924736842105266,
        "solve_duration_time": 10891.726244688034
    }
}