{
    "values": {
        "n_trees": 1,
        "max_depth": 4,
        "real_max_depth": 4,
        "seed": 3,
        "accuracy test": 0.7614285714285715,
        "accuracy train": 0.87,
        "solve_status": "OPTIMAL",
        "mean-error": 0.23,
        "random_error": 0.2520631578947368,
        "solve_duration_time": 0.32918405532836914
    }
}