{
    "values": {
        "n_trees": 10,
        "max_depth": 2,
        "real_max_depth": 2,
        "seed": 2,
        "accuracy test": 0.7621428571428571,
        "accuracy train": 0.73,
        "solve_status": "OPTIMAL",
        "mean-error": 0.15526315789473674,
        "random_error": 0.2533105263157894,
        "solve_duration_time": 1.2858450412750244
    }
}