{
    "values": {
        "n_trees": 70,
        "max_depth": 5,
        "real_max_depth": 5,
        "seed": 3,
        "accuracy test": 0.7842857142857143,
        "accuracy train": 0.91,
        "solve_status": "UNKNOWN",
        "mean-error": 0.2520631578947368,
        "random_error": 0.2520631578947368,
        "solve_duration_time": 18007.942353725433
    }
}