{
    "values": {
        "n_trees": 40,
        "max_depth": 3,
        "real_max_depth": 3,
        "seed": 0,
        "accuracy test": 0.7814285714285715,
        "accuracy train": 0.87,
        "solve_status": "OPTIMAL",
        "mean-error": 0.07052631578947369,
        "random_error": 0.2545052631578947,
        "solve_duration_time": 22.14835023880005
    }
}