{
    "values": {
        "n_trees": 50,
        "max_depth": 10,
        "real_max_depth": 10,
        "seed": 1,
        "accuracy test": 0.72,
        "accuracy train": 0.96,
        "solve_status": "FEASIBLE",
        "mean-error": 0.07842105263157893,
        "random_error": 0.2537315789473685,
        "solve_duration_time": 10928.926340818405
    }
}