{
    "values": {
        "n_trees": 5,
        "max_depth": null,
        "real_max_depth": 15,
        "seed": 3,
        "accuracy test": 0.765,
        "accuracy train": 0.94,
        "solve_status": "OPTIMAL",
        "mean-error": 0.09736842105263158,
        "random_error": 0.2520631578947368,
        "solve_duration_time": 6.484438180923462
    }
}