{
    "values": {
        "n_trees": 30,
        "max_depth": null,
        "real_max_depth": 15,
        "seed": 2,
        "accuracy test": 0.77,
        "accuracy train": 0.97,
        "solve_status": "OPTIMAL",
        "mean-error": 0.002631578947368421,
        "random_error": 0.2533105263157894,
        "solve_duration_time": 55.00584888458252
    }
}