{
    "values": {
        "n_trees": 30,
        "max_depth": 10,
        "real_max_depth": 10,
        "seed": 2,
        "accuracy test": 0.7692857142857142,
        "accuracy train": 0.97,
        "solve_status": "OPTIMAL",
        "mean-error": 0.002631578947368421,
        "random_error": 0.2533105263157894,
        "solve_duration_time": 48.84635066986084
    }
}