{
    "values": {
        "n_trees": 60,
        "max_depth": 3,
        "real_max_depth": 3,
        "seed": 1,
        "accuracy test": 0.785,
        "accuracy train": 0.85,
        "solve_status": "OPTIMAL",
        "mean-error": 0.046842105263157886,
        "random_error": 0.2537315789473685,
        "solve_duration_time": 54.126460313797
    }
}