{
    "values": {
        "n_trees": 70,
        "max_depth": 10,
        "real_max_depth": 10,
        "seed": 0,
        "accuracy test": 0.7664285714285715,
        "accuracy train": 0.96,
        "solve_status": "FEASIBLE",
        "mean-error": 0.07894736842105264,
        "random_error": 0.2545052631578947,
        "solve_duration_time": 10959.752010345459
    }
}