{
    "values": {
        "n_trees": 70,
        "max_depth": 5,
        "real_max_depth": 5,
        "seed": 2,
        "accuracy test": 0.7814285714285715,
        "accuracy train": 0.88,
        "solve_status": "OPTIMAL",
        "mean-error": 0.008421052631578945,
        "random_error": 0.2533105263157894,
        "solve_duration_time": 56.84813833236694
    }
}