{
    "values": {
        "n_trees": 5,
        "max_depth": 2,
        "real_max_depth": 2,
        "seed": 3,
        "accuracy test": 0.7764285714285715,
        "accuracy train": 0.83,
        "solve_status": "OPTIMAL",
        "mean-error": 0.2047368421052632,
        "random_error": 0.2520631578947368,
        "solve_duration_time": 0.5778255462646484
    }
}