{
    "values": {
        "n_trees": 30,
        "max_depth": 2,
        "real_max_depth": 2,
        "seed": 3,
        "accuracy test": 0.775,
        "accuracy train": 0.82,
        "solve_status": "FEASIBLE",
        "mean-error": 0.1805263157894737,
        "random_error": 0.2520631578947368,
        "solve_duration_time": 10815.756531953812
    }
}