{
    "values": {
        "n_trees": 10,
        "max_depth": 3,
        "real_max_depth": 3,
        "seed": 1,
        "accuracy test": 0.7764285714285715,
        "accuracy train": 0.82,
        "solve_status": "FEASIBLE",
        "mean-error": 0.1363157894736841,
        "random_error": 0.2537315789473685,
        "solve_duration_time": 10805.626490354538
    }
}