{
    "values": {
        "n_trees": 80,
        "max_depth": 10,
        "real_max_depth": 10,
        "seed": 4,
        "accuracy test": 0.7878571428571428,
        "accuracy train": 0.99,
        "solve_status": "OPTIMAL",
        "mean-error": 0.0010526315789473684,
        "random_error": 0.24924736842105266,
        "solve_duration_time": 92.95850205421448
    }
}