{
    "values": {
        "n_trees": 20,
        "max_depth": 5,
        "real_max_depth": 5,
        "seed": 4,
        "accuracy test": 0.79,
        "accuracy train": 0.95,
        "solve_status": "FEASIBLE",
        "mean-error": 0.14631578947368407,
        "random_error": 0.24924736842105266,
        "solve_duration_time": 10824.473052978516
    }
}