{
    "values": {
        "n_trees": 10,
        "max_depth": 4,
        "real_max_depth": 4,
        "seed": 2,
        "accuracy test": 0.8,
        "accuracy train": 0.85,
        "solve_status": "OPTIMAL",
        "mean-error": 0.10578947368421045,
        "random_error": 0.2533105263157894,
        "solve_duration_time": 3.80143666267395
    }
}