{
    "values": {
        "n_trees": 30,
        "max_depth": 4,
        "real_max_depth": 4,
        "seed": 2,
        "accuracy test": 0.79,
        "accuracy train": 0.87,
        "solve_status": "OPTIMAL",
        "mean-error": 0.07736842105263154,
        "random_error": 0.2533105263157894,
        "solve_duration_time": 12.833208322525024
    }
}