{
    "values": {
        "n_trees": 50,
        "max_depth": 10,
        "real_max_depth": 10,
        "seed": 3,
        "accuracy test": 0.7835714285714286,
        "accuracy train": 0.94,
        "solve_status": "FEASIBLE",
        "mean-error": 0.08789473684210526,
        "random_error": 0.2520631578947368,
        "solve_duration_time": 10901.380072832108
    }
}