{
    "values": {
        "n_trees": 100,
        "max_depth": 5,
        "real_max_depth": 5,
        "seed": 2,
        "accuracy test": 0.7821428571428571,
        "accuracy train": 0.88,
        "solve_status": "OPTIMAL",
        "mean-error": 0.005789473684210527,
        "random_error": 0.2533105263157894,
        "solve_duration_time": 201.19632577896118
    }
}