{
    "values": {
        "n_trees": 40,
        "max_depth": 2,
        "real_max_depth": 2,
        "seed": 4,
        "accuracy test": 0.7585714285714286,
        "accuracy train": 0.8,
        "solve_status": "FEASIBLE",
        "mean-error": 0.15052631578947354,
        "random_error": 0.24924736842105266,
        "solve_duration_time": 10821.75136590004
    }
}