{
    "values": {
        "n_trees": 30,
        "max_depth": 3,
        "real_max_depth": 3,
        "seed": 1,
        "accuracy test": 0.795,
        "accuracy train": 0.83,
        "solve_status": "FEASIBLE",
        "mean-error": 0.15421052631578938,
        "random_error": 0.2537315789473685,
        "solve_duration_time": 10822.160077095032
    }
}