{
    "values": {
        "n_trees": 20,
        "max_depth": 5,
        "real_max_depth": 5,
        "seed": 1,
        "accuracy test": 0.7642857142857142,
        "accuracy train": 0.91,
        "solve_status": "OPTIMAL",
        "mean-error": 0.026842105263157903,
        "random_error": 0.2537315789473685,
        "solve_duration_time": 21.601919651031494
    }
}