{
    "values": {
        "n_trees": 5,
        "max_depth": null,
        "real_max_depth": 13,
        "seed": 4,
        "accuracy test": 0.7621428571428571,
        "accuracy train": 0.99,
        "solve_status": "OPTIMAL",
        "mean-error": 0.06999999999999998,
        "random_error": 0.24924736842105266,
        "solve_duration_time": 5.915839433670044
    }
}