{
    "values": {
        "n_trees": 20,
        "max_depth": 4,
        "real_max_depth": 4,
        "seed": 2,
        "accuracy test": 0.7978571428571428,
        "accuracy train": 0.81,
        "solve_status": "FEASIBLE",
        "mean-error": 0.12105263157894729,
        "random_error": 0.2533105263157894,
        "solve_duration_time": 10816.430819511414
    }
}