{
    "values": {
        "n_trees": 30,
        "max_depth": 4,
        "real_max_depth": 4,
        "seed": 4,
        "accuracy test": 0.7857142857142857,
        "accuracy train": 0.89,
        "solve_status": "FEASIBLE",
        "mean-error": 0.14473684210526308,
        "random_error": 0.24924736842105266,
        "solve_duration_time": 10821.0433883667
    }
}