{
    "values": {
        "n_trees": 1,
        "max_depth": 10,
        "real_max_depth": 9,
        "seed": 0,
        "accuracy test": 0.6835714285714286,
        "accuracy train": 0.85,
        "solve_status": "FEASIBLE",
        "mean-error": 0.19789473684210518,
        "random_error": 0.2545052631578947,
        "solve_duration_time": 10802.535415649414
    }
}