{
    "values": {
        "n_trees": 40,
        "max_depth": 5,
        "real_max_depth": 5,
        "seed": 1,
        "accuracy test": 0.7542857142857143,
        "accuracy train": 0.91,
        "solve_status": "OPTIMAL",
        "mean-error": 0.0036842105263157894,
        "random_error": 0.2537315789473685,
        "solve_duration_time": 41.97250938415527
    }
}