{
    "values": {
        "n_trees": 70,
        "max_depth": 3,
        "real_max_depth": 3,
        "seed": 1,
        "accuracy test": 0.785,
        "accuracy train": 0.85,
        "solve_status": "OPTIMAL",
        "mean-error": 0.04578947368421054,
        "random_error": 0.2537315789473685,
        "solve_duration_time": 50.71295428276062
    }
}