{
    "values": {
        "n_trees": 30,
        "max_depth": 2,
        "real_max_depth": 2,
        "seed": 2,
        "accuracy test": 0.7807142857142857,
        "accuracy train": 0.76,
        "solve_status": "OPTIMAL",
        "mean-error": 0.14631578947368407,
        "random_error": 0.2533105263157894,
        "solve_duration_time": 3.8683226108551025
    }
}