{
    "values": {
        "n_trees": 30,
        "max_depth": 4,
        "real_max_depth": 4,
        "seed": 3,
        "accuracy test": 0.7871428571428571,
        "accuracy train": 0.89,
        "solve_status": "OPTIMAL",
        "mean-error": 0.05263157894736842,
        "random_error": 0.2520631578947368,
        "solve_duration_time": 58.23763704299927
    }
}