{
    "values": {
        "n_trees": 20,
        "max_depth": null,
        "real_max_depth": 16,
        "seed": 3,
        "accuracy test": 0.7757142857142857,
        "accuracy train": 0.94,
        "solve_status": "OPTIMAL",
        "mean-error": 0.0131578947368421,
        "random_error": 0.2520631578947368,
        "solve_duration_time": 46.254417419433594
    }
}