{
    "values": {
        "n_trees": 1,
        "max_depth": 5,
        "real_max_depth": 5,
        "seed": 2,
        "accuracy test": 0.7842857142857143,
        "accuracy train": 0.82,
        "solve_status": "FEASIBLE",
        "mean-error": 0.24210526315789457,
        "random_error": 0.2533105263157894,
        "solve_duration_time": 10801.287676334381
    }
}