{
    "values": {
        "n_trees": 20,
        "max_depth": 5,
        "real_max_depth": 5,
        "seed": 0,
        "accuracy test": 0.7771428571428571,
        "accuracy train": 0.92,
        "solve_status": "FEASIBLE",
        "mean-error": 0.11736842105263147,
        "random_error": 0.2545052631578947,
        "solve_duration_time": 10818.926617383957
    }
}