{
    "values": {
        "n_trees": 20,
        "max_depth": null,
        "real_max_depth": 15,
        "seed": 0,
        "accuracy test": 0.7542857142857143,
        "accuracy train": 0.96,
        "solve_status": "OPTIMAL",
        "mean-error": 0.004210526315789474,
        "random_error": 0.2545052631578947,
        "solve_duration_time": 47.521384954452515
    }
}