{
    "values": {
        "n_trees": 10,
        "max_depth": null,
        "real_max_depth": 16,
        "seed": 3,
        "accuracy test": 0.7742857142857142,
        "accuracy train": 0.94,
        "solve_status": "OPTIMAL",
        "mean-error": 0.051052631578947356,
        "random_error": 0.2520631578947368,
        "solve_duration_time": 25.32434916496277
    }
}