{
    "values": {
        "n_trees": 10,
        "max_depth": 5,
        "real_max_depth": 5,
        "seed": 1,
        "accuracy test": 0.7678571428571429,
        "accuracy train": 0.9,
        "solve_status": "OPTIMAL",
        "mean-error": 0.047368421052631574,
        "random_error": 0.2537315789473685,
        "solve_duration_time": 6.0788397789001465
    }
}