{
    "values": {
        "n_trees": 10,
        "max_depth": null,
        "real_max_depth": 15,
        "seed": 0,
        "accuracy test": 0.7535714285714286,
        "accuracy train": 0.96,
        "solve_status": "OPTIMAL",
        "mean-error": 0.03315789473684211,
        "random_error": 0.2545052631578947,
        "solve_duration_time": 272.90639209747314
    }
}