{
    "values": {
        "n_trees": 50,
        "max_depth": null,
        "real_max_depth": 14,
        "seed": 3,
        "accuracy test": 0.7864285714285715,
        "accuracy train": 0.94,
        "solve_status": "FEASIBLE",
        "mean-error": 0.08315789473684208,
        "random_error": 0.2520631578947368,
        "solve_duration_time": 10877.576962709427
    }
}