{
    "values": {
        "n_trees": 20,
        "max_depth": 2,
        "real_max_depth": 2,
        "seed": 3,
        "accuracy test": 0.7671428571428571,
        "accuracy train": 0.8,
        "solve_status": "FEASIBLE",
        "mean-error": 0.16421052631578942,
        "random_error": 0.2520631578947368,
        "solve_duration_time": 10807.096688508987
    }
}