{
    "values": {
        "n_trees": 10,
        "max_depth": 4,
        "real_max_depth": 4,
        "seed": 0,
        "accuracy test": 0.7878571428571428,
        "accuracy train": 0.89,
        "solve_status": "OPTIMAL",
        "mean-error": 0.12157894736842094,
        "random_error": 0.2545052631578947,
        "solve_duration_time": 3.103184461593628
    }
}