{
    "values": {
        "n_trees": 5,
        "max_depth": 3,
        "real_max_depth": 3,
        "seed": 1,
        "accuracy test": 0.7778571428571428,
        "accuracy train": 0.82,
        "solve_status": "FEASIBLE",
        "mean-error": 0.16473684210526304,
        "random_error": 0.2537315789473685,
        "solve_duration_time": 10803.301518201828
    }
}