{
    "values": {
        "n_trees": 50,
        "max_depth": 4,
        "real_max_depth": 4,
        "seed": 0,
        "accuracy test": 0.7721428571428571,
        "accuracy train": 0.9,
        "solve_status": "FEASIBLE",
        "mean-error": 0.12894736842105262,
        "random_error": 0.2545052631578947,
        "solve_duration_time": 10855.186986207962
    }
}