{
    "values": {
        "n_trees": 40,
        "max_depth": 3,
        "real_max_depth": 3,
        "seed": 3,
        "accuracy test": 0.7821428571428571,
        "accuracy train": 0.87,
        "solve_status": "OPTIMAL",
        "mean-error": 0.08578947368421053,
        "random_error": 0.2520631578947368,
        "solve_duration_time": 6.046689033508301
    }
}