{
    "values": {
        "n_trees": 50,
        "max_depth": 5,
        "real_max_depth": 5,
        "seed": 0,
        "accuracy test": 0.7735714285714286,
        "accuracy train": 0.92,
        "solve_status": "FEASIBLE",
        "mean-error": 0.11736842105263151,
        "random_error": 0.2545052631578947,
        "solve_duration_time": 10865.668545722961
    }
}