{
    "values": {
        "n_trees": 5,
        "max_depth": 3,
        "real_max_depth": 3,
        "seed": 4,
        "accuracy test": 0.7642857142857142,
        "accuracy train": 0.83,
        "solve_status": "OPTIMAL",
        "mean-error": 0.16526315789473678,
        "random_error": 0.24924736842105266,
        "solve_duration_time": 1.3017988204956055
    }
}