{
    "values": {
        "n_trees": 70,
        "max_depth": 4,
        "real_max_depth": 4,
        "seed": 2,
        "accuracy test": 0.795,
        "accuracy train": 0.86,
        "solve_status": "FEASIBLE",
        "mean-error": 0.11894736842105258,
        "random_error": 0.2533105263157894,
        "solve_duration_time": 10873.66814494133
    }
}