{
    "values": {
        "n_trees": 20,
        "max_depth": 2,
        "real_max_depth": 2,
        "seed": 2,
        "accuracy test": 0.7707142857142857,
        "accuracy train": 0.76,
        "solve_status": "FEASIBLE",
        "mean-error": 0.1515789473684209,
        "random_error": 0.2533105263157894,
        "solve_duration_time": 10808.986748456955
    }
}