{
    "values": {
        "n_trees": 70,
        "max_depth": 3,
        "real_max_depth": 3,
        "seed": 0,
        "accuracy test": 0.7785714285714286,
        "accuracy train": 0.87,
        "solve_status": "OPTIMAL",
        "mean-error": 0.04947368421052633,
        "random_error": 0.2545052631578947,
        "solve_duration_time": 23.43593168258667
    }
}