{
    "values": {
        "n_trees": 80,
        "max_depth": null,
        "real_max_depth": 15,
        "seed": 2,
        "accuracy test": 0.7742857142857142,
        "accuracy train": 0.97,
        "solve_status": "FEASIBLE",
        "mean-error": 0.06947368421052631,
        "random_error": 0.2533105263157894,
        "solve_duration_time": 10949.398047447205
    }
}