{
    "values": {
        "n_trees": 40,
        "max_depth": 3,
        "real_max_depth": 3,
        "seed": 0,
        "accuracy test": 0.7742857142857142,
        "accuracy train": 0.86,
        "solve_status": "FEASIBLE",
        "mean-error": 0.1368421052631578,
        "random_error": 0.2545052631578947,
        "solve_duration_time": 10823.659820079803
    }
}