{
    "values": {
        "n_trees": 40,
        "max_depth": 4,
        "real_max_depth": 4,
        "seed": 4,
        "accuracy test": 0.78,
        "accuracy train": 0.86,
        "solve_status": "FEASIBLE",
        "mean-error": 0.13263157894736832,
        "random_error": 0.24924736842105266,
        "solve_duration_time": 10826.743932008743
    }
}