{
    "values": {
        "n_trees": 80,
        "max_depth": 5,
        "real_max_depth": 5,
        "seed": 0,
        "accuracy test": 0.7785714285714286,
        "accuracy train": 0.93,
        "solve_status": "OPTIMAL",
        "mean-error": 0.0015789473684210526,
        "random_error": 0.2545052631578947,
        "solve_duration_time": 749.6590766906738
    }
}