{
    "values": {
        "n_trees": 60,
        "max_depth": 5,
        "real_max_depth": 5,
        "seed": 1,
        "accuracy test": 0.7628571428571429,
        "accuracy train": 0.89,
        "solve_status": "FEASIBLE",
        "mean-error": 0.11210526315789475,
        "random_error": 0.2537315789473685,
        "solve_duration_time": 10884.083231210709
    }
}