{
    "values": {
        "n_trees": 100,
        "max_depth": 5,
        "real_max_depth": 5,
        "seed": 2,
        "accuracy test": 0.7828571428571428,
        "accuracy train": 0.88,
        "solve_status": "FEASIBLE",
        "mean-error": 0.09842105263157888,
        "random_error": 0.2533105263157894,
        "solve_duration_time": 10910.272104740143
    }
}