{
    "values": {
        "n_trees": 1,
        "max_depth": 3,
        "real_max_depth": 3,
        "seed": 3,
        "accuracy test": 0.7728571428571429,
        "accuracy train": 0.87,
        "solve_status": "FEASIBLE",
        "mean-error": 0.2536842105263156,
        "random_error": 0.2520631578947368,
        "solve_duration_time": 10800.784310102463
    }
}