{
    "values": {
        "n_trees": 1,
        "max_depth": 2,
        "real_max_depth": 2,
        "seed": 3,
        "accuracy test": 0.7557142857142857,
        "accuracy train": 0.83,
        "solve_status": "FEASIBLE",
        "mean-error": 0.2642105263157893,
        "random_error": 0.2520631578947368,
        "solve_duration_time": 10800.713158130646
    }
}