{
    "values": {
        "n_trees": 50,
        "max_depth": 10,
        "real_max_depth": 10,
        "seed": 2,
        "accuracy test": 0.78,
        "accuracy train": 0.97,
        "solve_status": "FEASIBLE",
        "mean-error": 0.07368421052631582,
        "random_error": 0.2533105263157894,
        "solve_duration_time": 10923.100490808487
    }
}