{
    "values": {
        "n_trees": 60,
        "max_depth": null,
        "real_max_depth": 15,
        "seed": 4,
        "accuracy test": 0.7857142857142857,
        "accuracy train": 0.99,
        "solve_status": "OPTIMAL",
        "mean-error": 0.002105263157894737,
        "random_error": 0.24924736842105266,
        "solve_duration_time": 100.46620154380798
    }
}