{
    "values": {
        "n_trees": 20,
        "max_depth": 5,
        "real_max_depth": 5,
        "seed": 4,
        "accuracy test": 0.7885714285714286,
        "accuracy train": 0.96,
        "solve_status": "OPTIMAL",
        "mean-error": 0.07105263157894737,
        "random_error": 0.24924736842105266,
        "solve_duration_time": 80.74451494216919
    }
}