{
    "values": {
        "n_trees": 90,
        "max_depth": null,
        "real_max_depth": 15,
        "seed": 2,
        "accuracy test": 0.7728571428571429,
        "accuracy train": 0.97,
        "solve_status": "UNKNOWN",
        "mean-error": 0.2533105263157894,
        "random_error": 0.2533105263157894,
        "solve_duration_time": 18238.949246644974
    }
}