{
    "values": {
        "n_trees": 90,
        "max_depth": 3,
        "real_max_depth": 3,
        "seed": 1,
        "accuracy test": 0.7835714285714286,
        "accuracy train": 0.85,
        "solve_status": "OPTIMAL",
        "mean-error": 0.04000000000000003,
        "random_error": 0.2537315789473685,
        "solve_duration_time": 44.17604970932007
    }
}