{
    "values": {
        "n_trees": 90,
        "max_depth": 5,
        "real_max_depth": 5,
        "seed": 4,
        "accuracy test": 0.795,
        "accuracy train": 0.95,
        "solve_status": "FEASIBLE",
        "mean-error": 0.12736842105263146,
        "random_error": 0.24924736842105266,
        "solve_duration_time": 10911.532993555069
    }
}