{
    "values": {
        "n_trees": 20,
        "max_depth": 10,
        "real_max_depth": 10,
        "seed": 1,
        "accuracy test": 0.7121428571428572,
        "accuracy train": 0.95,
        "solve_status": "FEASIBLE",
        "mean-error": 0.09315789473684206,
        "random_error": 0.2537315789473685,
        "solve_duration_time": 10851.960108280182
    }
}