{
    "values": {
        "n_trees": 30,
        "max_depth": 10,
        "real_max_depth": 10,
        "seed": 2,
        "accuracy test": 0.7814285714285715,
        "accuracy train": 0.97,
        "solve_status": "FEASIBLE",
        "mean-error": 0.07421052631578949,
        "random_error": 0.2533105263157894,
        "solve_duration_time": 10852.753819465637
    }
}