{
    "values": {
        "n_trees": 30,
        "max_depth": 5,
        "real_max_depth": 5,
        "seed": 3,
        "accuracy test": 0.785,
        "accuracy train": 0.92,
        "solve_status": "OPTIMAL",
        "mean-error": 0.058947368421052665,
        "random_error": 0.2520631578947368,
        "solve_duration_time": 55.46245884895325
    }
}