{
    "values": {
        "n_trees": 40,
        "max_depth": 5,
        "real_max_depth": 5,
        "seed": 2,
        "accuracy test": 0.7785714285714286,
        "accuracy train": 0.88,
        "solve_status": "FEASIBLE",
        "mean-error": 0.11368421052631572,
        "random_error": 0.2533105263157894,
        "solve_duration_time": 10837.865237474442
    }
}