{
    "values": {
        "n_trees": 20,
        "max_depth": 10,
        "real_max_depth": 10,
        "seed": 2,
        "accuracy test": 0.7828571428571428,
        "accuracy train": 0.97,
        "solve_status": "FEASIBLE",
        "mean-error": 0.08157894736842104,
        "random_error": 0.2533105263157894,
        "solve_duration_time": 10833.394978761673
    }
}