{
    "values": {
        "n_trees": 70,
        "max_depth": null,
        "real_max_depth": 14,
        "seed": 0,
        "accuracy test": 0.7592857142857142,
        "accuracy train": 0.96,
        "solve_status": "FEASIBLE",
        "mean-error": 0.08210526315789474,
        "random_error": 0.2545052631578947,
        "solve_duration_time": 10909.1799325943
    }
}