{
    "values": {
        "n_trees": 20,
        "max_depth": 3,
        "real_max_depth": 3,
        "seed": 1,
        "accuracy test": 0.7792857142857142,
        "accuracy train": 0.85,
        "solve_status": "FEASIBLE",
        "mean-error": 0.14210526315789462,
        "random_error": 0.2537315789473685,
        "solve_duration_time": 10814.94300031662
    }
}