{
    "values": {
        "n_trees": 50,
        "max_depth": 5,
        "real_max_depth": 5,
        "seed": 4,
        "accuracy test": 0.7907142857142857,
        "accuracy train": 0.97,
        "solve_status": "OPTIMAL",
        "mean-error": 0.024736842105263165,
        "random_error": 0.24924736842105266,
        "solve_duration_time": 575.6654477119446
    }
}