{
    "values": {
        "n_trees": 60,
        "max_depth": 10,
        "real_max_depth": 10,
        "seed": 1,
        "accuracy test": 0.7292857142857143,
        "accuracy train": 0.96,
        "solve_status": "FEASIBLE",
        "mean-error": 0.07578947368421053,
        "random_error": 0.2537315789473685,
        "solve_duration_time": 10952.883264064789
    }
}