{
    "values": {
        "n_trees": 80,
        "max_depth": null,
        "real_max_depth": 16,
        "seed": 3,
        "accuracy test": 0.7742857142857142,
        "accuracy train": 0.94,
        "solve_status": "OPTIMAL",
        "mean-error": 0.002105263157894737,
        "random_error": 0.2520631578947368,
        "solve_duration_time": 119.2368414402008
    }
}