{
    "values": {
        "n_trees": 60,
        "max_depth": 4,
        "real_max_depth": 4,
        "seed": 1,
        "accuracy test": 0.77,
        "accuracy train": 0.89,
        "solve_status": "OPTIMAL",
        "mean-error": 0.014210526315789467,
        "random_error": 0.2537315789473685,
        "solve_duration_time": 51.728071451187134
    }
}