{
    "values": {
        "n_trees": 1,
        "max_depth": 5,
        "real_max_depth": 5,
        "seed": 3,
        "accuracy test": 0.7628571428571429,
        "accuracy train": 0.89,
        "solve_status": "FEASIBLE",
        "mean-error": 0.18842105263157893,
        "random_error": 0.2520631578947368,
        "solve_duration_time": 10801.404923915863
    }
}