{
    "values": {
        "n_trees": 5,
        "max_depth": null,
        "real_max_depth": 14,
        "seed": 2,
        "accuracy test": 0.7735714285714286,
        "accuracy train": 0.97,
        "solve_status": "OPTIMAL",
        "mean-error": 0.07842105263157893,
        "random_error": 0.2533105263157894,
        "solve_duration_time": 7.404560565948486
    }
}