{
    "values": {
        "n_trees": 50,
        "max_depth": 2,
        "real_max_depth": 2,
        "seed": 4,
        "accuracy test": 0.7578571428571429,
        "accuracy train": 0.8,
        "solve_status": "FEASIBLE",
        "mean-error": 0.1699999999999999,
        "random_error": 0.24924736842105266,
        "solve_duration_time": 10818.81771183014
    }
}