{
    "values": {
        "n_trees": 5,
        "max_depth": 2,
        "real_max_depth": 2,
        "seed": 4,
        "accuracy test": 0.7692857142857142,
        "accuracy train": 0.82,
        "solve_status": "FEASIBLE",
        "mean-error": 0.20999999999999996,
        "random_error": 0.24924736842105266,
        "solve_duration_time": 10802.406492710114
    }
}