{
    "values": {
        "n_trees": 10,
        "max_depth": 3,
        "real_max_depth": 3,
        "seed": 4,
        "accuracy test": 0.7785714285714286,
        "accuracy train": 0.84,
        "solve_status": "FEASIBLE",
        "mean-error": 0.17947368421052626,
        "random_error": 0.24924736842105266,
        "solve_duration_time": 10807.607589006424
    }
}