{
    "values": {
        "n_trees": 40,
        "max_depth": 5,
        "real_max_depth": 5,
        "seed": 3,
        "accuracy test": 0.7864285714285715,
        "accuracy train": 0.92,
        "solve_status": "OPTIMAL",
        "mean-error": 0.051052631578947336,
        "random_error": 0.2520631578947368,
        "solve_duration_time": 246.99230003356934
    }
}