{
    "values": {
        "n_trees": 60,
        "max_depth": 5,
        "real_max_depth": 5,
        "seed": 3,
        "accuracy test": 0.7864285714285715,
        "accuracy train": 0.9,
        "solve_status": "FEASIBLE",
        "mean-error": 0.1142105263157894,
        "random_error": 0.2520631578947368,
        "solve_duration_time": 10849.772546768188
    }
}