{
    "values": {
        "n_trees": 10,
        "max_depth": 5,
        "real_max_depth": 5,
        "seed": 0,
        "accuracy test": 0.7857142857142857,
        "accuracy train": 0.92,
        "solve_status": "OPTIMAL",
        "mean-error": 0.07526315789473685,
        "random_error": 0.2545052631578947,
        "solve_duration_time": 20.653250217437744
    }
}