{
    "values": {
        "n_trees": 100,
        "max_depth": 3,
        "real_max_depth": 3,
        "seed": 3,
        "accuracy test": 0.785,
        "accuracy train": 0.85,
        "solve_status": "FEASIBLE",
        "mean-error": 0.14999999999999994,
        "random_error": 0.2520631578947368,
        "solve_duration_time": 10849.964686870575
    }
}