{
    "values": {
        "n_trees": 60,
        "max_depth": 2,
        "real_max_depth": 2,
        "seed": 0,
        "accuracy test": 0.765,
        "accuracy train": 0.81,
        "solve_status": "FEASIBLE",
        "mean-error": 0.15473684210526303,
        "random_error": 0.2545052631578947,
        "solve_duration_time": 10833.789895534515
    }
}