{
    "values": {
        "n_trees": 70,
        "max_depth": 5,
        "real_max_depth": 5,
        "seed": 4,
        "accuracy test": 0.7971428571428572,
        "accuracy train": 0.95,
        "solve_status": "FEASIBLE",
        "mean-error": 0.12315789473684209,
        "random_error": 0.24924736842105266,
        "solve_duration_time": 10887.166339159012
    }
}