{
    "values": {
        "n_trees": 80,
        "max_depth": 3,
        "real_max_depth": 3,
        "seed": 4,
        "accuracy test": 0.7792857142857142,
        "accuracy train": 0.83,
        "solve_status": "OPTIMAL",
        "mean-error": 0.06894736842105265,
        "random_error": 0.24924736842105266,
        "solve_duration_time": 42.75829577445984
    }
}