{
    "values": {
        "n_trees": 70,
        "max_depth": 3,
        "real_max_depth": 3,
        "seed": 2,
        "accuracy test": 0.7878571428571428,
        "accuracy train": 0.79,
        "solve_status": "FEASIBLE",
        "mean-error": 0.1473684210526315,
        "random_error": 0.2533105263157894,
        "solve_duration_time": 10853.02485871315
    }
}