{
    "values": {
        "n_trees": 50,
        "max_depth": 3,
        "real_max_depth": 3,
        "seed": 4,
        "accuracy test": 0.7735714285714286,
        "accuracy train": 0.81,
        "solve_status": "FEASIBLE",
        "mean-error": 0.1536842105263157,
        "random_error": 0.24924736842105266,
        "solve_duration_time": 10828.394900798798
    }
}