{
    "values": {
        "n_trees": 70,
        "max_depth": 3,
        "real_max_depth": 3,
        "seed": 4,
        "accuracy test": 0.7771428571428571,
        "accuracy train": 0.82,
        "solve_status": "FEASIBLE",
        "mean-error": 0.1436842105263157,
        "random_error": 0.24924736842105266,
        "solve_duration_time": 10853.85564994812
    }
}