{
    "values": {
        "n_trees": 50,
        "max_depth": 2,
        "real_max_depth": 2,
        "seed": 3,
        "accuracy test": 0.7778571428571428,
        "accuracy train": 0.83,
        "solve_status": "FEASIBLE",
        "mean-error": 0.16894736842105254,
        "random_error": 0.2520631578947368,
        "solve_duration_time": 10827.136127233505
    }
}