{
    "values": {
        "n_trees": 60,
        "max_depth": 4,
        "real_max_depth": 4,
        "seed": 4,
        "accuracy test": 0.7878571428571428,
        "accuracy train": 0.91,
        "solve_status": "OPTIMAL",
        "mean-error": 0.037894736842105294,
        "random_error": 0.24924736842105266,
        "solve_duration_time": 77.7629964351654
    }
}