{
    "values": {
        "n_trees": 60,
        "max_depth": 10,
        "real_max_depth": 10,
        "seed": 4,
        "accuracy test": 0.7921428571428571,
        "accuracy train": 0.99,
        "solve_status": "OPTIMAL",
        "mean-error": 0.0010526315789473684,
        "random_error": 0.24924736842105266,
        "solve_duration_time": 172.84071278572083
    }
}