{
    "values": {
        "n_trees": 30,
        "max_depth": null,
        "real_max_depth": 16,
        "seed": 3,
        "accuracy test": 0.7721428571428571,
        "accuracy train": 0.94,
        "solve_status": "OPTIMAL",
        "mean-error": 0.00736842105263158,
        "random_error": 0.2520631578947368,
        "solve_duration_time": 170.5751655101776
    }
}