{
    "values": {
        "n_trees": 1,
        "max_depth": 5,
        "real_max_depth": 5,
        "seed": 0,
        "accuracy test": 0.795,
        "accuracy train": 0.89,
        "solve_status": "OPTIMAL",
        "mean-error": 0.23789473684210513,
        "random_error": 0.2545052631578947,
        "solve_duration_time": 0.3901662826538086
    }
}