{
    "values": {
        "n_trees": 80,
        "max_depth": 3,
        "real_max_depth": 3,
        "seed": 1,
        "accuracy test": 0.7871428571428571,
        "accuracy train": 0.85,
        "solve_status": "OPTIMAL",
        "mean-error": 0.04105263157894738,
        "random_error": 0.2537315789473685,
        "solve_duration_time": 26.338919639587402
    }
}