{
    "values": {
        "n_trees": 20,
        "max_depth": 3,
        "real_max_depth": 3,
        "seed": 4,
        "accuracy test": 0.7621428571428571,
        "accuracy train": 0.83,
        "solve_status": "OPTIMAL",
        "mean-error": 0.0884210526315789,
        "random_error": 0.24924736842105266,
        "solve_duration_time": 4.675379037857056
    }
}