{
    "values": {
        "n_trees": 10,
        "max_depth": 10,
        "real_max_depth": 10,
        "seed": 4,
        "accuracy test": 0.7678571428571429,
        "accuracy train": 0.99,
        "solve_status": "OPTIMAL",
        "mean-error": 0.045263157894736825,
        "random_error": 0.24924736842105266,
        "solve_duration_time": 24.83302903175354
    }
}