{
    "values": {
        "n_trees": 90,
        "max_depth": 4,
        "real_max_depth": 4,
        "seed": 0,
        "accuracy test": 0.7828571428571428,
        "accuracy train": 0.91,
        "solve_status": "OPTIMAL",
        "mean-error": 0.009999999999999998,
        "random_error": 0.2545052631578947,
        "solve_duration_time": 721.877140045166
    }
}