{
    "values": {
        "n_trees": 30,
        "max_depth": 3,
        "real_max_depth": 3,
        "seed": 4,
        "accuracy test": 0.7764285714285715,
        "accuracy train": 0.84,
        "solve_status": "FEASIBLE",
        "mean-error": 0.15684210526315784,
        "random_error": 0.24924736842105266,
        "solve_duration_time": 10816.750233650208
    }
}