{
    "values": {
        "n_trees": 70,
        "max_depth": 2,
        "real_max_depth": 2,
        "seed": 2,
        "accuracy test": 0.7757142857142857,
        "accuracy train": 0.77,
        "solve_status": "FEASIBLE",
        "mean-error": 0.1731578947368421,
        "random_error": 0.2533105263157894,
        "solve_duration_time": 10839.461345434189
    }
}