{
    "values": {
        "n_trees": 20,
        "max_depth": 10,
        "real_max_depth": 10,
        "seed": 0,
        "accuracy test": 0.7714285714285715,
        "accuracy train": 0.96,
        "solve_status": "FEASIBLE",
        "mean-error": 0.09526315789473683,
        "random_error": 0.2545052631578947,
        "solve_duration_time": 10845.777384757996
    }
}