{
    "values": {
        "n_trees": 90,
        "max_depth": null,
        "real_max_depth": 15,
        "seed": 0,
        "accuracy test": 0.7757142857142857,
        "accuracy train": 0.96,
        "solve_status": "OPTIMAL",
        "mean-error": 0.002105263157894737,
        "random_error": 0.2545052631578947,
        "solve_duration_time": 114.40599274635315
    }
}