{
    "values": {
        "n_trees": 5,
        "max_depth": null,
        "real_max_depth": 11,
        "seed": 3,
        "accuracy test": 0.7514285714285714,
        "accuracy train": 0.93,
        "solve_status": "FEASIBLE",
        "mean-error": 0.13210526315789467,
        "random_error": 0.2520631578947368,
        "solve_duration_time": 10807.182254076004
    }
}