{
    "values": {
        "n_trees": 1,
        "max_depth": 3,
        "real_max_depth": 3,
        "seed": 2,
        "accuracy test": 0.7707142857142857,
        "accuracy train": 0.8,
        "solve_status": "OPTIMAL",
        "mean-error": 0.20736842105263142,
        "random_error": 0.2533105263157894,
        "solve_duration_time": 0.2609257698059082
    }
}