{
    "values": {
        "n_trees": 70,
        "max_depth": 3,
        "real_max_depth": 3,
        "seed": 3,
        "accuracy test": 0.7835714285714286,
        "accuracy train": 0.86,
        "solve_status": "OPTIMAL",
        "mean-error": 0.0663157894736842,
        "random_error": 0.2520631578947368,
        "solve_duration_time": 12.243929386138916
    }
}