{
    "values": {
        "n_trees": 70,
        "max_depth": 4,
        "real_max_depth": 4,
        "seed": 0,
        "accuracy test": 0.7771428571428571,
        "accuracy train": 0.9,
        "solve_status": "FEASIBLE",
        "mean-error": 0.12421052631578941,
        "random_error": 0.2545052631578947,
        "solve_duration_time": 10852.842163324356
    }
}