{
    "values": {
        "n_trees": 90,
        "max_depth": null,
        "real_max_depth": 16,
        "seed": 3,
        "accuracy test": 0.775,
        "accuracy train": 0.94,
        "solve_status": "OPTIMAL",
        "mean-error": 0.0005263157894736842,
        "random_error": 0.2520631578947368,
        "solve_duration_time": 1655.435533285141
    }
}