{
    "values": {
        "n_trees": 50,
        "max_depth": 4,
        "real_max_depth": 4,
        "seed": 2,
        "accuracy test": 0.7864285714285715,
        "accuracy train": 0.86,
        "solve_status": "OPTIMAL",
        "mean-error": 0.06578947368421052,
        "random_error": 0.2533105263157894,
        "solve_duration_time": 37.68031620979309
    }
}