{
    "values": {
        "n_trees": 80,
        "max_depth": 4,
        "real_max_depth": 4,
        "seed": 2,
        "accuracy test": 0.7935714285714286,
        "accuracy train": 0.87,
        "solve_status": "FEASIBLE",
        "mean-error": 0.1257894736842104,
        "random_error": 0.2533105263157894,
        "solve_duration_time": 10880.616597652435
    }
}