{
    "values": {
        "n_trees": 70,
        "max_depth": 3,
        "real_max_depth": 3,
        "seed": 4,
        "accuracy test": 0.7785714285714286,
        "accuracy train": 0.83,
        "solve_status": "OPTIMAL",
        "mean-error": 0.062105263157894754,
        "random_error": 0.24924736842105266,
        "solve_duration_time": 2516.8538897037506
    }
}