{
    "values": {
        "n_trees": 1,
        "max_depth": 10,
        "real_max_depth": 10,
        "seed": 4,
        "accuracy test": 0.7485714285714286,
        "accuracy train": 0.97,
        "solve_status": "OPTIMAL",
        "mean-error": 0.23157894736842102,
        "random_error": 0.24924736842105266,
        "solve_duration_time": 0.7580325603485107
    }
}