{
    "values": {
        "n_trees": 10,
        "max_depth": 2,
        "real_max_depth": 2,
        "seed": 0,
        "accuracy test": 0.7714285714285715,
        "accuracy train": 0.84,
        "solve_status": "FEASIBLE",
        "mean-error": 0.20631578947368417,
        "random_error": 0.2545052631578947,
        "solve_duration_time": 10805.714433193207
    }
}