{
    "values": {
        "n_trees": 100,
        "max_depth": 4,
        "real_max_depth": 4,
        "seed": 2,
        "accuracy test": 0.7864285714285715,
        "accuracy train": 0.87,
        "solve_status": "OPTIMAL",
        "mean-error": 0.017894736842105255,
        "random_error": 0.2533105263157894,
        "solve_duration_time": 1757.3626182079315
    }
}