{
    "values": {
        "n_trees": 30,
        "max_depth": 5,
        "real_max_depth": 5,
        "seed": 0,
        "accuracy test": 0.7842857142857143,
        "accuracy train": 0.92,
        "solve_status": "OPTIMAL",
        "mean-error": 0.03157894736842107,
        "random_error": 0.2545052631578947,
        "solve_duration_time": 2183.298225402832
    }
}