{
    "values": {
        "n_trees": 5,
        "max_depth": 10,
        "real_max_depth": 10,
        "seed": 1,
        "accuracy test": 0.7071428571428572,
        "accuracy train": 0.96,
        "solve_status": "OPTIMAL",
        "mean-error": 0.0536842105263158,
        "random_error": 0.2537315789473685,
        "solve_duration_time": 6.027209281921387
    }
}