{
    "values": {
        "n_trees": 90,
        "max_depth": 2,
        "real_max_depth": 2,
        "seed": 0,
        "accuracy test": 0.765,
        "accuracy train": 0.82,
        "solve_status": "OPTIMAL",
        "mean-error": 0.07421052631578948,
        "random_error": 0.2545052631578947,
        "solve_duration_time": 39.84630870819092
    }
}