{
    "values": {
        "n_trees": 40,
        "max_depth": 4,
        "real_max_depth": 4,
        "seed": 2,
        "accuracy test": 0.7942857142857143,
        "accuracy train": 0.87,
        "solve_status": "OPTIMAL",
        "mean-error": 0.06894736842105263,
        "random_error": 0.2533105263157894,
        "solve_duration_time": 23.117627143859863
    }
}