{
    "values": {
        "n_trees": 30,
        "max_depth": 3,
        "real_max_depth": 3,
        "seed": 2,
        "accuracy test": 0.7914285714285715,
        "accuracy train": 0.79,
        "solve_status": "FEASIBLE",
        "mean-error": 0.15578947368421045,
        "random_error": 0.2533105263157894,
        "solve_duration_time": 10822.519295692444
    }
}