{
    "values": {
        "n_trees": 10,
        "max_depth": null,
        "real_max_depth": 12,
        "seed": 3,
        "accuracy test": 0.7528571428571429,
        "accuracy train": 0.94,
        "solve_status": "FEASIBLE",
        "mean-error": 0.11736842105263155,
        "random_error": 0.2520631578947368,
        "solve_duration_time": 10821.286436080933
    }
}