{
    "values": {
        "n_trees": 80,
        "max_depth": 5,
        "real_max_depth": 5,
        "seed": 4,
        "accuracy test": 0.7935714285714286,
        "accuracy train": 0.97,
        "solve_status": "OPTIMAL",
        "mean-error": 0.012631578947368416,
        "random_error": 0.24924736842105266,
        "solve_duration_time": 1522.8630397319794
    }
}