{
    "values": {
        "n_trees": 5,
        "max_depth": null,
        "real_max_depth": 12,
        "seed": 4,
        "accuracy test": 0.7957142857142857,
        "accuracy train": 0.97,
        "solve_status": "FEASIBLE",
        "mean-error": 0.1636842105263157,
        "random_error": 0.24924736842105266,
        "solve_duration_time": 10807.936767339706
    }
}