{
    "values": {
        "n_trees": 80,
        "max_depth": 3,
        "real_max_depth": 3,
        "seed": 0,
        "accuracy test": 0.7778571428571428,
        "accuracy train": 0.88,
        "solve_status": "OPTIMAL",
        "mean-error": 0.05315789473684211,
        "random_error": 0.2545052631578947,
        "solve_duration_time": 23.407177209854126
    }
}