{
    "values": {
        "n_trees": 1,
        "max_depth": 2,
        "real_max_depth": 2,
        "seed": 0,
        "accuracy test": 0.7392857142857143,
        "accuracy train": 0.8,
        "solve_status": "FEASIBLE",
        "mean-error": 0.2747368421052629,
        "random_error": 0.2545052631578947,
        "solve_duration_time": 10800.812547206879
    }
}