{
    "values": {
        "n_trees": 5,
        "max_depth": null,
        "real_max_depth": 15,
        "seed": 0,
        "accuracy test": 0.7392857142857143,
        "accuracy train": 0.96,
        "solve_status": "OPTIMAL",
        "mean-error": 0.06736842105263158,
        "random_error": 0.2545052631578947,
        "solve_duration_time": 7.91232967376709
    }
}