{
    "values": {
        "n_trees": 60,
        "max_depth": 5,
        "real_max_depth": 5,
        "seed": 2,
        "accuracy test": 0.7878571428571428,
        "accuracy train": 0.88,
        "solve_status": "FEASIBLE",
        "mean-error": 0.11578947368421046,
        "random_error": 0.2533105263157894,
        "solve_duration_time": 10862.213078260422
    }
}