{
    "values": {
        "n_trees": 80,
        "max_depth": null,
        "real_max_depth": 15,
        "seed": 0,
        "accuracy test": 0.7771428571428571,
        "accuracy train": 0.96,
        "solve_status": "OPTIMAL",
        "mean-error": 0.002105263157894737,
        "random_error": 0.2545052631578947,
        "solve_duration_time": 172.98504066467285
    }
}