{
    "values": {
        "n_trees": 10,
        "max_depth": 3,
        "real_max_depth": 3,
        "seed": 4,
        "accuracy test": 0.7785714285714286,
        "accuracy train": 0.85,
        "solve_status": "OPTIMAL",
        "mean-error": 0.11368421052631578,
        "random_error": 0.24924736842105266,
        "solve_duration_time": 2.0517196655273438
    }
}