{
    "values": {
        "n_trees": 1,
        "max_depth": null,
        "real_max_depth": 8,
        "seed": 1,
        "accuracy test": 0.65,
        "accuracy train": 0.88,
        "solve_status": "FEASIBLE",
        "mean-error": 0.21789473684210525,
        "random_error": 0.2537315789473685,
        "solve_duration_time": 10802.865444898605
    }
}