{
    "values": {
        "n_trees": 80,
        "max_depth": 10,
        "real_max_depth": 10,
        "seed": 2,
        "accuracy test": 0.7707142857142857,
        "accuracy train": 0.97,
        "solve_status": "OPTIMAL",
        "mean-error": 0.0,
        "random_error": 0.2533105263157894,
        "solve_duration_time": 80.65572595596313
    }
}