{
    "values": {
        "n_trees": 70,
        "max_depth": 10,
        "real_max_depth": 10,
        "seed": 1,
        "accuracy test": 0.7221428571428572,
        "accuracy train": 0.96,
        "solve_status": "FEASIBLE",
        "mean-error": 0.06736842105263158,
        "random_error": 0.2537315789473685,
        "solve_duration_time": 18126.629475593567
    }
}