{
    "values": {
        "n_trees": 5,
        "max_depth": 2,
        "real_max_depth": 2,
        "seed": 3,
        "accuracy test": 0.7792857142857142,
        "accuracy train": 0.84,
        "solve_status": "FEASIBLE",
        "mean-error": 0.22789473684210526,
        "random_error": 0.2520631578947368,
        "solve_duration_time": 10802.739134550095
    }
}