{
    "values": {
        "n_trees": 20,
        "max_depth": null,
        "real_max_depth": 13,
        "seed": 1,
        "accuracy test": 0.7442857142857143,
        "accuracy train": 0.96,
        "solve_status": "OPTIMAL",
        "mean-error": 0.0036842105263157894,
        "random_error": 0.2537315789473685,
        "solve_duration_time": 34.38955998420715
    }
}