{
    "values": {
        "n_trees": 80,
        "max_depth": null,
        "real_max_depth": 14,
        "seed": 3,
        "accuracy test": 0.7785714285714286,
        "accuracy train": 0.94,
        "solve_status": "FEASIBLE",
        "mean-error": 0.07578947368421056,
        "random_error": 0.2520631578947368,
        "solve_duration_time": 10974.985701322556
    }
}