{
    "values": {
        "n_trees": 5,
        "max_depth": 3,
        "real_max_depth": 3,
        "seed": 4,
        "accuracy test": 0.7907142857142857,
        "accuracy train": 0.88,
        "solve_status": "FEASIBLE",
        "mean-error": 0.19736842105263147,
        "random_error": 0.24924736842105266,
        "solve_duration_time": 10802.816689252853
    }
}