{
    "values": {
        "n_trees": 30,
        "max_depth": null,
        "real_max_depth": 14,
        "seed": 1,
        "accuracy test": 0.7421428571428571,
        "accuracy train": 0.96,
        "solve_status": "OPTIMAL",
        "mean-error": 0.0010526315789473684,
        "random_error": 0.2537315789473685,
        "solve_duration_time": 44.65819501876831
    }
}