{
    "values": {
        "n_trees": 60,
        "max_depth": 3,
        "real_max_depth": 3,
        "seed": 2,
        "accuracy test": 0.7907142857142857,
        "accuracy train": 0.8,
        "solve_status": "FEASIBLE",
        "mean-error": 0.1373684210526315,
        "random_error": 0.2533105263157894,
        "solve_duration_time": 10846.762583971024
    }
}