{
    "values": {
        "n_trees": 100,
        "max_depth": 3,
        "real_max_depth": 3,
        "seed": 2,
        "accuracy test": 0.79,
        "accuracy train": 0.81,
        "solve_status": "FEASIBLE",
        "mean-error": 0.12157894736842093,
        "random_error": 0.2533105263157894,
        "solve_duration_time": 10883.040886640549
    }
}