{
    "values": {
        "n_trees": 30,
        "max_depth": 5,
        "real_max_depth": 5,
        "seed": 3,
        "accuracy test": 0.7907142857142857,
        "accuracy train": 0.89,
        "solve_status": "FEASIBLE",
        "mean-error": 0.11999999999999986,
        "random_error": 0.2520631578947368,
        "solve_duration_time": 10834.42054438591
    }
}