{
    "values": {
        "n_trees": 60,
        "max_depth": 5,
        "real_max_depth": 5,
        "seed": 0,
        "accuracy test": 0.7807142857142857,
        "accuracy train": 0.93,
        "solve_status": "OPTIMAL",
        "mean-error": 0.007894736842105263,
        "random_error": 0.2545052631578947,
        "solve_duration_time": 611.7479114532471
    }
}