{
    "values": {
        "n_trees": 60,
        "max_depth": 2,
        "real_max_depth": 2,
        "seed": 3,
        "accuracy test": 0.7835714285714286,
        "accuracy train": 0.83,
        "solve_status": "FEASIBLE",
        "mean-error": 0.171578947368421,
        "random_error": 0.2520631578947368,
        "solve_duration_time": 10831.279205799103
    }
}