{
    "values": {
        "n_trees": 50,
        "max_depth": 4,
        "real_max_depth": 4,
        "seed": 3,
        "accuracy test": 0.785,
        "accuracy train": 0.89,
        "solve_status": "OPTIMAL",
        "mean-error": 0.03684210526315792,
        "random_error": 0.2520631578947368,
        "solve_duration_time": 571.6167306900024
    }
}