{
    "values": {
        "n_trees": 1,
        "max_depth": null,
        "real_max_depth": 11,
        "seed": 4,
        "accuracy test": 0.7271428571428571,
        "accuracy train": 0.89,
        "solve_status": "FEASIBLE",
        "mean-error": 0.2010526315789473,
        "random_error": 0.24924736842105266,
        "solve_duration_time": 10802.76729440689
    }
}