{
    "values": {
        "n_trees": 20,
        "max_depth": 5,
        "real_max_depth": 5,
        "seed": 3,
        "accuracy test": 0.7864285714285715,
        "accuracy train": 0.92,
        "solve_status": "OPTIMAL",
        "mean-error": 0.06684210526315786,
        "random_error": 0.2520631578947368,
        "solve_duration_time": 7.1689910888671875
    }
}