{
    "values": {
        "n_trees": 60,
        "max_depth": 5,
        "real_max_depth": 5,
        "seed": 0,
        "accuracy test": 0.78,
        "accuracy train": 0.92,
        "solve_status": "FEASIBLE",
        "mean-error": 0.131578947368421,
        "random_error": 0.2545052631578947,
        "solve_duration_time": 10880.563601255417
    }
}