{
    "values": {
        "n_trees": 50,
        "max_depth": 3,
        "real_max_depth": 3,
        "seed": 1,
        "accuracy test": 0.7921428571428571,
        "accuracy train": 0.85,
        "solve_status": "FEASIBLE",
        "mean-error": 0.14368421052631564,
        "random_error": 0.2537315789473685,
        "solve_duration_time": 10828.866129159927
    }
}