{
    "values": {
        "n_trees": 10,
        "max_depth": 4,
        "real_max_depth": 4,
        "seed": 0,
        "accuracy test": 0.7671428571428571,
        "accuracy train": 0.9,
        "solve_status": "FEASIBLE",
        "mean-error": 0.1215789473684209,
        "random_error": 0.2545052631578947,
        "solve_duration_time": 10811.301983356476
    }
}