{
    "values": {
        "n_trees": 90,
        "max_depth": 3,
        "real_max_depth": 3,
        "seed": 3,
        "accuracy test": 0.7864285714285715,
        "accuracy train": 0.86,
        "solve_status": "OPTIMAL",
        "mean-error": 0.06315789473684212,
        "random_error": 0.2520631578947368,
        "solve_duration_time": 19.09936809539795
    }
}