{
    "values": {
        "n_trees": 90,
        "max_depth": 4,
        "real_max_depth": 4,
        "seed": 2,
        "accuracy test": 0.7857142857142857,
        "accuracy train": 0.87,
        "solve_status": "OPTIMAL",
        "mean-error": 0.017894736842105255,
        "random_error": 0.2533105263157894,
        "solve_duration_time": 3382.3532474040985
    }
}