{
    "values": {
        "n_trees": 1,
        "max_depth": 10,
        "real_max_depth": 10,
        "seed": 0,
        "accuracy test": 0.7842857142857143,
        "accuracy train": 0.95,
        "solve_status": "OPTIMAL",
        "mean-error": 0.18368421052631576,
        "random_error": 0.2545052631578947,
        "solve_duration_time": 1.0544214248657227
    }
}