{
    "values": {
        "n_trees": 40,
        "max_depth": null,
        "real_max_depth": 14,
        "seed": 3,
        "accuracy test": 0.7871428571428571,
        "accuracy train": 0.94,
        "solve_status": "FEASIBLE",
        "mean-error": 0.09684210526315788,
        "random_error": 0.2520631578947368,
        "solve_duration_time": 10881.824301242828
    }
}