{
    "values": {
        "n_trees": 10,
        "max_depth": 10,
        "real_max_depth": 10,
        "seed": 1,
        "accuracy test": 0.6892857142857143,
        "accuracy train": 0.95,
        "solve_status": "FEASIBLE",
        "mean-error": 0.10947368421052625,
        "random_error": 0.2537315789473685,
        "solve_duration_time": 10826.320734739304
    }
}