{
    "values": {
        "n_trees": 60,
        "max_depth": 3,
        "real_max_depth": 3,
        "seed": 0,
        "accuracy test": 0.7821428571428571,
        "accuracy train": 0.86,
        "solve_status": "OPTIMAL",
        "mean-error": 0.056315789473684215,
        "random_error": 0.2545052631578947,
        "solve_duration_time": 695.1546680927277
    }
}