{
    "values": {
        "n_trees": 30,
        "max_depth": 4,
        "real_max_depth": 4,
        "seed": 0,
        "accuracy test": 0.7728571428571429,
        "accuracy train": 0.89,
        "solve_status": "FEASIBLE",
        "mean-error": 0.12789473684210517,
        "random_error": 0.2545052631578947,
        "solve_duration_time": 10830.220830202103
    }
}