{
    "values": {
        "n_trees": 20,
        "max_depth": 3,
        "real_max_depth": 3,
        "seed": 0,
        "accuracy test": 0.7771428571428571,
        "accuracy train": 0.86,
        "solve_status": "FEASIBLE",
        "mean-error": 0.14473684210526305,
        "random_error": 0.2545052631578947,
        "solve_duration_time": 10815.70768046379
    }
}