{
    "values": {
        "n_trees": 80,
        "max_depth": 3,
        "real_max_depth": 3,
        "seed": 2,
        "accuracy test": 0.6678571428571428,
        "accuracy train": 0.72,
        "solve_status": "FEASIBLE",
        "mean-error": 0.0707142857142857,
        "random_error": 0.1973785714285715,
        "solve_duration_time": 3651.661673784256
    }
}