{
    "values": {
        "n_trees": 70,
        "max_depth": 3,
        "real_max_depth": 3,
        "seed": 4,
        "accuracy test": 0.5892857142857143,
        "accuracy train": 0.64,
        "solve_status": "OPTIMAL",
        "mean-error": 0.002857142857142857,
        "random_error": 0.20382857142857141,
        "solve_duration_time": 19.396444082260132
    }
}