{
    "values": {
        "n_trees": 10,
        "max_depth": 5,
        "real_max_depth": 5,
        "seed": 0,
        "accuracy test": 0.59,
        "accuracy train": 0.79,
        "solve_status": "FEASIBLE",
        "mean-error": 0.06357142857142858,
        "random_error": 0.2105928571428571,
        "solve_duration_time": 3614.0011558532715
    }
}