{
    "values": {
        "n_trees": 70,
        "max_depth": null,
        "real_max_depth": 12,
        "seed": 4,
        "accuracy test": 0.5328571428571428,
        "accuracy train": 0.78,
        "solve_status": "FEASIBLE",
        "mean-error": 0.03928571428571429,
        "random_error": 0.20382857142857141,
        "solve_duration_time": 3756.55198431015
    }
}