{
    "values": {
        "n_trees": 60,
        "max_depth": 5,
        "real_max_depth": 5,
        "seed": 0,
        "accuracy test": 0.6292857142857143,
        "accuracy train": 0.81,
        "solve_status": "FEASIBLE",
        "mean-error": 0.047857142857142876,
        "random_error": 0.2105928571428571,
        "solve_duration_time": 3651.9964485168457
    }
}