{
    "values": {
        "n_trees": 90,
        "max_depth": 5,
        "real_max_depth": 5,
        "seed": 1,
        "accuracy test": 0.6185714285714285,
        "accuracy train": 0.76,
        "solve_status": "FEASIBLE",
        "mean-error": 0.07285714285714286,
        "random_error": 0.19913571428571422,
        "solve_duration_time": 3715.6882915496826
    }
}