{
    "values": {
        "n_trees": 80,
        "max_depth": 2,
        "real_max_depth": 2,
        "seed": 2,
        "accuracy test": 0.6714285714285714,
        "accuracy train": 0.7,
        "solve_status": "OPTIMAL",
        "mean-error": 0.04142857142857144,
        "random_error": 0.1973785714285715,
        "solve_duration_time": 5.40373682975769
    }
}