{
    "values": {
        "n_trees": 70,
        "max_depth": 2,
        "real_max_depth": 2,
        "seed": 0,
        "accuracy test": 0.6714285714285714,
        "accuracy train": 0.68,
        "solve_status": "OPTIMAL",
        "mean-error": 0.031428571428571445,
        "random_error": 0.2105928571428571,
        "solve_duration_time": 7.801387786865234
    }
}