{
    "values": {
        "n_trees": 5,
        "max_depth": 2,
        "real_max_depth": 2,
        "seed": 1,
        "accuracy test": 0.645,
        "accuracy train": 0.64,
        "solve_status": "OPTIMAL",
        "mean-error": 0.1685714285714285,
        "random_error": 0.19913571428571422,
        "solve_duration_time": 0.4144282341003418
    }
}