{
    "values": {
        "n_trees": 60,
        "max_depth": 10,
        "real_max_depth": 10,
        "seed": 0,
        "accuracy test": 0.565,
        "accuracy train": 0.87,
        "solve_status": "FEASIBLE",
        "mean-error": 0.03500000000000001,
        "random_error": 0.2105928571428571,
        "solve_duration_time": 3689.4205400943756
    }
}