{
    "values": {
        "n_trees": 20,
        "max_depth": 4,
        "real_max_depth": 4,
        "seed": 1,
        "accuracy test": 0.565,
        "accuracy train": 0.71,
        "solve_status": "FEASIBLE",
        "mean-error": 0.07642857142857146,
        "random_error": 0.19913571428571422,
        "solve_duration_time": 3614.5735232830048
    }
}