{
    "values": {
        "n_trees": 1,
        "max_depth": 10,
        "real_max_depth": 8,
        "seed": 4,
        "accuracy test": 0.5157142857142857,
        "accuracy train": 0.7,
        "solve_status": "FEASIBLE",
        "mean-error": 0.1264285714285713,
        "random_error": 0.20382857142857141,
        "solve_duration_time": 3602.6737670898438
    }
}