{
    "values": {
        "n_trees": 100,
        "max_depth": 10,
        "real_max_depth": 10,
        "seed": 2,
        "accuracy test": 0.6035714285714285,
        "accuracy train": 0.83,
        "solve_status": "FEASIBLE",
        "mean-error": 0.035,
        "random_error": 0.1973785714285715,
        "solve_duration_time": 11053.151036024094
    }
}