{
    "values": {
        "n_trees": 20,
        "max_depth": 2,
        "real_max_depth": 2,
        "seed": 3,
        "accuracy test": 0.5592857142857143,
        "accuracy train": 0.67,
        "solve_status": "FEASIBLE",
        "mean-error": 0.08857142857142858,
        "random_error": 0.20811428571428564,
        "solve_duration_time": 3610.3567917346954
    }
}