{
    "values": {
        "n_trees": 50,
        "max_depth": 5,
        "real_max_depth": 5,
        "seed": 3,
        "accuracy test": 0.6021428571428571,
        "accuracy train": 0.74,
        "solve_status": "FEASIBLE",
        "mean-error": 0.07142857142857145,
        "random_error": 0.20811428571428564,
        "solve_duration_time": 3665.1446781158447
    }
}