{
    "values": {
        "n_trees": 70,
        "max_depth": 3,
        "real_max_depth": 3,
        "seed": 0,
        "accuracy test": 0.6521428571428571,
        "accuracy train": 0.7,
        "solve_status": "OPTIMAL",
        "mean-error": 0.0057142857142857125,
        "random_error": 0.2105928571428571,
        "solve_duration_time": 21.75554871559143
    }
}