{
    "values": {
        "n_trees": 60,
        "max_depth": null,
        "real_max_depth": 11,
        "seed": 3,
        "accuracy test": 0.5621428571428572,
        "accuracy train": 0.76,
        "solve_status": "FEASIBLE",
        "mean-error": 0.042857142857142864,
        "random_error": 0.20811428571428564,
        "solve_duration_time": 7346.590361356735
    }
}