{
    "values": {
        "n_trees": 10,
        "max_depth": 5,
        "real_max_depth": 5,
        "seed": 3,
        "accuracy test": 0.5942857142857143,
        "accuracy train": 0.71,
        "solve_status": "FEASIBLE",
        "mean-error": 0.08285714285714288,
        "random_error": 0.20811428571428564,
        "solve_duration_time": 3609.01376080513
    }
}