{
    "values": {
        "n_trees": 40,
        "max_depth": 2,
        "real_max_depth": 2,
        "seed": 4,
        "accuracy test": 0.5892857142857143,
        "accuracy train": 0.64,
        "solve_status": "OPTIMAL",
        "mean-error": 0.07857142857142863,
        "random_error": 0.20382857142857141,
        "solve_duration_time": 3.925246238708496
    }
}