{
    "values": {
        "n_trees": 10,
        "max_depth": 5,
        "real_max_depth": 5,
        "seed": 4,
        "accuracy test": 0.5421428571428571,
        "accuracy train": 0.7,
        "solve_status": "FEASIBLE",
        "mean-error": 0.0678571428571429,
        "random_error": 0.20382857142857141,
        "solve_duration_time": 3613.4299886226654
    }
}