{
    "values": {
        "n_trees": 1,
        "max_depth": 2,
        "real_max_depth": 2,
        "seed": 0,
        "accuracy test": 0.6185714285714285,
        "accuracy train": 0.62,
        "solve_status": "OPTIMAL",
        "mean-error": 0.23785714285714302,
        "random_error": 0.2105928571428571,
        "solve_duration_time": 0.11375808715820312
    }
}