{
    "values": {
        "n_trees": 80,
        "max_depth": null,
        "real_max_depth": 11,
        "seed": 1,
        "accuracy test": 0.6164285714285714,
        "accuracy train": 0.76,
        "solve_status": "FEASIBLE",
        "mean-error": 0.03571428571428572,
        "random_error": 0.19913571428571422,
        "solve_duration_time": 3787.4874925613403
    }
}