{
    "values": {
        "n_trees": 40,
        "max_depth": 3,
        "real_max_depth": 3,
        "seed": 2,
        "accuracy test": 0.6707142857142857,
        "accuracy train": 0.71,
        "solve_status": "FEASIBLE",
        "mean-error": 0.08071428571428571,
        "random_error": 0.1973785714285715,
        "solve_duration_time": 3629.141797065735
    }
}