{
    "values": {
        "n_trees": 70,
        "max_depth": null,
        "real_max_depth": 11,
        "seed": 3,
        "accuracy test": 0.5585714285714286,
        "accuracy train": 0.76,
        "solve_status": "FEASIBLE",
        "mean-error": 0.041428571428571426,
        "random_error": 0.20811428571428564,
        "solve_duration_time": 3764.0725870132446
    }
}