{
    "values": {
        "n_trees": 30,
        "max_depth": 3,
        "real_max_depth": 3,
        "seed": 4,
        "accuracy test": 0.5871428571428572,
        "accuracy train": 0.64,
        "solve_status": "OPTIMAL",
        "mean-error": 0.02428571428571428,
        "random_error": 0.20382857142857141,
        "solve_duration_time": 7.474074840545654
    }
}