{
    "values": {
        "n_trees": 20,
        "max_depth": 4,
        "real_max_depth": 4,
        "seed": 4,
        "accuracy test": 0.5928571428571429,
        "accuracy train": 0.66,
        "solve_status": "FEASIBLE",
        "mean-error": 0.06785714285714284,
        "random_error": 0.20382857142857141,
        "solve_duration_time": 3617.8867280483246
    }
}