{
    "values": {
        "n_trees": 5,
        "max_depth": 3,
        "real_max_depth": 3,
        "seed": 3,
        "accuracy test": 0.5378571428571428,
        "accuracy train": 0.65,
        "solve_status": "OPTIMAL",
        "mean-error": 0.1614285714285714,
        "random_error": 0.20811428571428564,
        "solve_duration_time": 1.1899104118347168
    }
}