{
    "values": {
        "n_trees": 1,
        "max_depth": 5,
        "real_max_depth": 5,
        "seed": 2,
        "accuracy test": 0.635,
        "accuracy train": 0.74,
        "solve_status": "OPTIMAL",
        "mean-error": 0.17142857142857132,
        "random_error": 0.1973785714285715,
        "solve_duration_time": 0.49469900131225586
    }
}