{
    "values": {
        "n_trees": 10,
        "max_depth": 2,
        "real_max_depth": 2,
        "seed": 2,
        "accuracy test": 0.6785714285714286,
        "accuracy train": 0.7,
        "solve_status": "OPTIMAL",
        "mean-error": 0.14428571428571418,
        "random_error": 0.1973785714285715,
        "solve_duration_time": 0.848564863204956
    }
}