{
    "values": {
        "n_trees": 40,
        "max_depth": 4,
        "real_max_depth": 4,
        "seed": 4,
        "accuracy test": 0.6014285714285714,
        "accuracy train": 0.69,
        "solve_status": "FEASIBLE",
        "mean-error": 0.05928571428571427,
        "random_error": 0.20382857142857141,
        "solve_duration_time": 3627.165849208832
    }
}