{
    "values": {
        "n_trees": 30,
        "max_depth": 4,
        "real_max_depth": 4,
        "seed": 3,
        "accuracy test": 0.5507142857142857,
        "accuracy train": 0.73,
        "solve_status": "FEASIBLE",
        "mean-error": 0.07214285714285715,
        "random_error": 0.20811428571428564,
        "solve_duration_time": 3630.5224890708923
    }
}