{
    "values": {
        "n_trees": 20,
        "max_depth": null,
        "real_max_depth": 10,
        "seed": 1,
        "accuracy test": 0.6042857142857143,
        "accuracy train": 0.76,
        "solve_status": "FEASIBLE",
        "mean-error": 0.04357142857142857,
        "random_error": 0.19913571428571422,
        "solve_duration_time": 3638.417631626129
    }
}