{
    "values": {
        "n_trees": 1,
        "max_depth": 5,
        "real_max_depth": 5,
        "seed": 1,
        "accuracy test": 0.635,
        "accuracy train": 0.69,
        "solve_status": "OPTIMAL",
        "mean-error": 0.17428571428571424,
        "random_error": 0.19913571428571422,
        "solve_duration_time": 0.3189353942871094
    }
}