{
    "values": {
        "n_trees": 60,
        "max_depth": 4,
        "real_max_depth": 4,
        "seed": 0,
        "accuracy test": 0.6235714285714286,
        "accuracy train": 0.76,
        "solve_status": "FEASIBLE",
        "mean-error": 0.05928571428571428,
        "random_error": 0.2105928571428571,
        "solve_duration_time": 3648.6895022392273
    }
}