{
    "values": {
        "n_trees": 30,
        "max_depth": null,
        "real_max_depth": 11,
        "seed": 2,
        "accuracy test": 0.5821428571428572,
        "accuracy train": 0.83,
        "solve_status": "FEASIBLE",
        "mean-error": 0.052857142857142846,
        "random_error": 0.1973785714285715,
        "solve_duration_time": 3652.9797596931458
    }
}