{
    "values": {
        "n_trees": 1,
        "max_depth": 4,
        "real_max_depth": 4,
        "seed": 0,
        "accuracy test": 0.6021428571428571,
        "accuracy train": 0.69,
        "solve_status": "OPTIMAL",
        "mean-error": 0.17857142857142855,
        "random_error": 0.2105928571428571,
        "solve_duration_time": 0.4106872081756592
    }
}