{
    "values": {
        "n_trees": 40,
        "max_depth": 10,
        "real_max_depth": 10,
        "seed": 4,
        "accuracy test": 0.5421428571428571,
        "accuracy train": 0.78,
        "solve_status": "FEASIBLE",
        "mean-error": 0.041428571428571426,
        "random_error": 0.20382857142857141,
        "solve_duration_time": 3665.4262347221375
    }
}