{
    "values": {
        "n_trees": 20,
        "max_depth": 10,
        "real_max_depth": 10,
        "seed": 0,
        "accuracy test": 0.5807142857142857,
        "accuracy train": 0.86,
        "solve_status": "FEASIBLE",
        "mean-error": 0.05142857142857144,
        "random_error": 0.2105928571428571,
        "solve_duration_time": 3646.2331643104553
    }
}