{
    "values": {
        "n_trees": 10,
        "max_depth": 4,
        "real_max_depth": 4,
        "seed": 4,
        "accuracy test": 0.565,
        "accuracy train": 0.67,
        "solve_status": "FEASIBLE",
        "mean-error": 0.07142857142857145,
        "random_error": 0.20382857142857141,
        "solve_duration_time": 3607.053615808487
    }
}