{
    "values": {
        "n_trees": 50,
        "max_depth": 5,
        "real_max_depth": 5,
        "seed": 4,
        "accuracy test": 0.6028571428571429,
        "accuracy train": 0.72,
        "solve_status": "FEASIBLE",
        "mean-error": 0.04714285714285715,
        "random_error": 0.20382857142857141,
        "solve_duration_time": 3659.5004427433014
    }
}