{
    "values": {
        "n_trees": 100,
        "max_depth": 4,
        "real_max_depth": 4,
        "seed": 1,
        "accuracy test": 0.6157142857142858,
        "accuracy train": 0.76,
        "solve_status": "FEASIBLE",
        "mean-error": 0.06000000000000002,
        "random_error": 0.19913571428571422,
        "solve_duration_time": 3694.307459831238
    }
}