{
    "values": {
        "n_trees": 50,
        "max_depth": 3,
        "real_max_depth": 3,
        "seed": 4,
        "accuracy test": 0.59,
        "accuracy train": 0.64,
        "solve_status": "FEASIBLE",
        "mean-error": 0.08642857142857147,
        "random_error": 0.20382857142857141,
        "solve_duration_time": 3622.445655107498
    }
}