{
    "values": {
        "n_trees": 60,
        "max_depth": 5,
        "real_max_depth": 5,
        "seed": 3,
        "accuracy test": 0.605,
        "accuracy train": 0.74,
        "solve_status": "FEASIBLE",
        "mean-error": 0.07142857142857144,
        "random_error": 0.20811428571428564,
        "solve_duration_time": 3657.0918033123016
    }
}