{
    "values": {
        "n_trees": 50,
        "max_depth": 3,
        "real_max_depth": 3,
        "seed": 2,
        "accuracy test": 0.6721428571428572,
        "accuracy train": 0.71,
        "solve_status": "OPTIMAL",
        "mean-error": 0.007142857142857141,
        "random_error": 0.1973785714285715,
        "solve_duration_time": 11.518873929977417
    }
}