{
    "values": {
        "n_trees": 5,
        "max_depth": null,
        "real_max_depth": 10,
        "seed": 1,
        "accuracy test": 0.5978571428571429,
        "accuracy train": 0.73,
        "solve_status": "FEASIBLE",
        "mean-error": 0.06142857142857142,
        "random_error": 0.19913571428571422,
        "solve_duration_time": 3613.9204280376434
    }
}