{
    "values": {
        "n_trees": 1,
        "max_depth": 5,
        "real_max_depth": 5,
        "seed": 4,
        "accuracy test": 0.4942857142857143,
        "accuracy train": 0.63,
        "solve_status": "FEASIBLE",
        "mean-error": 0.20642857142857143,
        "random_error": 0.20382857142857141,
        "solve_duration_time": 3601.3395249843597
    }
}