{
    "values": {
        "n_trees": 10,
        "max_depth": 4,
        "real_max_depth": 4,
        "seed": 1,
        "accuracy test": 0.625,
        "accuracy train": 0.72,
        "solve_status": "OPTIMAL",
        "mean-error": 0.05142857142857145,
        "random_error": 0.19913571428571422,
        "solve_duration_time": 3.6243374347686768
    }
}