{
    "values": {
        "n_trees": 5,
        "max_depth": 10,
        "real_max_depth": 10,
        "seed": 1,
        "accuracy test": 0.5957142857142858,
        "accuracy train": 0.73,
        "solve_status": "FEASIBLE",
        "mean-error": 0.06714285714285716,
        "random_error": 0.19913571428571422,
        "solve_duration_time": 3612.543894290924
    }
}