{
    "values": {
        "n_trees": 90,
        "max_depth": 5,
        "real_max_depth": 5,
        "seed": 2,
        "accuracy test": 0.6535714285714286,
        "accuracy train": 0.79,
        "solve_status": "FEASIBLE",
        "mean-error": 0.05500000000000001,
        "random_error": 0.1973785714285715,
        "solve_duration_time": 3713.6203932762146
    }
}