{
    "values": {
        "n_trees": 60,
        "max_depth": 10,
        "real_max_depth": 10,
        "seed": 3,
        "accuracy test": 0.585,
        "accuracy train": 0.76,
        "solve_status": "FEASIBLE",
        "mean-error": 0.047857142857142876,
        "random_error": 0.20811428571428564,
        "solve_duration_time": 3751.0408895015717
    }
}