{
    "values": {
        "n_trees": 20,
        "max_depth": 5,
        "real_max_depth": 5,
        "seed": 0,
        "accuracy test": 0.5992857142857143,
        "accuracy train": 0.8,
        "solve_status": "FEASIBLE",
        "mean-error": 0.07,
        "random_error": 0.2105928571428571,
        "solve_duration_time": 3626.1613414287567
    }
}