{
    "values": {
        "n_trees": 70,
        "max_depth": 5,
        "real_max_depth": 5,
        "seed": 2,
        "accuracy test": 0.6542857142857142,
        "accuracy train": 0.79,
        "solve_status": "FEASIBLE",
        "mean-error": 0.04857142857142857,
        "random_error": 0.1973785714285715,
        "solve_duration_time": 3698.6198959350586
    }
}