{
    "values": {
        "n_trees": 80,
        "max_depth": 10,
        "real_max_depth": 10,
        "seed": 4,
        "accuracy test": 0.5307142857142857,
        "accuracy train": 0.78,
        "solve_status": "FEASIBLE",
        "mean-error": 0.030714285714285708,
        "random_error": 0.20382857142857141,
        "solve_duration_time": 3733.649992465973
    }
}