{
    "values": {
        "n_trees": 20,
        "max_depth": null,
        "real_max_depth": 10,
        "seed": 0,
        "accuracy test": 0.5707142857142857,
        "accuracy train": 0.86,
        "solve_status": "FEASIBLE",
        "mean-error": 0.04857142857142857,
        "random_error": 0.2105928571428571,
        "solve_duration_time": 3633.4930505752563
    }
}