{
    "values": {
        "n_trees": 100,
        "max_depth": 2,
        "real_max_depth": 2,
        "seed": 3,
        "accuracy test": 0.5485714285714286,
        "accuracy train": 0.66,
        "solve_status": "OPTIMAL",
        "mean-error": 0.03571428571428574,
        "random_error": 0.20811428571428564,
        "solve_duration_time": 8.926321506500244
    }
}