{
    "values": {
        "n_trees": 70,
        "max_depth": null,
        "real_max_depth": 11,
        "seed": 2,
        "accuracy test": 0.6021428571428571,
        "accuracy train": 0.83,
        "solve_status": "FEASIBLE",
        "mean-error": 0.041428571428571426,
        "random_error": 0.1973785714285715,
        "solve_duration_time": 3775.08753323555
    }
}