{
    "values": {
        "n_trees": 20,
        "max_depth": 2,
        "real_max_depth": 2,
        "seed": 4,
        "accuracy test": 0.56,
        "accuracy train": 0.64,
        "solve_status": "FEASIBLE",
        "mean-error": 0.11999999999999991,
        "random_error": 0.20382857142857141,
        "solve_duration_time": 3606.286419391632
    }
}