{
    "values": {
        "n_trees": 10,
        "max_depth": null,
        "real_max_depth": 10,
        "seed": 3,
        "accuracy test": 0.5614285714285714,
        "accuracy train": 0.76,
        "solve_status": "OPTIMAL",
        "mean-error": 0.006428571428571427,
        "random_error": 0.20811428571428564,
        "solve_duration_time": 8.90694808959961
    }
}