{
    "values": {
        "n_trees": 5,
        "max_depth": 4,
        "real_max_depth": 4,
        "seed": 0,
        "accuracy test": 0.6135714285714285,
        "accuracy train": 0.75,
        "solve_status": "FEASIBLE",
        "mean-error": 0.0771428571428572,
        "random_error": 0.2105928571428571,
        "solve_duration_time": 3603.6717071533203
    }
}