{
    "values": {
        "n_trees": 30,
        "max_depth": 5,
        "real_max_depth": 5,
        "seed": 1,
        "accuracy test": 0.6171428571428571,
        "accuracy train": 0.76,
        "solve_status": "FEASIBLE",
        "mean-error": 0.05642857142857144,
        "random_error": 0.19913571428571422,
        "solve_duration_time": 3638.427916765213
    }
}