{
    "values": {
        "n_trees": 50,
        "max_depth": 4,
        "real_max_depth": 4,
        "seed": 1,
        "accuracy test": 0.6164285714285714,
        "accuracy train": 0.75,
        "solve_status": "FEASIBLE",
        "mean-error": 0.07857142857142858,
        "random_error": 0.19913571428571422,
        "solve_duration_time": 3645.1991531848907
    }
}