{
    "values": {
        "n_trees": 40,
        "max_depth": 2,
        "real_max_depth": 2,
        "seed": 2,
        "accuracy test": 0.6707142857142857,
        "accuracy train": 0.7,
        "solve_status": "OPTIMAL",
        "mean-error": 0.04571428571428572,
        "random_error": 0.1973785714285715,
        "solve_duration_time": 4.229508399963379
    }
}