{
    "values": {
        "n_trees": 5,
        "max_depth": 4,
        "real_max_depth": 4,
        "seed": 1,
        "accuracy test": 0.5735714285714286,
        "accuracy train": 0.73,
        "solve_status": "OPTIMAL",
        "mean-error": 0.04785714285714288,
        "random_error": 0.19913571428571422,
        "solve_duration_time": 2.3771519660949707
    }
}