{
    "values": {
        "n_trees": 40,
        "max_depth": 2,
        "real_max_depth": 2,
        "seed": 2,
        "accuracy test": 0.6678571428571428,
        "accuracy train": 0.7,
        "solve_status": "FEASIBLE",
        "mean-error": 0.09857142857142855,
        "random_error": 0.1973785714285715,
        "solve_duration_time": 3617.6473908424377
    }
}