{
    "values": {
        "n_trees": 60,
        "max_depth": 3,
        "real_max_depth": 3,
        "seed": 4,
        "accuracy test": 0.5885714285714285,
        "accuracy train": 0.64,
        "solve_status": "OPTIMAL",
        "mean-error": 0.002857142857142857,
        "random_error": 0.20382857142857141,
        "solve_duration_time": 10.038565158843994
    }
}