{
    "values": {
        "n_trees": 30,
        "max_depth": 3,
        "real_max_depth": 3,
        "seed": 3,
        "accuracy test": 0.5571428571428572,
        "accuracy train": 0.68,
        "solve_status": "OPTIMAL",
        "mean-error": 0.012857142857142853,
        "random_error": 0.20811428571428564,
        "solve_duration_time": 7.8896284103393555
    }
}