{
    "values": {
        "n_trees": 10,
        "max_depth": 4,
        "real_max_depth": 4,
        "seed": 3,
        "accuracy test": 0.54,
        "accuracy train": 0.72,
        "solve_status": "OPTIMAL",
        "mean-error": 0.019999999999999997,
        "random_error": 0.20811428571428564,
        "solve_duration_time": 3.399343967437744
    }
}