{
    "values": {
        "n_trees": 1,
        "max_depth": 4,
        "real_max_depth": 4,
        "seed": 3,
        "accuracy test": 0.5992857142857143,
        "accuracy train": 0.67,
        "solve_status": "OPTIMAL",
        "mean-error": 0.23785714285714313,
        "random_error": 0.20811428571428564,
        "solve_duration_time": 0.2750966548919678
    }
}