{
    "values": {
        "n_trees": 40,
        "max_depth": 5,
        "real_max_depth": 5,
        "seed": 0,
        "accuracy test": 0.6092857142857143,
        "accuracy train": 0.82,
        "solve_status": "FEASIBLE",
        "mean-error": 0.06285714285714288,
        "random_error": 0.2105928571428571,
        "solve_duration_time": 3655.769591331482
    }
}