{
    "values": {
        "n_trees": 40,
        "max_depth": 4,
        "real_max_depth": 4,
        "seed": 3,
        "accuracy test": 0.5992857142857143,
        "accuracy train": 0.73,
        "solve_status": "FEASIBLE",
        "mean-error": 0.06999999999999998,
        "random_error": 0.20811428571428564,
        "solve_duration_time": 3629.706449508667
    }
}