{
    "values": {
        "n_trees": 100,
        "max_depth": 4,
        "real_max_depth": 4,
        "seed": 2,
        "accuracy test": 0.6535714285714286,
        "accuracy train": 0.76,
        "solve_status": "FEASIBLE",
        "mean-error": 0.07642857142857146,
        "random_error": 0.1973785714285715,
        "solve_duration_time": 3679.6189262866974
    }
}