{
    "values": {
        "n_trees": 80,
        "max_depth": 4,
        "real_max_depth": 4,
        "seed": 1,
        "accuracy test": 0.6157142857142858,
        "accuracy train": 0.76,
        "solve_status": "FEASIBLE",
        "mean-error": 0.07071428571428573,
        "random_error": 0.19913571428571422,
        "solve_duration_time": 3679.7341632843018
    }
}