{
    "values": {
        "n_trees": 5,
        "max_depth": 3,
        "real_max_depth": 3,
        "seed": 2,
        "accuracy test": 0.6585714285714286,
        "accuracy train": 0.74,
        "solve_status": "OPTIMAL",
        "mean-error": 0.1257142857142856,
        "random_error": 0.1973785714285715,
        "solve_duration_time": 0.9349374771118164
    }
}