{
    "values": {
        "n_trees": 100,
        "max_depth": 5,
        "real_max_depth": 5,
        "seed": 0,
        "accuracy test": 0.6492857142857142,
        "accuracy train": 0.79,
        "solve_status": "FEASIBLE",
        "mean-error": 0.06714285714285714,
        "random_error": 0.2105928571428571,
        "solve_duration_time": 3733.4824018478394
    }
}