{
    "values": {
        "n_trees": 90,
        "max_depth": null,
        "real_max_depth": 11,
        "seed": 1,
        "accuracy test": 0.6128571428571429,
        "accuracy train": 0.76,
        "solve_status": "FEASIBLE",
        "mean-error": 0.04142857142857144,
        "random_error": 0.19913571428571422,
        "solve_duration_time": 7426.693624258041
    }
}