{
    "values": {
        "n_trees": 1,
        "max_depth": 4,
        "real_max_depth": 4,
        "seed": 0,
        "accuracy test": 0.585,
        "accuracy train": 0.64,
        "solve_status": "FEASIBLE",
        "mean-error": 0.29500000000000015,
        "random_error": 0.2105928571428571,
        "solve_duration_time": 3600.8805315494537
    }
}