{
    "values": {
        "n_trees": 20,
        "max_depth": 2,
        "real_max_depth": 2,
        "seed": 1,
        "accuracy test": 0.6478571428571429,
        "accuracy train": 0.69,
        "solve_status": "OPTIMAL",
        "mean-error": 0.08000000000000003,
        "random_error": 0.19913571428571422,
        "solve_duration_time": 1.2876777648925781
    }
}