{
    "values": {
        "n_trees": 40,
        "max_depth": 10,
        "real_max_depth": 10,
        "seed": 1,
        "accuracy test": 0.6142857142857143,
        "accuracy train": 0.76,
        "solve_status": "FEASIBLE",
        "mean-error": 0.04499999999999999,
        "random_error": 0.19913571428571422,
        "solve_duration_time": 7269.998844623566
    }
}