{
    "values": {
        "n_trees": 50,
        "max_depth": 10,
        "real_max_depth": 10,
        "seed": 4,
        "accuracy test": 0.5428571428571428,
        "accuracy train": 0.78,
        "solve_status": "FEASIBLE",
        "mean-error": 0.03571428571428572,
        "random_error": 0.20382857142857141,
        "solve_duration_time": 3715.8265998363495
    }
}