{
    "values": {
        "n_trees": 10,
        "max_depth": 3,
        "real_max_depth": 3,
        "seed": 4,
        "accuracy test": 0.58,
        "accuracy train": 0.62,
        "solve_status": "OPTIMAL",
        "mean-error": 0.03785714285714287,
        "random_error": 0.20382857142857141,
        "solve_duration_time": 1.593966007232666
    }
}