{
    "values": {
        "n_trees": 40,
        "max_depth": 5,
        "real_max_depth": 5,
        "seed": 4,
        "accuracy test": 0.59,
        "accuracy train": 0.73,
        "solve_status": "FEASIBLE",
        "mean-error": 0.057142857142857155,
        "random_error": 0.20382857142857141,
        "solve_duration_time": 3652.803218126297
    }
}