{
    "values": {
        "n_trees": 1,
        "max_depth": 5,
        "real_max_depth": 5,
        "seed": 3,
        "accuracy test": 0.5378571428571428,
        "accuracy train": 0.65,
        "solve_status": "FEASIBLE",
        "mean-error": 0.2671428571428571,
        "random_error": 0.20811428571428564,
        "solve_duration_time": 3601.2916734218597
    }
}