{
    "values": {
        "n_trees": 5,
        "max_depth": 3,
        "real_max_depth": 3,
        "seed": 4,
        "accuracy test": 0.5914285714285714,
        "accuracy train": 0.62,
        "solve_status": "OPTIMAL",
        "mean-error": 0.07357142857142861,
        "random_error": 0.20382857142857141,
        "solve_duration_time": 0.7386322021484375
    }
}