{
    "values": {
        "n_trees": 70,
        "max_depth": 4,
        "real_max_depth": 4,
        "seed": 0,
        "accuracy test": 0.6478571428571429,
        "accuracy train": 0.75,
        "solve_status": "FEASIBLE",
        "mean-error": 0.059285714285714296,
        "random_error": 0.2105928571428571,
        "solve_duration_time": 3665.642588853836
    }
}