{
    "values": {
        "n_trees": 50,
        "max_depth": null,
        "real_max_depth": 11,
        "seed": 0,
        "accuracy test": 0.575,
        "accuracy train": 0.87,
        "solve_status": "FEASIBLE",
        "mean-error": 0.053571428571428596,
        "random_error": 0.2105928571428571,
        "solve_duration_time": 3678.3487589359283
    }
}