{
    "values": {
        "n_trees": 70,
        "max_depth": 3,
        "real_max_depth": 3,
        "seed": 2,
        "accuracy test": 0.6657142857142857,
        "accuracy train": 0.71,
        "solve_status": "FEASIBLE",
        "mean-error": 0.08214285714285718,
        "random_error": 0.1973785714285715,
        "solve_duration_time": 3644.6125552654266
    }
}