{
    "values": {
        "n_trees": 100,
        "max_depth": 5,
        "real_max_depth": 5,
        "seed": 3,
        "accuracy test": 0.5964285714285714,
        "accuracy train": 0.74,
        "solve_status": "FEASIBLE",
        "mean-error": 0.05571428571428573,
        "random_error": 0.20811428571428564,
        "solve_duration_time": 3692.5580496788025
    }
}