{
    "values": {
        "n_trees": 40,
        "max_depth": 5,
        "real_max_depth": 5,
        "seed": 3,
        "accuracy test": 0.6028571428571429,
        "accuracy train": 0.74,
        "solve_status": "FEASIBLE",
        "mean-error": 0.06785714285714285,
        "random_error": 0.20811428571428564,
        "solve_duration_time": 3655.5199649333954
    }
}