{
    "values": {
        "n_trees": 50,
        "max_depth": 3,
        "real_max_depth": 3,
        "seed": 1,
        "accuracy test": 0.5992857142857143,
        "accuracy train": 0.71,
        "solve_status": "FEASIBLE",
        "mean-error": 0.08928571428571425,
        "random_error": 0.19913571428571422,
        "solve_duration_time": 3633.8866300582886
    }
}