{
    "values": {
        "n_trees": 20,
        "max_depth": 10,
        "real_max_depth": 10,
        "seed": 2,
        "accuracy test": 0.5971428571428572,
        "accuracy train": 0.83,
        "solve_status": "FEASIBLE",
        "mean-error": 0.05714285714285714,
        "random_error": 0.1973785714285715,
        "solve_duration_time": 3650.249000787735
    }
}