{
    "values": {
        "n_trees": 60,
        "max_depth": 2,
        "real_max_depth": 2,
        "seed": 0,
        "accuracy test": 0.6528571428571428,
        "accuracy train": 0.69,
        "solve_status": "FEASIBLE",
        "mean-error": 0.09928571428571431,
        "random_error": 0.2105928571428571,
        "solve_duration_time": 3629.091608762741
    }
}