{
    "values": {
        "n_trees": 20,
        "max_depth": 3,
        "real_max_depth": 3,
        "seed": 3,
        "accuracy test": 0.5478571428571428,
        "accuracy train": 0.69,
        "solve_status": "FEASIBLE",
        "mean-error": 0.08071428571428575,
        "random_error": 0.20811428571428564,
        "solve_duration_time": 3613.635616540909
    }
}