{
    "values": {
        "n_trees": 90,
        "max_depth": 3,
        "real_max_depth": 3,
        "seed": 0,
        "accuracy test": 0.6521428571428571,
        "accuracy train": 0.7,
        "solve_status": "OPTIMAL",
        "mean-error": 0.002857142857142857,
        "random_error": 0.2105928571428571,
        "solve_duration_time": 18.368208408355713
    }
}