{
    "values": {
        "n_trees": 60,
        "max_depth": null,
        "real_max_depth": 11,
        "seed": 0,
        "accuracy test": 0.57,
        "accuracy train": 0.87,
        "solve_status": "FEASIBLE",
        "mean-error": 0.03714285714285714,
        "random_error": 0.2105928571428571,
        "solve_duration_time": 3735.864634037018
    }
}