{
    "values": {
        "n_trees": 70,
        "max_depth": 3,
        "real_max_depth": 3,
        "seed": 4,
        "accuracy test": 0.59,
        "accuracy train": 0.64,
        "solve_status": "FEASIBLE",
        "mean-error": 0.08214285714285716,
        "random_error": 0.20382857142857141,
        "solve_duration_time": 3647.4726428985596
    }
}