{
    "values": {
        "n_trees": 50,
        "max_depth": 10,
        "real_max_depth": 10,
        "seed": 0,
        "accuracy test": 0.5607142857142857,
        "accuracy train": 0.87,
        "solve_status": "FEASIBLE",
        "mean-error": 0.04000000000000001,
        "random_error": 0.2105928571428571,
        "solve_duration_time": 3711.4656348228455
    }
}