{
    "values": {
        "n_trees": 40,
        "max_depth": null,
        "real_max_depth": 11,
        "seed": 1,
        "accuracy test": 0.6071428571428571,
        "accuracy train": 0.76,
        "solve_status": "FEASIBLE",
        "mean-error": 0.03857142857142857,
        "random_error": 0.19913571428571422,
        "solve_duration_time": 3696.564777612686
    }
}