{
    "values": {
        "n_trees": 30,
        "max_depth": null,
        "real_max_depth": 11,
        "seed": 4,
        "accuracy test": 0.5414285714285715,
        "accuracy train": 0.78,
        "solve_status": "FEASIBLE",
        "mean-error": 0.039285714285714285,
        "random_error": 0.20382857142857141,
        "solve_duration_time": 3646.953353404999
    }
}