{
    "values": {
        "n_trees": 40,
        "max_depth": 5,
        "real_max_depth": 5,
        "seed": 2,
        "accuracy test": 0.655,
        "accuracy train": 0.8,
        "solve_status": "FEASIBLE",
        "mean-error": 0.06285714285714286,
        "random_error": 0.1973785714285715,
        "solve_duration_time": 3653.5436334609985
    }
}