{
    "values": {
        "n_trees": 100,
        "max_depth": null,
        "real_max_depth": 11,
        "seed": 0,
        "accuracy test": 0.5728571428571428,
        "accuracy train": 0.87,
        "solve_status": "FEASIBLE",
        "mean-error": 0.04928571428571429,
        "random_error": 0.2105928571428571,
        "solve_duration_time": 3818.3886890411377
    }
}