{
    "values": {
        "n_trees": 30,
        "max_depth": null,
        "real_max_depth": 11,
        "seed": 1,
        "accuracy test": 0.5985714285714285,
        "accuracy train": 0.76,
        "solve_status": "FEASIBLE",
        "mean-error": 0.042857142857142864,
        "random_error": 0.19913571428571422,
        "solve_duration_time": 3698.1662261486053
    }
}