{
    "values": {
        "n_trees": 60,
        "max_depth": 2,
        "real_max_depth": 2,
        "seed": 1,
        "accuracy test": 0.6192857142857143,
        "accuracy train": 0.73,
        "solve_status": "OPTIMAL",
        "mean-error": 0.03857142857142858,
        "random_error": 0.19913571428571422,
        "solve_duration_time": 6.431097507476807
    }
}