{
    "values": {
        "n_trees": 100,
        "max_depth": 3,
        "real_max_depth": 3,
        "seed": 3,
        "accuracy test": 0.6171428571428571,
        "accuracy train": 0.69,
        "solve_status": "FEASIBLE",
        "mean-error": 0.08999999999999998,
        "random_error": 0.20811428571428564,
        "solve_duration_time": 3643.959130048752
    }
}