{
    "values": {
        "n_trees": 80,
        "max_depth": 2,
        "real_max_depth": 2,
        "seed": 1,
        "accuracy test": 0.565,
        "accuracy train": 0.69,
        "solve_status": "OPTIMAL",
        "mean-error": 0.034285714285714294,
        "random_error": 0.19913571428571422,
        "solve_duration_time": 5.526321887969971
    }
}