{
    "values": {
        "n_trees": 50,
        "max_depth": 10,
        "real_max_depth": 10,
        "seed": 2,
        "accuracy test": 0.5992857142857143,
        "accuracy train": 0.83,
        "solve_status": "FEASIBLE",
        "mean-error": 0.047142857142857146,
        "random_error": 0.1973785714285715,
        "solve_duration_time": 3722.6790709495544
    }
}