{
    "values": {
        "n_trees": 90,
        "max_depth": 4,
        "real_max_depth": 4,
        "seed": 0,
        "accuracy test": 0.655,
        "accuracy train": 0.77,
        "solve_status": "FEASIBLE",
        "mean-error": 0.06357142857142857,
        "random_error": 0.2105928571428571,
        "solve_duration_time": 3685.7138261795044
    }
}