{
    "values": {
        "n_trees": 90,
        "max_depth": 2,
        "real_max_depth": 2,
        "seed": 1,
        "accuracy test": 0.5835714285714285,
        "accuracy train": 0.69,
        "solve_status": "OPTIMAL",
        "mean-error": 0.027142857142857146,
        "random_error": 0.19913571428571422,
        "solve_duration_time": 11.96651840209961
    }
}