{
    "values": {
        "n_trees": 10,
        "max_depth": 5,
        "real_max_depth": 5,
        "seed": 0,
        "accuracy test": 0.5978571428571429,
        "accuracy train": 0.82,
        "solve_status": "OPTIMAL",
        "mean-error": 0.002857142857142857,
        "random_error": 0.2105928571428571,
        "solve_duration_time": 3.432788133621216
    }
}