{
    "values": {
        "n_trees": 1,
        "max_depth": 3,
        "real_max_depth": 3,
        "seed": 1,
        "accuracy test": 0.6235714285714286,
        "accuracy train": 0.65,
        "solve_status": "FEASIBLE",
        "mean-error": 0.3192857142857142,
        "random_error": 0.19913571428571422,
        "solve_duration_time": 3600.8022832870483
    }
}