{
    "values": {
        "n_trees": 30,
        "max_depth": 3,
        "real_max_depth": 3,
        "seed": 2,
        "accuracy test": 0.6678571428571428,
        "accuracy train": 0.71,
        "solve_status": "OPTIMAL",
        "mean-error": 0.019999999999999993,
        "random_error": 0.1973785714285715,
        "solve_duration_time": 5.689357042312622
    }
}