{
    "values": {
        "n_trees": 50,
        "max_depth": 5,
        "real_max_depth": 5,
        "seed": 0,
        "accuracy test": 0.6114285714285714,
        "accuracy train": 0.82,
        "solve_status": "FEASIBLE",
        "mean-error": 0.06071428571428574,
        "random_error": 0.2105928571428571,
        "solve_duration_time": 3644.014403104782
    }
}