{
    "values": {
        "n_trees": 60,
        "max_depth": 4,
        "real_max_depth": 4,
        "seed": 1,
        "accuracy test": 0.6192857142857143,
        "accuracy train": 0.75,
        "solve_status": "FEASIBLE",
        "mean-error": 0.08285714285714288,
        "random_error": 0.19913571428571422,
        "solve_duration_time": 3656.4098529815674
    }
}