{
    "values": {
        "n_trees": 100,
        "max_depth": 5,
        "real_max_depth": 5,
        "seed": 2,
        "accuracy test": 0.6507142857142857,
        "accuracy train": 0.8,
        "solve_status": "FEASIBLE",
        "mean-error": 0.06142857142857141,
        "random_error": 0.1973785714285715,
        "solve_duration_time": 3728.778328180313
    }
}