{
    "values": {
        "n_trees": 60,
        "max_depth": 5,
        "real_max_depth": 5,
        "seed": 2,
        "accuracy test": 0.6542857142857142,
        "accuracy train": 0.8,
        "solve_status": "FEASIBLE",
        "mean-error": 0.06499999999999999,
        "random_error": 0.1973785714285715,
        "solve_duration_time": 3652.4812700748444
    }
}