{
    "values": {
        "n_trees": 1,
        "max_depth": null,
        "real_max_depth": 9,
        "seed": 1,
        "accuracy test": 0.6057142857142858,
        "accuracy train": 0.72,
        "solve_status": "FEASIBLE",
        "mean-error": 0.15642857142857133,
        "random_error": 0.19913571428571422,
        "solve_duration_time": 3602.3222596645355
    }
}