{
    "values": {
        "n_trees": 20,
        "max_depth": null,
        "real_max_depth": 12,
        "seed": 1,
        "accuracy test": 0.6114285714285714,
        "accuracy train": 0.76,
        "solve_status": "OPTIMAL",
        "mean-error": 0.0,
        "random_error": 0.19913571428571422,
        "solve_duration_time": 45.99140214920044
    }
}