{
    "values": {
        "n_trees": 90,
        "max_depth": 2,
        "real_max_depth": 2,
        "seed": 0,
        "accuracy test": 0.6585714285714286,
        "accuracy train": 0.69,
        "solve_status": "OPTIMAL",
        "mean-error": 0.027142857142857153,
        "random_error": 0.2105928571428571,
        "solve_duration_time": 7.559713363647461
    }
}