{
    "values": {
        "n_trees": 30,
        "max_depth": 2,
        "real_max_depth": 2,
        "seed": 4,
        "accuracy test": 0.5785714285714286,
        "accuracy train": 0.63,
        "solve_status": "FEASIBLE",
        "mean-error": 0.08928571428571429,
        "random_error": 0.20382857142857141,
        "solve_duration_time": 3613.2209947109222
    }
}