{
    "values": {
        "n_trees": 30,
        "max_depth": 2,
        "real_max_depth": 2,
        "seed": 0,
        "accuracy test": 0.6557142857142857,
        "accuracy train": 0.68,
        "solve_status": "FEASIBLE",
        "mean-error": 0.11642857142857135,
        "random_error": 0.2105928571428571,
        "solve_duration_time": 3609.9890677928925
    }
}