{
    "values": {
        "n_trees": 20,
        "max_depth": 5,
        "real_max_depth": 5,
        "seed": 2,
        "accuracy test": 0.6521428571428571,
        "accuracy train": 0.8,
        "solve_status": "FEASIBLE",
        "mean-error": 0.07214285714285716,
        "random_error": 0.1973785714285715,
        "solve_duration_time": 3627.3575913906097
    }
}