{
    "values": {
        "n_trees": 100,
        "max_depth": 10,
        "real_max_depth": 10,
        "seed": 4,
        "accuracy test": 0.5335714285714286,
        "accuracy train": 0.78,
        "solve_status": "FEASIBLE",
        "mean-error": 0.030714285714285722,
        "random_error": 0.20382857142857141,
        "solve_duration_time": 11052.405458211899
    }
}