{
    "values": {
        "n_trees": 70,
        "max_depth": 10,
        "real_max_depth": 10,
        "seed": 3,
        "accuracy test": 0.5721428571428572,
        "accuracy train": 0.76,
        "solve_status": "FEASIBLE",
        "mean-error": 0.05142857142857144,
        "random_error": 0.20811428571428564,
        "solve_duration_time": 7385.63658452034
    }
}