{
    "values": {
        "n_trees": 10,
        "max_depth": 2,
        "real_max_depth": 2,
        "seed": 1,
        "accuracy test": 0.6478571428571429,
        "accuracy train": 0.69,
        "solve_status": "OPTIMAL",
        "mean-error": 0.07714285714285714,
        "random_error": 0.19913571428571422,
        "solve_duration_time": 0.7285318374633789
    }
}