{
    "values": {
        "n_trees": 5,
        "max_depth": null,
        "real_max_depth": 11,
        "seed": 2,
        "accuracy test": 0.5957142857142858,
        "accuracy train": 0.81,
        "solve_status": "FEASIBLE",
        "mean-error": 0.06785714285714288,
        "random_error": 0.1973785714285715,
        "solve_duration_time": 3609.292299747467
    }
}