{
    "values": {
        "n_trees": 80,
        "max_depth": 4,
        "real_max_depth": 4,
        "seed": 4,
        "accuracy test": 0.5971428571428572,
        "accuracy train": 0.68,
        "solve_status": "FEASIBLE",
        "mean-error": 0.0642857142857143,
        "random_error": 0.20382857142857141,
        "solve_duration_time": 3669.249654531479
    }
}