{
    "values": {
        "n_trees": 10,
        "max_depth": 3,
        "real_max_depth": 3,
        "seed": 1,
        "accuracy test": 0.57,
        "accuracy train": 0.67,
        "solve_status": "FEASIBLE",
        "mean-error": 0.10571428571428569,
        "random_error": 0.19913571428571422,
        "solve_duration_time": 3605.0355517864227
    }
}