{
    "values": {
        "n_trees": 5,
        "max_depth": 5,
        "real_max_depth": 5,
        "seed": 2,
        "accuracy test": 0.6214285714285714,
        "accuracy train": 0.79,
        "solve_status": "OPTIMAL",
        "mean-error": 0.030000000000000006,
        "random_error": 0.1973785714285715,
        "solve_duration_time": 2.6033337116241455
    }
}