{
    "values": {
        "n_trees": 50,
        "max_depth": 4,
        "real_max_depth": 4,
        "seed": 3,
        "accuracy test": 0.6064285714285714,
        "accuracy train": 0.73,
        "solve_status": "FEASIBLE",
        "mean-error": 0.08357142857142857,
        "random_error": 0.20811428571428564,
        "solve_duration_time": 3648.3649849891663
    }
}