{
    "values": {
        "n_trees": 40,
        "max_depth": 4,
        "real_max_depth": 4,
        "seed": 0,
        "accuracy test": 0.6257142857142857,
        "accuracy train": 0.77,
        "solve_status": "OPTIMAL",
        "mean-error": 0.0014285714285714286,
        "random_error": 0.2105928571428571,
        "solve_duration_time": 19.257566452026367
    }
}