{
    "values": {
        "n_trees": 70,
        "max_depth": 5,
        "real_max_depth": 5,
        "seed": 3,
        "accuracy test": 0.5914285714285714,
        "accuracy train": 0.74,
        "solve_status": "FEASIBLE",
        "mean-error": 0.06571428571428571,
        "random_error": 0.20811428571428564,
        "solve_duration_time": 3708.236160516739
    }
}