{
    "values": {
        "n_trees": 20,
        "max_depth": 2,
        "real_max_depth": 2,
        "seed": 3,
        "accuracy test": 0.5414285714285715,
        "accuracy train": 0.66,
        "solve_status": "OPTIMAL",
        "mean-error": 0.09714285714285711,
        "random_error": 0.20811428571428564,
        "solve_duration_time": 1.7746098041534424
    }
}