{
    "values": {
        "n_trees": 20,
        "max_depth": 4,
        "real_max_depth": 4,
        "seed": 2,
        "accuracy test": 0.6521428571428571,
        "accuracy train": 0.79,
        "solve_status": "FEASIBLE",
        "mean-error": 0.08000000000000002,
        "random_error": 0.1973785714285715,
        "solve_duration_time": 3620.305104970932
    }
}