{
    "values": {
        "n_trees": 90,
        "max_depth": 5,
        "real_max_depth": 5,
        "seed": 0,
        "accuracy test": 0.6478571428571429,
        "accuracy train": 0.79,
        "solve_status": "FEASIBLE",
        "mean-error": 0.06500000000000004,
        "random_error": 0.2105928571428571,
        "solve_duration_time": 3690.6601021289825
    }
}