{
    "values": {
        "n_trees": 1,
        "max_depth": null,
        "real_max_depth": 9,
        "seed": 3,
        "accuracy test": 0.53,
        "accuracy train": 0.71,
        "solve_status": "FEASIBLE",
        "mean-error": 0.11642857142857137,
        "random_error": 0.20811428571428564,
        "solve_duration_time": 3601.994734764099
    }
}