{
    "values": {
        "n_trees": 10,
        "max_depth": 2,
        "real_max_depth": 2,
        "seed": 1,
        "accuracy test": 0.6235714285714286,
        "accuracy train": 0.66,
        "solve_status": "FEASIBLE",
        "mean-error": 0.17499999999999996,
        "random_error": 0.19913571428571422,
        "solve_duration_time": 3603.2093498706818
    }
}