{
    "values": {
        "n_trees": 90,
        "max_depth": 10,
        "real_max_depth": 10,
        "seed": 4,
        "accuracy test": 0.53,
        "accuracy train": 0.78,
        "solve_status": "FEASIBLE",
        "mean-error": 0.03499999999999999,
        "random_error": 0.20382857142857141,
        "solve_duration_time": 7405.973945856094
    }
}