{
    "values": {
        "n_trees": 50,
        "max_depth": 4,
        "real_max_depth": 4,
        "seed": 0,
        "accuracy test": 0.6271428571428571,
        "accuracy train": 0.76,
        "solve_status": "FEASIBLE",
        "mean-error": 0.057857142857142885,
        "random_error": 0.2105928571428571,
        "solve_duration_time": 3648.3778166770935
    }
}