{
    "values": {
        "n_trees": 80,
        "max_depth": 10,
        "real_max_depth": 10,
        "seed": 3,
        "accuracy test": 0.5707142857142857,
        "accuracy train": 0.76,
        "solve_status": "FEASIBLE",
        "mean-error": 0.04500000000000001,
        "random_error": 0.20811428571428564,
        "solve_duration_time": 7339.65243434906
    }
}