{
    "values": {
        "n_trees": 10,
        "max_depth": 4,
        "real_max_depth": 4,
        "seed": 3,
        "accuracy test": 0.5535714285714286,
        "accuracy train": 0.69,
        "solve_status": "FEASIBLE",
        "mean-error": 0.09214285714285712,
        "random_error": 0.20811428571428564,
        "solve_duration_time": 3609.6213641166687
    }
}