{
    "values": {
        "n_trees": 50,
        "max_depth": 2,
        "real_max_depth": 2,
        "seed": 4,
        "accuracy test": 0.5864285714285714,
        "accuracy train": 0.64,
        "solve_status": "OPTIMAL",
        "mean-error": 0.05285714285714288,
        "random_error": 0.20382857142857141,
        "solve_duration_time": 2.940704345703125
    }
}