{
    "values": {
        "n_trees": 10,
        "max_depth": null,
        "real_max_depth": 11,
        "seed": 2,
        "accuracy test": 0.5778571428571428,
        "accuracy train": 0.83,
        "solve_status": "FEASIBLE",
        "mean-error": 0.04642857142857143,
        "random_error": 0.1973785714285715,
        "solve_duration_time": 3616.950391769409
    }
}