{
    "values": {
        "n_trees": 1,
        "max_depth": 4,
        "real_max_depth": 4,
        "seed": 2,
        "accuracy test": 0.6257142857142857,
        "accuracy train": 0.71,
        "solve_status": "OPTIMAL",
        "mean-error": 0.2121428571428569,
        "random_error": 0.1973785714285715,
        "solve_duration_time": 0.3125269412994385
    }
}