{
    "values": {
        "n_trees": 100,
        "max_depth": 3,
        "real_max_depth": 3,
        "seed": 1,
        "accuracy test": 0.6214285714285714,
        "accuracy train": 0.73,
        "solve_status": "OPTIMAL",
        "mean-error": 0.0,
        "random_error": 0.19913571428571422,
        "solve_duration_time": 28.214208364486694
    }
}