{
    "values": {
        "n_trees": 100,
        "max_depth": 10,
        "real_max_depth": 10,
        "seed": 3,
        "accuracy test": 0.575,
        "accuracy train": 0.76,
        "solve_status": "FEASIBLE",
        "mean-error": 0.05428571428571427,
        "random_error": 0.20811428571428564,
        "solve_duration_time": 7460.436055898666
    }
}