{
    "values": {
        "n_trees": 90,
        "max_depth": 10,
        "real_max_depth": 10,
        "seed": 0,
        "accuracy test": 0.5707142857142857,
        "accuracy train": 0.87,
        "solve_status": "OPTIMAL",
        "mean-error": 0.0,
        "random_error": 0.2105928571428571,
        "solve_duration_time": 72.93006944656372
    }
}