{
    "values": {
        "n_trees": 40,
        "max_depth": 10,
        "real_max_depth": 10,
        "seed": 2,
        "accuracy test": 0.6007142857142858,
        "accuracy train": 0.83,
        "solve_status": "FEASIBLE",
        "mean-error": 0.051428571428571435,
        "random_error": 0.1973785714285715,
        "solve_duration_time": 3664.0818469524384
    }
}