{
    "values": {
        "n_trees": 1,
        "max_depth": 2,
        "real_max_depth": 2,
        "seed": 3,
        "accuracy test": 0.56,
        "accuracy train": 0.62,
        "solve_status": "FEASIBLE",
        "mean-error": 0.3428571428571427,
        "random_error": 0.20811428571428564,
        "solve_duration_time": 3600.632708787918
    }
}