{
    "values": {
        "n_trees": 60,
        "max_depth": 4,
        "real_max_depth": 4,
        "seed": 3,
        "accuracy test": 0.6014285714285714,
        "accuracy train": 0.74,
        "solve_status": "FEASIBLE",
        "mean-error": 0.07642857142857143,
        "random_error": 0.20811428571428564,
        "solve_duration_time": 3657.419226169586
    }
}