{
    "values": {
        "n_trees": 70,
        "max_depth": 10,
        "real_max_depth": 10,
        "seed": 4,
        "accuracy test": 0.5292857142857142,
        "accuracy train": 0.78,
        "solve_status": "FEASIBLE",
        "mean-error": 0.03571428571428572,
        "random_error": 0.20382857142857141,
        "solve_duration_time": 3764.1704709529877
    }
}