{
    "values": {
        "n_trees": 100,
        "max_depth": 4,
        "real_max_depth": 4,
        "seed": 2,
        "accuracy test": 0.6535714285714286,
        "accuracy train": 0.79,
        "solve_status": "OPTIMAL",
        "mean-error": 0.0,
        "random_error": 0.1973785714285715,
        "solve_duration_time": 34.172452211380005
    }
}