{
    "values": {
        "n_trees": 100,
        "max_depth": 4,
        "real_max_depth": 4,
        "seed": 2,
        "accuracy test": 0.7842857142857143,
        "accuracy train": 0.88,
        "solve_status": "FEASIBLE",
        "mean-error": 0.14761904761904748,
        "random_error": 0.2675190476190473,
        "solve_duration_time": 7309.891572475433
    }
}