{
    "values": {
        "n_trees": 1,
        "max_depth": 10,
        "real_max_depth": 10,
        "seed": 3,
        "accuracy test": 0.6942857142857143,
        "accuracy train": 0.97,
        "solve_status": "OPTIMAL",
        "mean-error": 0.2190476190476188,
        "random_error": 0.2677476190476187,
        "solve_duration_time": 0.7480247020721436
    }
}