{
    "values": {
        "n_trees": 40,
        "max_depth": 10,
        "real_max_depth": 10,
        "seed": 2,
        "accuracy test": 0.7728571428571429,
        "accuracy train": 0.97,
        "solve_status": "FEASIBLE",
        "mean-error": 0.11333333333333324,
        "random_error": 0.2675190476190473,
        "solve_duration_time": 7298.44055557251
    }
}