{
    "values": {
        "n_trees": 100,
        "max_depth": 2,
        "real_max_depth": 2,
        "seed": 3,
        "accuracy test": 0.82,
        "accuracy train": 0.77,
        "solve_status": "OPTIMAL",
        "mean-error": 0.1252380952380951,
        "random_error": 0.2677476190476187,
        "solve_duration_time": 97.48623847961426
    }
}