{
    "values": {
        "n_trees": 5,
        "max_depth": 5,
        "real_max_depth": 5,
        "seed": 4,
        "accuracy test": 0.775,
        "accuracy train": 0.89,
        "solve_status": "OPTIMAL",
        "mean-error": 0.13809523809523802,
        "random_error": 0.2685095238095234,
        "solve_duration_time": 2.93320369720459
    }
}