{
    "values": {
        "n_trees": 50,
        "max_depth": 4,
        "real_max_depth": 4,
        "seed": 0,
        "accuracy test": 0.8071428571428572,
        "accuracy train": 0.88,
        "solve_status": "FEASIBLE",
        "mean-error": 0.15952380952380937,
        "random_error": 0.2643523809523805,
        "solve_duration_time": 7255.1910808086395
    }
}