{
    "values": {
        "n_trees": 60,
        "max_depth": 2,
        "real_max_depth": 2,
        "seed": 2,
        "accuracy test": 0.7885714285714286,
        "accuracy train": 0.85,
        "solve_status": "OPTIMAL",
        "mean-error": 0.1419047619047617,
        "random_error": 0.2675190476190473,
        "solve_duration_time": 9.09679913520813
    }
}