{
    "values": {
        "n_trees": 40,
        "max_depth": 10,
        "real_max_depth": 10,
        "seed": 4,
        "accuracy test": 0.7321428571428571,
        "accuracy train": 0.98,
        "solve_status": "OPTIMAL",
        "mean-error": 0.0019047619047619048,
        "random_error": 0.2685095238095234,
        "solve_duration_time": 373.9354603290558
    }
}