{
    "values": {
        "n_trees": 70,
        "max_depth": 3,
        "real_max_depth": 3,
        "seed": 1,
        "accuracy test": 0.765,
        "accuracy train": 0.74,
        "solve_status": "OPTIMAL",
        "mean-error": 0.049523809523809505,
        "random_error": 0.27283333333333293,
        "solve_duration_time": 15.713600158691406
    }
}