{
    "values": {
        "n_trees": 40,
        "max_depth": 10,
        "real_max_depth": 10,
        "seed": 4,
        "accuracy test": 0.7421428571428571,
        "accuracy train": 0.98,
        "solve_status": "FEASIBLE",
        "mean-error": 0.11380952380952378,
        "random_error": 0.2685095238095234,
        "solve_duration_time": 7267.175320863724
    }
}