{
    "values": {
        "n_trees": 1,
        "max_depth": 10,
        "real_max_depth": 10,
        "seed": 2,
        "accuracy test": 0.7292857142857143,
        "accuracy train": 0.98,
        "solve_status": "OPTIMAL",
        "mean-error": 0.22666666666666643,
        "random_error": 0.2675190476190473,
        "solve_duration_time": 0.6895532608032227
    }
}