{
    "values": {
        "n_trees": 50,
        "max_depth": 5,
        "real_max_depth": 5,
        "seed": 3,
        "accuracy test": 0.7914285714285715,
        "accuracy train": 0.87,
        "solve_status": "OPTIMAL",
        "mean-error": 0.0047619047619047615,
        "random_error": 0.2677476190476187,
        "solve_duration_time": 90.30655026435852
    }
}