{
    "values": {
        "n_trees": 50,
        "max_depth": 4,
        "real_max_depth": 4,
        "seed": 1,
        "accuracy test": 0.7721428571428571,
        "accuracy train": 0.78,
        "solve_status": "FEASIBLE",
        "mean-error": 0.14666666666666653,
        "random_error": 0.27283333333333293,
        "solve_duration_time": 7255.4485013484955
    }
}