{
    "values": {
        "n_trees": 70,
        "max_depth": 4,
        "real_max_depth": 4,
        "seed": 1,
        "accuracy test": 0.7728571428571429,
        "accuracy train": 0.77,
        "solve_status": "FEASIBLE",
        "mean-error": 0.14904761904761896,
        "random_error": 0.27283333333333293,
        "solve_duration_time": 7254.652953863144
    }
}