{
    "values": {
        "n_trees": 20,
        "max_depth": 2,
        "real_max_depth": 2,
        "seed": 2,
        "accuracy test": 0.79,
        "accuracy train": 0.86,
        "solve_status": "OPTIMAL",
        "mean-error": 0.18190476190476176,
        "random_error": 0.2675190476190473,
        "solve_duration_time": 2.10837984085083
    }
}