{
    "values": {
        "n_trees": 50,
        "max_depth": 10,
        "real_max_depth": 10,
        "seed": 2,
        "accuracy test": 0.7592857142857142,
        "accuracy train": 0.98,
        "solve_status": "OPTIMAL",
        "mean-error": 0.0019047619047619048,
        "random_error": 0.2675190476190473,
        "solve_duration_time": 81.47341775894165
    }
}