{
    "values": {
        "n_trees": 50,
        "max_depth": 10,
        "real_max_depth": 10,
        "seed": 3,
        "accuracy test": 0.7285714285714285,
        "accuracy train": 1.0,
        "solve_status": "OPTIMAL",
        "mean-error": 0.0,
        "random_error": 0.2677476190476187,
        "solve_duration_time": 78.64561772346497
    }
}