{
    "values": {
        "n_trees": 50,
        "max_depth": 3,
        "real_max_depth": 3,
        "seed": 1,
        "accuracy test": 0.765,
        "accuracy train": 0.74,
        "solve_status": "OPTIMAL",
        "mean-error": 0.06714285714285707,
        "random_error": 0.27283333333333293,
        "solve_duration_time": 12.41399884223938
    }
}