{
    "values": {
        "n_trees": 60,
        "max_depth": 3,
        "real_max_depth": 3,
        "seed": 1,
        "accuracy test": 0.7664285714285715,
        "accuracy train": 0.74,
        "solve_status": "OPTIMAL",
        "mean-error": 0.05904761904761901,
        "random_error": 0.27283333333333293,
        "solve_duration_time": 19.03209686279297
    }
}