{
    "values": {
        "n_trees": 90,
        "max_depth": 10,
        "real_max_depth": 10,
        "seed": 1,
        "accuracy test": 0.6942857142857143,
        "accuracy train": 0.92,
        "solve_status": "OPTIMAL",
        "mean-error": 0.0,
        "random_error": 0.27283333333333293,
        "solve_duration_time": 141.47904539108276
    }
}