{
    "values": {
        "n_trees": 80,
        "max_depth": null,
        "real_max_depth": 12,
        "seed": 4,
        "accuracy test": 0.755,
        "accuracy train": 0.98,
        "solve_status": "UNKNOWN",
        "mean-error": 0.2685095238095234,
        "random_error": 0.2685095238095234,
        "solve_duration_time": 18194.844270706177
    }
}