{
    "values": {
        "n_trees": 70,
        "max_depth": 5,
        "real_max_depth": 5,
        "seed": 1,
        "accuracy test": 0.7657142857142857,
        "accuracy train": 0.79,
        "solve_status": "FEASIBLE",
        "mean-error": 0.128095238095238,
        "random_error": 0.27283333333333293,
        "solve_duration_time": 7284.821045160294
    }
}