{
    "values": {
        "n_trees": 20,
        "max_depth": null,
        "real_max_depth": 14,
        "seed": 1,
        "accuracy test": 0.6942857142857143,
        "accuracy train": 0.92,
        "solve_status": "OPTIMAL",
        "mean-error": 0.002857142857142857,
        "random_error": 0.27283333333333293,
        "solve_duration_time": 37.06422758102417
    }
}