{
    "values": {
        "n_trees": 20,
        "max_depth": 2,
        "real_max_depth": 2,
        "seed": 0,
        "accuracy test": 0.8057142857142857,
        "accuracy train": 0.8,
        "solve_status": "FEASIBLE",
        "mean-error": 0.25666666666666627,
        "random_error": 0.2643523809523805,
        "solve_duration_time": 7210.607532501221
    }
}