{
    "values": {
        "n_trees": 70,
        "max_depth": 3,
        "real_max_depth": 3,
        "seed": 0,
        "accuracy test": 0.8042857142857143,
        "accuracy train": 0.84,
        "solve_status": "FEASIBLE",
        "mean-error": 0.1685714285714284,
        "random_error": 0.2643523809523805,
        "solve_duration_time": 7241.730175971985
    }
}