{
    "values": {
        "n_trees": 40,
        "max_depth": 4,
        "real_max_depth": 4,
        "seed": 2,
        "accuracy test": 0.7821428571428571,
        "accuracy train": 0.88,
        "solve_status": "FEASIBLE",
        "mean-error": 0.1485714285714284,
        "random_error": 0.2675190476190473,
        "solve_duration_time": 7230.94787311554
    }
}