{
    "values": {
        "n_trees": 100,
        "max_depth": 10,
        "real_max_depth": 10,
        "seed": 2,
        "accuracy test": 0.7592857142857142,
        "accuracy train": 0.98,
        "solve_status": "OPTIMAL",
        "mean-error": 0.0009523809523809524,
        "random_error": 0.2675190476190473,
        "solve_duration_time": 1242.6898725032806
    }
}