{
    "values": {
        "n_trees": 30,
        "max_depth": 5,
        "real_max_depth": 5,
        "seed": 1,
        "accuracy test": 0.7578571428571429,
        "accuracy train": 0.8,
        "solve_status": "FEASIBLE",
        "mean-error": 0.13380952380952368,
        "random_error": 0.27283333333333293,
        "solve_duration_time": 7233.3190932273865
    }
}