{
    "values": {
        "n_trees": 10,
        "max_depth": 2,
        "real_max_depth": 2,
        "seed": 4,
        "accuracy test": 0.7878571428571428,
        "accuracy train": 0.86,
        "solve_status": "FEASIBLE",
        "mean-error": 0.23571428571428543,
        "random_error": 0.2685095238095234,
        "solve_duration_time": 7205.656315803528
    }
}