{
    "values": {
        "n_trees": 30,
        "max_depth": 3,
        "real_max_depth": 3,
        "seed": 3,
        "accuracy test": 0.8107142857142857,
        "accuracy train": 0.79,
        "solve_status": "FEASIBLE",
        "mean-error": 0.18523809523809504,
        "random_error": 0.2677476190476187,
        "solve_duration_time": 7223.056354522705
    }
}