{
    "values": {
        "n_trees": 1,
        "max_depth": 4,
        "real_max_depth": 4,
        "seed": 1,
        "accuracy test": 0.7757142857142857,
        "accuracy train": 0.75,
        "solve_status": "FEASIBLE",
        "mean-error": 0.3190476190476186,
        "random_error": 0.27283333333333293,
        "solve_duration_time": 7201.133609056473
    }
}