{
    "values": {
        "n_trees": 40,
        "max_depth": 5,
        "real_max_depth": 5,
        "seed": 0,
        "accuracy test": 0.8042857142857143,
        "accuracy train": 0.89,
        "solve_status": "OPTIMAL",
        "mean-error": 0.00761904761904762,
        "random_error": 0.2643523809523805,
        "solve_duration_time": 10871.33321237564
    }
}