{
    "values": {
        "n_trees": 5,
        "max_depth": 10,
        "real_max_depth": 10,
        "seed": 2,
        "accuracy test": 0.7378571428571429,
        "accuracy train": 0.98,
        "solve_status": "OPTIMAL",
        "mean-error": 0.11571428571428566,
        "random_error": 0.2675190476190473,
        "solve_duration_time": 9.710884809494019
    }
}