{
    "values": {
        "n_trees": 1,
        "max_depth": 5,
        "real_max_depth": 5,
        "seed": 3,
        "accuracy test": 0.785,
        "accuracy train": 0.78,
        "solve_status": "FEASIBLE",
        "mean-error": 0.3847619047619045,
        "random_error": 0.2677476190476187,
        "solve_duration_time": 7201.7080092430115
    }
}