{
    "values": {
        "n_trees": 100,
        "max_depth": 3,
        "real_max_depth": 3,
        "seed": 4,
        "accuracy test": 0.7814285714285715,
        "accuracy train": 0.86,
        "solve_status": "FEASIBLE",
        "mean-error": 0.16047619047619033,
        "random_error": 0.2685095238095234,
        "solve_duration_time": 7257.781587600708
    }
}