{
    "values": {
        "n_trees": 20,
        "max_depth": 4,
        "real_max_depth": 4,
        "seed": 0,
        "accuracy test": 0.8085714285714286,
        "accuracy train": 0.88,
        "solve_status": "OPTIMAL",
        "mean-error": 0.08285714285714281,
        "random_error": 0.2643523809523805,
        "solve_duration_time": 260.8702070713043
    }
}