{
    "values": {
        "n_trees": 60,
        "max_depth": null,
        "real_max_depth": 12,
        "seed": 4,
        "accuracy test": 0.7507142857142857,
        "accuracy train": 0.98,
        "solve_status": "FEASIBLE",
        "mean-error": 0.10285714285714276,
        "random_error": 0.2685095238095234,
        "solve_duration_time": 7338.632461071014
    }
}