{
    "values": {
        "n_trees": 10,
        "max_depth": null,
        "real_max_depth": 13,
        "seed": 1,
        "accuracy test": 0.7014285714285714,
        "accuracy train": 0.92,
        "solve_status": "OPTIMAL",
        "mean-error": 0.021904761904761906,
        "random_error": 0.27283333333333293,
        "solve_duration_time": 21.943090438842773
    }
}