{
    "values": {
        "n_trees": 1,
        "max_depth": 3,
        "real_max_depth": 3,
        "seed": 3,
        "accuracy test": 0.7914285714285715,
        "accuracy train": 0.74,
        "solve_status": "FEASIBLE",
        "mean-error": 0.36809523809523775,
        "random_error": 0.2677476190476187,
        "solve_duration_time": 7201.058656215668
    }
}