{
    "values": {
        "n_trees": 20,
        "max_depth": 2,
        "real_max_depth": 2,
        "seed": 1,
        "accuracy test": 0.7778571428571428,
        "accuracy train": 0.73,
        "solve_status": "OPTIMAL",
        "mean-error": 0.24238095238095209,
        "random_error": 0.27283333333333293,
        "solve_duration_time": 1.8804759979248047
    }
}