{
    "values": {
        "n_trees": 20,
        "max_depth": 4,
        "real_max_depth": 4,
        "seed": 1,
        "accuracy test": 0.7714285714285715,
        "accuracy train": 0.75,
        "solve_status": "OPTIMAL",
        "mean-error": 0.09190476190476185,
        "random_error": 0.27283333333333293,
        "solve_duration_time": 19.51693367958069
    }
}