{
    "values": {
        "n_trees": 30,
        "max_depth": 5,
        "real_max_depth": 5,
        "seed": 0,
        "accuracy test": 0.8007142857142857,
        "accuracy train": 0.89,
        "solve_status": "UNKNOWN",
        "mean-error": 0.2643523809523805,
        "random_error": 0.2643523809523805,
        "solve_duration_time": 18007.734025239944
    }
}