{
    "values": {
        "n_trees": 70,
        "max_depth": 10,
        "real_max_depth": 10,
        "seed": 2,
        "accuracy test": 0.77,
        "accuracy train": 0.98,
        "solve_status": "FEASIBLE",
        "mean-error": 0.09904761904761901,
        "random_error": 0.2675190476190473,
        "solve_duration_time": 18164.237241744995
    }
}