{
    "values": {
        "n_trees": 90,
        "max_depth": 3,
        "real_max_depth": 3,
        "seed": 0,
        "accuracy test": 0.8078571428571428,
        "accuracy train": 0.84,
        "solve_status": "FEASIBLE",
        "mean-error": 0.17190476190476173,
        "random_error": 0.2643523809523805,
        "solve_duration_time": 7268.004290342331
    }
}