{
    "values": {
        "n_trees": 30,
        "max_depth": 10,
        "real_max_depth": 10,
        "seed": 4,
        "accuracy test": 0.735,
        "accuracy train": 0.98,
        "solve_status": "OPTIMAL",
        "mean-error": 0.005238095238095237,
        "random_error": 0.2685095238095234,
        "solve_duration_time": 77.68810820579529
    }
}