{
    "values": {
        "n_trees": 10,
        "max_depth": 4,
        "real_max_depth": 4,
        "seed": 0,
        "accuracy test": 0.7992857142857143,
        "accuracy train": 0.9,
        "solve_status": "OPTIMAL",
        "mean-error": 0.12904761904761888,
        "random_error": 0.2643523809523805,
        "solve_duration_time": 3.3844141960144043
    }
}