{
    "values": {
        "n_trees": 5,
        "max_depth": 4,
        "real_max_depth": 4,
        "seed": 3,
        "accuracy test": 0.81,
        "accuracy train": 0.8,
        "solve_status": "FEASIBLE",
        "mean-error": 0.22523809523809493,
        "random_error": 0.2677476190476187,
        "solve_duration_time": 7205.700444459915
    }
}