{
    "values": {
        "n_trees": 90,
        "max_depth": 4,
        "real_max_depth": 4,
        "seed": 0,
        "accuracy test": 0.8078571428571428,
        "accuracy train": 0.87,
        "solve_status": "FEASIBLE",
        "mean-error": 0.15619047619047602,
        "random_error": 0.2643523809523805,
        "solve_duration_time": 7299.892006397247
    }
}