{
    "values": {
        "n_trees": 1,
        "max_depth": 2,
        "real_max_depth": 2,
        "seed": 3,
        "accuracy test": 0.8157142857142857,
        "accuracy train": 0.73,
        "solve_status": "FEASIBLE",
        "mean-error": 0.3952380952380949,
        "random_error": 0.2677476190476187,
        "solve_duration_time": 7200.770336151123
    }
}