{
    "values": {
        "n_trees": 10,
        "max_depth": null,
        "real_max_depth": 11,
        "seed": 0,
        "accuracy test": 0.7578571428571429,
        "accuracy train": 0.97,
        "solve_status": "FEASIBLE",
        "mean-error": 0.15095238095238078,
        "random_error": 0.2643523809523805,
        "solve_duration_time": 7224.898944139481
    }
}