{
    "values": {
        "n_trees": 60,
        "max_depth": 2,
        "real_max_depth": 2,
        "seed": 4,
        "accuracy test": 0.7928571428571428,
        "accuracy train": 0.84,
        "solve_status": "FEASIBLE",
        "mean-error": 0.2261904761904758,
        "random_error": 0.2685095238095234,
        "solve_duration_time": 7231.0384957790375
    }
}