{
    "values": {
        "n_trees": 30,
        "max_depth": 2,
        "real_max_depth": 2,
        "seed": 4,
        "accuracy test": 0.79,
        "accuracy train": 0.85,
        "solve_status": "FEASIBLE",
        "mean-error": 0.22714285714285684,
        "random_error": 0.2685095238095234,
        "solve_duration_time": 7214.703836679459
    }
}