{
    "values": {
        "n_trees": 20,
        "max_depth": 3,
        "real_max_depth": 3,
        "seed": 3,
        "accuracy test": 0.8092857142857143,
        "accuracy train": 0.8,
        "solve_status": "OPTIMAL",
        "mean-error": 0.11714285714285698,
        "random_error": 0.2677476190476187,
        "solve_duration_time": 5.775947093963623
    }
}