{
    "values": {
        "n_trees": 50,
        "max_depth": 4,
        "real_max_depth": 4,
        "seed": 4,
        "accuracy test": 0.7814285714285715,
        "accuracy train": 0.86,
        "solve_status": "FEASIBLE",
        "mean-error": 0.1438095238095236,
        "random_error": 0.2685095238095234,
        "solve_duration_time": 7239.114965677261
    }
}