{
    "values": {
        "n_trees": 10,
        "max_depth": 10,
        "real_max_depth": 10,
        "seed": 1,
        "accuracy test": 0.6657142857142857,
        "accuracy train": 0.92,
        "solve_status": "OPTIMAL",
        "mean-error": 0.02619047619047619,
        "random_error": 0.27283333333333293,
        "solve_duration_time": 22.003296613693237
    }
}