{
    "values": {
        "n_trees": 100,
        "max_depth": 5,
        "real_max_depth": 5,
        "seed": 3,
        "accuracy test": 0.795,
        "accuracy train": 0.83,
        "solve_status": "FEASIBLE",
        "mean-error": 0.1642857142857141,
        "random_error": 0.2677476190476187,
        "solve_duration_time": 7315.819415569305
    }
}