{
    "values": {
        "n_trees": 90,
        "max_depth": 3,
        "real_max_depth": 3,
        "seed": 4,
        "accuracy test": 0.7778571428571428,
        "accuracy train": 0.86,
        "solve_status": "OPTIMAL",
        "mean-error": 0.06380952380952376,
        "random_error": 0.2685095238095234,
        "solve_duration_time": 23.863585472106934
    }
}