{
    "values": {
        "n_trees": 1,
        "max_depth": 3,
        "real_max_depth": 3,
        "seed": 4,
        "accuracy test": 0.765,
        "accuracy train": 0.79,
        "solve_status": "FEASIBLE",
        "mean-error": 0.3142857142857138,
        "random_error": 0.2685095238095234,
        "solve_duration_time": 7200.879686117172
    }
}