{
    "values": {
        "n_trees": 10,
        "max_depth": 4,
        "real_max_depth": 4,
        "seed": 3,
        "accuracy test": 0.8,
        "accuracy train": 0.83,
        "solve_status": "OPTIMAL",
        "mean-error": 0.1319047619047618,
        "random_error": 0.2677476190476187,
        "solve_duration_time": 1471.7220056056976
    }
}