{
    "values": {
        "n_trees": 20,
        "max_depth": null,
        "real_max_depth": 14,
        "seed": 3,
        "accuracy test": 0.765,
        "accuracy train": 0.99,
        "solve_status": "FEASIBLE",
        "mean-error": 0.12809523809523798,
        "random_error": 0.2677476190476187,
        "solve_duration_time": 7256.38255572319
    }
}