{
    "values": {
        "n_trees": 40,
        "max_depth": 2,
        "real_max_depth": 2,
        "seed": 0,
        "accuracy test": 0.805,
        "accuracy train": 0.82,
        "solve_status": "FEASIBLE",
        "mean-error": 0.19809523809523788,
        "random_error": 0.2643523809523805,
        "solve_duration_time": 7215.487100124359
    }
}