{
    "values": {
        "n_trees": 90,
        "max_depth": 4,
        "real_max_depth": 4,
        "seed": 0,
        "accuracy test": 0.8035714285714286,
        "accuracy train": 0.88,
        "solve_status": "OPTIMAL",
        "mean-error": 0.011428571428571429,
        "random_error": 0.2643523809523805,
        "solve_duration_time": 5253.310107707977
    }
}