{
    "values": {
        "n_trees": 1,
        "max_depth": 3,
        "real_max_depth": 3,
        "seed": 3,
        "accuracy test": 0.78,
        "accuracy train": 0.75,
        "solve_status": "OPTIMAL",
        "mean-error": 0.3038095238095234,
        "random_error": 0.2677476190476187,
        "solve_duration_time": 0.20089197158813477
    }
}