{
    "values": {
        "n_trees": 5,
        "max_depth": 5,
        "real_max_depth": 5,
        "seed": 1,
        "accuracy test": 0.7492857142857143,
        "accuracy train": 0.77,
        "solve_status": "OPTIMAL",
        "mean-error": 0.1490476190476189,
        "random_error": 0.27283333333333293,
        "solve_duration_time": 2.047496795654297
    }
}