{
    "values": {
        "n_trees": 40,
        "max_depth": null,
        "real_max_depth": 14,
        "seed": 2,
        "accuracy test": 0.7614285714285715,
        "accuracy train": 0.98,
        "solve_status": "OPTIMAL",
        "mean-error": 0.0,
        "random_error": 0.2675190476190473,
        "solve_duration_time": 45.672911405563354
    }
}