{
    "values": {
        "n_trees": 30,
        "max_depth": 10,
        "real_max_depth": 10,
        "seed": 2,
        "accuracy test": 0.7607142857142857,
        "accuracy train": 0.98,
        "solve_status": "OPTIMAL",
        "mean-error": 0.0038095238095238095,
        "random_error": 0.2675190476190473,
        "solve_duration_time": 50.43885254859924
    }
}