{
    "values": {
        "n_trees": 40,
        "max_depth": 4,
        "real_max_depth": 4,
        "seed": 1,
        "accuracy test": 0.7707142857142857,
        "accuracy train": 0.76,
        "solve_status": "OPTIMAL",
        "mean-error": 0.03904761904761902,
        "random_error": 0.27283333333333293,
        "solve_duration_time": 1289.84827876091
    }
}