{
    "values": {
        "n_trees": 30,
        "max_depth": 5,
        "real_max_depth": 5,
        "seed": 4,
        "accuracy test": 0.775,
        "accuracy train": 0.91,
        "solve_status": "OPTIMAL",
        "mean-error": 0.04095238095238092,
        "random_error": 0.2685095238095234,
        "solve_duration_time": 3561.307018995285
    }
}