{
    "values": {
        "n_trees": 10,
        "max_depth": 3,
        "real_max_depth": 3,
        "seed": 0,
        "accuracy test": 0.8035714285714286,
        "accuracy train": 0.83,
        "solve_status": "OPTIMAL",
        "mean-error": 0.20142857142857123,
        "random_error": 0.2643523809523805,
        "solve_duration_time": 2.4949069023132324
    }
}