{
    "values": {
        "n_trees": 100,
        "max_depth": 3,
        "real_max_depth": 3,
        "seed": 4,
        "accuracy test": 0.7771428571428571,
        "accuracy train": 0.86,
        "solve_status": "OPTIMAL",
        "mean-error": 0.06476190476190473,
        "random_error": 0.2685095238095234,
        "solve_duration_time": 38.281195402145386
    }
}