{
    "values": {
        "n_trees": 10,
        "max_depth": null,
        "real_max_depth": 12,
        "seed": 1,
        "accuracy test": 0.7185714285714285,
        "accuracy train": 0.89,
        "solve_status": "FEASIBLE",
        "mean-error": 0.12619047619047608,
        "random_error": 0.27283333333333293,
        "solve_duration_time": 7230.263012647629
    }
}