{
    "values": {
        "n_trees": 20,
        "max_depth": 4,
        "real_max_depth": 4,
        "seed": 2,
        "accuracy test": 0.79,
        "accuracy train": 0.89,
        "solve_status": "OPTIMAL",
        "mean-error": 0.11238095238095229,
        "random_error": 0.2675190476190473,
        "solve_duration_time": 146.23647832870483
    }
}