{
    "values": {
        "n_trees": 20,
        "max_depth": 4,
        "real_max_depth": 4,
        "seed": 1,
        "accuracy test": 0.7707142857142857,
        "accuracy train": 0.76,
        "solve_status": "FEASIBLE",
        "mean-error": 0.15476190476190463,
        "random_error": 0.27283333333333293,
        "solve_duration_time": 7224.418138027191
    }
}