{
    "values": {
        "n_trees": 10,
        "max_depth": 10,
        "real_max_depth": 10,
        "seed": 3,
        "accuracy test": 0.7707142857142857,
        "accuracy train": 0.93,
        "solve_status": "FEASIBLE",
        "mean-error": 0.16380952380952365,
        "random_error": 0.2677476190476187,
        "solve_duration_time": 7229.323774576187
    }
}