{
    "values": {
        "n_trees": 20,
        "max_depth": 5,
        "real_max_depth": 5,
        "seed": 3,
        "accuracy test": 0.7914285714285715,
        "accuracy train": 0.85,
        "solve_status": "FEASIBLE",
        "mean-error": 0.14904761904761893,
        "random_error": 0.2677476190476187,
        "solve_duration_time": 7230.933123588562
    }
}