{
    "values": {
        "n_trees": 5,
        "max_depth": 3,
        "real_max_depth": 3,
        "seed": 2,
        "accuracy test": 0.7928571428571428,
        "accuracy train": 0.87,
        "solve_status": "OPTIMAL",
        "mean-error": 0.22380952380952357,
        "random_error": 0.2675190476190473,
        "solve_duration_time": 0.9475898742675781
    }
}