{
    "values": {
        "n_trees": 30,
        "max_depth": null,
        "real_max_depth": 12,
        "seed": 1,
        "accuracy test": 0.6721428571428572,
        "accuracy train": 0.92,
        "solve_status": "FEASIBLE",
        "mean-error": 0.09571428571428565,
        "random_error": 0.27283333333333293,
        "solve_duration_time": 7292.603941202164
    }
}