{
    "values": {
        "n_trees": 90,
        "max_depth": 2,
        "real_max_depth": 2,
        "seed": 4,
        "accuracy test": 0.7885714285714286,
        "accuracy train": 0.85,
        "solve_status": "FEASIBLE",
        "mean-error": 0.19809523809523788,
        "random_error": 0.2685095238095234,
        "solve_duration_time": 7249.088035106659
    }
}