{
    "values": {
        "n_trees": 5,
        "max_depth": 2,
        "real_max_depth": 2,
        "seed": 0,
        "accuracy test": 0.7928571428571428,
        "accuracy train": 0.83,
        "solve_status": "OPTIMAL",
        "mean-error": 0.31619047619047574,
        "random_error": 0.2643523809523805,
        "solve_duration_time": 0.7233855724334717
    }
}