{
    "values": {
        "n_trees": 30,
        "max_depth": 4,
        "real_max_depth": 4,
        "seed": 3,
        "accuracy test": 0.7935714285714286,
        "accuracy train": 0.84,
        "solve_status": "OPTIMAL",
        "mean-error": 0.04857142857142856,
        "random_error": 0.2677476190476187,
        "solve_duration_time": 3140.058445453644
    }
}