{
    "values": {
        "n_trees": 80,
        "max_depth": null,
        "real_max_depth": 14,
        "seed": 4,
        "accuracy test": 0.7357142857142858,
        "accuracy train": 0.98,
        "solve_status": "OPTIMAL",
        "mean-error": 0.0,
        "random_error": 0.2685095238095234,
        "solve_duration_time": 353.21968603134155
    }
}