{
    "values": {
        "n_trees": 20,
        "max_depth": 2,
        "real_max_depth": 2,
        "seed": 1,
        "accuracy test": 0.7742857142857142,
        "accuracy train": 0.73,
        "solve_status": "FEASIBLE",
        "mean-error": 0.21952380952380923,
        "random_error": 0.27283333333333293,
        "solve_duration_time": 7210.4599022865295
    }
}