{
    "values": {
        "n_trees": 80,
        "max_depth": 4,
        "real_max_depth": 4,
        "seed": 3,
        "accuracy test": 0.7964285714285714,
        "accuracy train": 0.83,
        "solve_status": "OPTIMAL",
        "mean-error": 0.008571428571428572,
        "random_error": 0.2677476190476187,
        "solve_duration_time": 477.0836269855499
    }
}