{
    "values": {
        "n_trees": 90,
        "max_depth": 5,
        "real_max_depth": 5,
        "seed": 2,
        "accuracy test": 0.7907142857142857,
        "accuracy train": 0.89,
        "solve_status": "FEASIBLE",
        "mean-error": 0.136190476190476,
        "random_error": 0.2675190476190473,
        "solve_duration_time": 7335.197341442108
    }
}