{
    "values": {
        "n_trees": 10,
        "max_depth": 3,
        "real_max_depth": 3,
        "seed": 4,
        "accuracy test": 0.78,
        "accuracy train": 0.84,
        "solve_status": "FEASIBLE",
        "mean-error": 0.24095238095238067,
        "random_error": 0.2685095238095234,
        "solve_duration_time": 7207.5368819236755
    }
}