{
    "values": {
        "n_trees": 5,
        "max_depth": 10,
        "real_max_depth": 10,
        "seed": 0,
        "accuracy test": 0.7407142857142858,
        "accuracy train": 0.98,
        "solve_status": "OPTIMAL",
        "mean-error": 0.11095238095238091,
        "random_error": 0.2643523809523805,
        "solve_duration_time": 6.969902515411377
    }
}