{
    "values": {
        "n_trees": 50,
        "max_depth": 5,
        "real_max_depth": 5,
        "seed": 0,
        "accuracy test": 0.8042857142857143,
        "accuracy train": 0.89,
        "solve_status": "OPTIMAL",
        "mean-error": 0.0047619047619047615,
        "random_error": 0.2643523809523805,
        "solve_duration_time": 3214.426726102829
    }
}