{
    "values": {
        "n_trees": 30,
        "max_depth": 10,
        "real_max_depth": 10,
        "seed": 0,
        "accuracy test": 0.7592857142857142,
        "accuracy train": 0.98,
        "solve_status": "FEASIBLE",
        "mean-error": 0.13095238095238088,
        "random_error": 0.2643523809523805,
        "solve_duration_time": 7247.459791660309
    }
}