{
    "values": {
        "n_trees": 20,
        "max_depth": 10,
        "real_max_depth": 10,
        "seed": 0,
        "accuracy test": 0.7685714285714286,
        "accuracy train": 0.98,
        "solve_status": "FEASIBLE",
        "mean-error": 0.12523809523809512,
        "random_error": 0.2643523809523805,
        "solve_duration_time": 7248.833666086197
    }
}