{
    "values": {
        "n_trees": 20,
        "max_depth": null,
        "real_max_depth": 13,
        "seed": 4,
        "accuracy test": 0.7292857142857143,
        "accuracy train": 0.98,
        "solve_status": "OPTIMAL",
        "mean-error": 0.008095238095238095,
        "random_error": 0.2685095238095234,
        "solve_duration_time": 102.52724766731262
    }
}