{
    "values": {
        "n_trees": 70,
        "max_depth": 3,
        "real_max_depth": 3,
        "seed": 3,
        "accuracy test": 0.8028571428571428,
        "accuracy train": 0.8,
        "solve_status": "OPTIMAL",
        "mean-error": 0.05523809523809519,
        "random_error": 0.2677476190476187,
        "solve_duration_time": 49.529380083084106
    }
}