{
    "values": {
        "n_trees": 1,
        "max_depth": 10,
        "real_max_depth": 10,
        "seed": 4,
        "accuracy test": 0.6928571428571428,
        "accuracy train": 0.86,
        "solve_status": "FEASIBLE",
        "mean-error": 0.3514285714285712,
        "random_error": 0.2685095238095234,
        "solve_duration_time": 7202.92510342598
    }
}