{
    "values": {
        "n_trees": 10,
        "max_depth": null,
        "real_max_depth": 14,
        "seed": 3,
        "accuracy test": 0.7192857142857143,
        "accuracy train": 1.0,
        "solve_status": "OPTIMAL",
        "mean-error": 0.013809523809523811,
        "random_error": 0.2677476190476187,
        "solve_duration_time": 35.535019874572754
    }
}