{
    "values": {
        "n_trees": 60,
        "max_depth": 5,
        "real_max_depth": 5,
        "seed": 4,
        "accuracy test": 0.7892857142857143,
        "accuracy train": 0.88,
        "solve_status": "FEASIBLE",
        "mean-error": 0.14238095238095233,
        "random_error": 0.2685095238095234,
        "solve_duration_time": 7285.1948325634
    }
}