{
    "values": {
        "n_trees": 20,
        "max_depth": 3,
        "real_max_depth": 3,
        "seed": 0,
        "accuracy test": 0.8042857142857143,
        "accuracy train": 0.82,
        "solve_status": "OPTIMAL",
        "mean-error": 0.11714285714285701,
        "random_error": 0.2643523809523805,
        "solve_duration_time": 10.010788917541504
    }
}