{
    "values": {
        "n_trees": 10,
        "max_depth": 4,
        "real_max_depth": 4,
        "seed": 3,
        "accuracy test": 0.8028571428571428,
        "accuracy train": 0.83,
        "solve_status": "FEASIBLE",
        "mean-error": 0.20619047619047595,
        "random_error": 0.2677476190476187,
        "solve_duration_time": 7212.926080942154
    }
}