{
    "values": {
        "n_trees": 10,
        "max_depth": 5,
        "real_max_depth": 5,
        "seed": 0,
        "accuracy test": 0.7957142857142857,
        "accuracy train": 0.89,
        "solve_status": "OPTIMAL",
        "mean-error": 0.1085714285714285,
        "random_error": 0.2643523809523805,
        "solve_duration_time": 7.262380599975586
    }
}