{
    "values": {
        "n_trees": 100,
        "max_depth": 5,
        "real_max_depth": 5,
        "seed": 4,
        "accuracy test": 0.7842857142857143,
        "accuracy train": 0.88,
        "solve_status": "FEASIBLE",
        "mean-error": 0.13857142857142848,
        "random_error": 0.2685095238095234,
        "solve_duration_time": 7333.540997266769
    }
}