{
    "values": {
        "n_trees": 10,
        "max_depth": 10,
        "real_max_depth": 10,
        "seed": 4,
        "accuracy test": 0.7414285714285714,
        "accuracy train": 0.97,
        "solve_status": "FEASIBLE",
        "mean-error": 0.14428571428571416,
        "random_error": 0.2685095238095234,
        "solve_duration_time": 7224.448444604874
    }
}