{
    "values": {
        "n_trees": 1,
        "max_depth": 5,
        "real_max_depth": 5,
        "seed": 4,
        "accuracy test": 0.7557142857142857,
        "accuracy train": 0.88,
        "solve_status": "OPTIMAL",
        "mean-error": 0.31952380952380915,
        "random_error": 0.2685095238095234,
        "solve_duration_time": 0.44141721725463867
    }
}