{
    "values": {
        "n_trees": 20,
        "max_depth": null,
        "real_max_depth": 13,
        "seed": 0,
        "accuracy test": 0.7735714285714286,
        "accuracy train": 0.98,
        "solve_status": "FEASIBLE",
        "mean-error": 0.1314285714285713,
        "random_error": 0.2643523809523805,
        "solve_duration_time": 7248.414103984833
    }
}