{
    "values": {
        "n_trees": 90,
        "max_depth": 4,
        "real_max_depth": 4,
        "seed": 2,
        "accuracy test": 0.785,
        "accuracy train": 0.88,
        "solve_status": "FEASIBLE",
        "mean-error": 0.15809523809523787,
        "random_error": 0.2675190476190473,
        "solve_duration_time": 7288.285811662674
    }
}