{
    "values": {
        "n_trees": 50,
        "max_depth": 2,
        "real_max_depth": 2,
        "seed": 1,
        "accuracy test": 0.7771428571428571,
        "accuracy train": 0.73,
        "solve_status": "OPTIMAL",
        "mean-error": 0.12047619047619035,
        "random_error": 0.27283333333333293,
        "solve_duration_time": 11.114185810089111
    }
}