{
    "values": {
        "n_trees": 10,
        "max_depth": null,
        "real_max_depth": 12,
        "seed": 4,
        "accuracy test": 0.7442857142857143,
        "accuracy train": 0.97,
        "solve_status": "FEASIBLE",
        "mean-error": 0.13190476190476172,
        "random_error": 0.2685095238095234,
        "solve_duration_time": 7220.728796005249
    }
}