{
    "values": {
        "n_trees": 90,
        "max_depth": 5,
        "real_max_depth": 5,
        "seed": 0,
        "accuracy test": 0.7992857142857143,
        "accuracy train": 0.9,
        "solve_status": "FEASIBLE",
        "mean-error": 0.14380952380952366,
        "random_error": 0.2643523809523805,
        "solve_duration_time": 7329.014839887619
    }
}