{
    "values": {
        "n_trees": 10,
        "max_depth": 5,
        "real_max_depth": 5,
        "seed": 1,
        "accuracy test": 0.765,
        "accuracy train": 0.79,
        "solve_status": "OPTIMAL",
        "mean-error": 0.08857142857142854,
        "random_error": 0.27283333333333293,
        "solve_duration_time": 725.2043304443359
    }
}