{
    "values": {
        "n_trees": 20,
        "max_depth": null,
        "real_max_depth": 13,
        "seed": 2,
        "accuracy test": 0.765,
        "accuracy train": 0.95,
        "solve_status": "FEASIBLE",
        "mean-error": 0.12285714285714273,
        "random_error": 0.2675190476190473,
        "solve_duration_time": 7250.552205085754
    }
}