{
    "values": {
        "n_trees": 90,
        "max_depth": 2,
        "real_max_depth": 2,
        "seed": 1,
        "accuracy test": 0.7742857142857142,
        "accuracy train": 0.73,
        "solve_status": "OPTIMAL",
        "mean-error": 0.11619047619047612,
        "random_error": 0.27283333333333293,
        "solve_duration_time": 22.51471209526062
    }
}