{
    "values": {
        "n_trees": 100,
        "max_depth": 4,
        "real_max_depth": 4,
        "seed": 1,
        "accuracy test": 0.77,
        "accuracy train": 0.76,
        "solve_status": "OPTIMAL",
        "mean-error": 0.0009523809523809524,
        "random_error": 0.27283333333333293,
        "solve_duration_time": 15767.369409799576
    }
}