{
    "values": {
        "n_trees": 70,
        "max_depth": 5,
        "real_max_depth": 5,
        "seed": 4,
        "accuracy test": 0.7785714285714286,
        "accuracy train": 0.91,
        "solve_status": "OPTIMAL",
        "mean-error": 0.0009523809523809524,
        "random_error": 0.2685095238095234,
        "solve_duration_time": 753.6484508514404
    }
}