{
    "values": {
        "n_trees": 20,
        "max_depth": 5,
        "real_max_depth": 5,
        "seed": 0,
        "accuracy test": 0.8014285714285714,
        "accuracy train": 0.89,
        "solve_status": "OPTIMAL",
        "mean-error": 0.05285714285714282,
        "random_error": 0.2643523809523805,
        "solve_duration_time": 2386.1649351119995
    }
}