{
    "values": {
        "n_trees": 60,
        "max_depth": 3,
        "real_max_depth": 3,
        "seed": 1,
        "accuracy test": 0.7707142857142857,
        "accuracy train": 0.74,
        "solve_status": "FEASIBLE",
        "mean-error": 0.16809523809523794,
        "random_error": 0.27283333333333293,
        "solve_duration_time": 7245.461987257004
    }
}