{
    "values": {
        "n_trees": 40,
        "max_depth": 2,
        "real_max_depth": 2,
        "seed": 2,
        "accuracy test": 0.7892857142857143,
        "accuracy train": 0.83,
        "solve_status": "FEASIBLE",
        "mean-error": 0.20952380952380925,
        "random_error": 0.2675190476190473,
        "solve_duration_time": 7215.74848818779
    }
}