{
    "values": {
        "n_trees": 20,
        "max_depth": 3,
        "real_max_depth": 3,
        "seed": 2,
        "accuracy test": 0.7907142857142857,
        "accuracy train": 0.86,
        "solve_status": "OPTIMAL",
        "mean-error": 0.1452380952380951,
        "random_error": 0.2675190476190473,
        "solve_duration_time": 5.379289865493774
    }
}