{
    "values": {
        "n_trees": 30,
        "max_depth": 3,
        "real_max_depth": 3,
        "seed": 4,
        "accuracy test": 0.7757142857142857,
        "accuracy train": 0.86,
        "solve_status": "FEASIBLE",
        "mean-error": 0.18857142857142828,
        "random_error": 0.2685095238095234,
        "solve_duration_time": 7222.257151842117
    }
}