{
    "values": {
        "n_trees": 50,
        "max_depth": 5,
        "real_max_depth": 5,
        "seed": 0,
        "accuracy test": 0.7957142857142857,
        "accuracy train": 0.9,
        "solve_status": "FEASIBLE",
        "mean-error": 0.15809523809523798,
        "random_error": 0.2643523809523805,
        "solve_duration_time": 7272.524647474289
    }
}