{
    "values": {
        "n_trees": 70,
        "max_depth": 3,
        "real_max_depth": 3,
        "seed": 2,
        "accuracy test": 0.7878571428571428,
        "accuracy train": 0.86,
        "solve_status": "FEASIBLE",
        "mean-error": 0.16238095238095215,
        "random_error": 0.2675190476190473,
        "solve_duration_time": 7237.262978553772
    }
}