{
    "values": {
        "n_trees": 1,
        "max_depth": 2,
        "real_max_depth": 2,
        "seed": 2,
        "accuracy test": 0.7871428571428571,
        "accuracy train": 0.81,
        "solve_status": "OPTIMAL",
        "mean-error": 0.284285714285714,
        "random_error": 0.2675190476190473,
        "solve_duration_time": 0.18030667304992676
    }
}