{
    "values": {
        "n_trees": 10,
        "max_depth": 3,
        "real_max_depth": 3,
        "seed": 1,
        "accuracy test": 0.7721428571428571,
        "accuracy train": 0.74,
        "solve_status": "OPTIMAL",
        "mean-error": 0.16190476190476175,
        "random_error": 0.27283333333333293,
        "solve_duration_time": 1.8533704280853271
    }
}