{
    "values": {
        "n_trees": 70,
        "max_depth": 4,
        "real_max_depth": 4,
        "seed": 2,
        "accuracy test": 0.7835714285714286,
        "accuracy train": 0.87,
        "solve_status": "FEASIBLE",
        "mean-error": 0.14285714285714268,
        "random_error": 0.2675190476190473,
        "solve_duration_time": 7254.355416059494
    }
}