{
    "values": {
        "n_trees": 5,
        "max_depth": 2,
        "real_max_depth": 2,
        "seed": 3,
        "accuracy test": 0.8157142857142857,
        "accuracy train": 0.74,
        "solve_status": "FEASIBLE",
        "mean-error": 0.3657142857142855,
        "random_error": 0.2677476190476187,
        "solve_duration_time": 7202.888824462891
    }
}