{
    "values": {
        "n_trees": 30,
        "max_depth": 10,
        "real_max_depth": 10,
        "seed": 2,
        "accuracy test": 0.76,
        "accuracy train": 0.97,
        "solve_status": "FEASIBLE",
        "mean-error": 0.12238095238095231,
        "random_error": 0.2675190476190473,
        "solve_duration_time": 7248.5287935733795
    }
}