{
    "values": {
        "n_trees": 50,
        "max_depth": 4,
        "real_max_depth": 4,
        "seed": 3,
        "accuracy test": 0.795,
        "accuracy train": 0.83,
        "solve_status": "OPTIMAL",
        "mean-error": 0.018095238095238098,
        "random_error": 0.2677476190476187,
        "solve_duration_time": 274.6208641529083
    }
}