{
    "values": {
        "n_trees": 80,
        "max_depth": 2,
        "real_max_depth": 2,
        "seed": 3,
        "accuracy test": 0.8164285714285714,
        "accuracy train": 0.74,
        "solve_status": "FEASIBLE",
        "mean-error": 0.1866666666666664,
        "random_error": 0.2677476190476187,
        "solve_duration_time": 7241.34370136261
    }
}