{
    "values": {
        "n_trees": 5,
        "max_depth": 10,
        "real_max_depth": 10,
        "seed": 0,
        "accuracy test": 0.72,
        "accuracy train": 0.96,
        "solve_status": "FEASIBLE",
        "mean-error": 0.1738095238095237,
        "random_error": 0.2643523809523805,
        "solve_duration_time": 7211.68828868866
    }
}