{
    "values": {
        "n_trees": 5,
        "max_depth": null,
        "real_max_depth": 12,
        "seed": 1,
        "accuracy test": 0.68,
        "accuracy train": 0.92,
        "solve_status": "OPTIMAL",
        "mean-error": 0.07809523809523806,
        "random_error": 0.27283333333333293,
        "solve_duration_time": 18.596100568771362
    }
}