{
    "values": {
        "n_trees": 5,
        "max_depth": 10,
        "real_max_depth": 10,
        "seed": 3,
        "accuracy test": 0.6914285714285714,
        "accuracy train": 1.0,
        "solve_status": "OPTIMAL",
        "mean-error": 0.08809523809523803,
        "random_error": 0.2677476190476187,
        "solve_duration_time": 7.374469757080078
    }
}