{
    "values": {
        "n_trees": 5,
        "max_depth": 4,
        "real_max_depth": 4,
        "seed": 4,
        "accuracy test": 0.7757142857142857,
        "accuracy train": 0.87,
        "solve_status": "OPTIMAL",
        "mean-error": 0.21380952380952356,
        "random_error": 0.2685095238095234,
        "solve_duration_time": 1.3839192390441895
    }
}