{
    "values": {
        "n_trees": 80,
        "max_depth": 10,
        "real_max_depth": 10,
        "seed": 1,
        "accuracy test": 0.6992857142857143,
        "accuracy train": 0.92,
        "solve_status": "UNKNOWN",
        "mean-error": 0.27283333333333293,
        "random_error": 0.27283333333333293,
        "solve_duration_time": 18162.928901433945
    }
}