{
    "values": {
        "n_trees": 5,
        "max_depth": 4,
        "real_max_depth": 4,
        "seed": 4,
        "accuracy test": 0.7764285714285715,
        "accuracy train": 0.87,
        "solve_status": "FEASIBLE",
        "mean-error": 0.24619047619047588,
        "random_error": 0.2685095238095234,
        "solve_duration_time": 7205.269376277924
    }
}