{
    "values": {
        "n_trees": 1,
        "max_depth": 2,
        "real_max_depth": 2,
        "seed": 0,
        "accuracy test": 0.7871428571428571,
        "accuracy train": 0.77,
        "solve_status": "OPTIMAL",
        "mean-error": 0.3319047619047617,
        "random_error": 0.2643523809523805,
        "solve_duration_time": 0.1587204933166504
    }
}