{
    "values": {
        "n_trees": 70,
        "max_depth": 4,
        "real_max_depth": 4,
        "seed": 2,
        "accuracy test": 0.7878571428571428,
        "accuracy train": 0.88,
        "solve_status": "UNKNOWN",
        "mean-error": 0.2675190476190473,
        "random_error": 0.2675190476190473,
        "solve_duration_time": 18007.75600719452
    }
}