{
    "values": {
        "n_trees": 60,
        "max_depth": 3,
        "real_max_depth": 3,
        "seed": 3,
        "accuracy test": 0.8028571428571428,
        "accuracy train": 0.8,
        "solve_status": "OPTIMAL",
        "mean-error": 0.05999999999999997,
        "random_error": 0.2677476190476187,
        "solve_duration_time": 38.219290256500244
    }
}