{
    "values": {
        "n_trees": 10,
        "max_depth": 5,
        "real_max_depth": 5,
        "seed": 4,
        "accuracy test": 0.7671428571428571,
        "accuracy train": 0.91,
        "solve_status": "OPTIMAL",
        "mean-error": 0.10857142857142847,
        "random_error": 0.2685095238095234,
        "solve_duration_time": 1295.494310617447
    }
}