{
    "values": {
        "n_trees": 70,
        "max_depth": 5,
        "real_max_depth": 5,
        "seed": 0,
        "accuracy test": 0.795,
        "accuracy train": 0.9,
        "solve_status": "FEASIBLE",
        "mean-error": 0.15666666666666648,
        "random_error": 0.2643523809523805,
        "solve_duration_time": 7300.825412988663
    }
}