{
    "values": {
        "n_trees": 70,
        "max_depth": null,
        "real_max_depth": 14,
        "seed": 4,
        "accuracy test": 0.7328571428571429,
        "accuracy train": 0.98,
        "solve_status": "OPTIMAL",
        "mean-error": 0.0019047619047619048,
        "random_error": 0.2685095238095234,
        "solve_duration_time": 146.951016664505
    }
}