{
    "values": {
        "n_trees": 80,
        "max_depth": 3,
        "real_max_depth": 3,
        "seed": 0,
        "accuracy test": 0.8085714285714286,
        "accuracy train": 0.83,
        "solve_status": "OPTIMAL",
        "mean-error": 0.06285714285714283,
        "random_error": 0.2643523809523805,
        "solve_duration_time": 89.35066652297974
    }
}