{
    "values": {
        "n_trees": 40,
        "max_depth": 2,
        "real_max_depth": 2,
        "seed": 2,
        "accuracy test": 0.7921428571428571,
        "accuracy train": 0.85,
        "solve_status": "OPTIMAL",
        "mean-error": 0.15714285714285697,
        "random_error": 0.2675190476190473,
        "solve_duration_time": 83.68837404251099
    }
}