{
    "values": {
        "n_trees": 20,
        "max_depth": 10,
        "real_max_depth": 10,
        "seed": 2,
        "accuracy test": 0.7578571428571429,
        "accuracy train": 0.98,
        "solve_status": "OPTIMAL",
        "mean-error": 0.003333333333333333,
        "random_error": 0.2675190476190473,
        "solve_duration_time": 53.771586179733276
    }
}