{
    "values": {
        "n_trees": 10,
        "max_depth": 3,
        "real_max_depth": 3,
        "seed": 1,
        "accuracy test": 0.7657142857142857,
        "accuracy train": 0.75,
        "solve_status": "FEASIBLE",
        "mean-error": 0.23190476190476159,
        "random_error": 0.27283333333333293,
        "solve_duration_time": 7208.026345252991
    }
}