{
    "values": {
        "n_trees": 20,
        "max_depth": 3,
        "real_max_depth": 3,
        "seed": 1,
        "accuracy test": 0.765,
        "accuracy train": 0.74,
        "solve_status": "FEASIBLE",
        "mean-error": 0.20904761904761882,
        "random_error": 0.27283333333333293,
        "solve_duration_time": 7215.0720245838165
    }
}