{
    "values": {
        "n_trees": 5,
        "max_depth": 4,
        "real_max_depth": 4,
        "seed": 3,
        "accuracy test": 0.7935714285714286,
        "accuracy train": 0.81,
        "solve_status": "OPTIMAL",
        "mean-error": 0.1833333333333331,
        "random_error": 0.2677476190476187,
        "solve_duration_time": 1.5397818088531494
    }
}