{
    "values": {
        "n_trees": 80,
        "max_depth": 4,
        "real_max_depth": 4,
        "seed": 3,
        "accuracy test": 0.8007142857142857,
        "accuracy train": 0.82,
        "solve_status": "FEASIBLE",
        "mean-error": 0.16238095238095215,
        "random_error": 0.2677476190476187,
        "solve_duration_time": 7298.956454992294
    }
}