{
    "values": {
        "n_trees": 100,
        "max_depth": 5,
        "real_max_depth": 5,
        "seed": 4,
        "accuracy test": 0.7728571428571429,
        "accuracy train": 0.9,
        "solve_status": "OPTIMAL",
        "mean-error": 0.0,
        "random_error": 0.2685095238095234,
        "solve_duration_time": 2291.0535192489624
    }
}