{
    "values": {
        "n_trees": 50,
        "max_depth": 2,
        "real_max_depth": 2,
        "seed": 2,
        "accuracy test": 0.7935714285714286,
        "accuracy train": 0.85,
        "solve_status": "OPTIMAL",
        "mean-error": 0.15904761904761885,
        "random_error": 0.2675190476190473,
        "solve_duration_time": 10.397873163223267
    }
}