{
    "values": {
        "n_trees": 20,
        "max_depth": 4,
        "real_max_depth": 4,
        "seed": 4,
        "accuracy test": 0.78,
        "accuracy train": 0.86,
        "solve_status": "OPTIMAL",
        "mean-error": 0.09571428571428564,
        "random_error": 0.2685095238095234,
        "solve_duration_time": 13.002081394195557
    }
}