{
    "values": {
        "n_trees": 70,
        "max_depth": 2,
        "real_max_depth": 2,
        "seed": 1,
        "accuracy test": 0.7757142857142857,
        "accuracy train": 0.73,
        "solve_status": "OPTIMAL",
        "mean-error": 0.12952380952380935,
        "random_error": 0.27283333333333293,
        "solve_duration_time": 7.404829263687134
    }
}