{
    "values": {
        "n_trees": 1,
        "max_depth": 5,
        "real_max_depth": 5,
        "seed": 0,
        "accuracy test": 0.6985714285714286,
        "accuracy train": 0.86,
        "solve_status": "OPTIMAL",
        "mean-error": 0.3123809523809519,
        "random_error": 0.2643523809523805,
        "solve_duration_time": 0.3645055294036865
    }
}