{
    "values": {
        "n_trees": 80,
        "max_depth": 5,
        "real_max_depth": 5,
        "seed": 3,
        "accuracy test": 0.7928571428571428,
        "accuracy train": 0.82,
        "solve_status": "FEASIBLE",
        "mean-error": 0.15238095238095223,
        "random_error": 0.2677476190476187,
        "solve_duration_time": 7338.778121232986
    }
}