{
    "values": {
        "n_trees": 10,
        "max_depth": 3,
        "real_max_depth": 3,
        "seed": 2,
        "accuracy test": 0.7778571428571428,
        "accuracy train": 0.85,
        "solve_status": "FEASIBLE",
        "mean-error": 0.2071428571428568,
        "random_error": 0.2675190476190473,
        "solve_duration_time": 7207.917855501175
    }
}