{
    "values": {
        "n_trees": 1,
        "max_depth": null,
        "real_max_depth": 10,
        "seed": 2,
        "accuracy test": 0.6607142857142857,
        "accuracy train": 0.83,
        "solve_status": "FEASIBLE",
        "mean-error": 0.35333333333333306,
        "random_error": 0.2675190476190473,
        "solve_duration_time": 7202.424045085907
    }
}