{
    "values": {
        "n_trees": 30,
        "max_depth": 3,
        "real_max_depth": 3,
        "seed": 1,
        "accuracy test": 0.7671428571428571,
        "accuracy train": 0.75,
        "solve_status": "FEASIBLE",
        "mean-error": 0.19809523809523785,
        "random_error": 0.27283333333333293,
        "solve_duration_time": 7222.710464000702
    }
}