{
    "values": {
        "n_trees": 5,
        "max_depth": 4,
        "real_max_depth": 4,
        "seed": 2,
        "accuracy test": 0.7857142857142857,
        "accuracy train": 0.88,
        "solve_status": "FEASIBLE",
        "mean-error": 0.243333333333333,
        "random_error": 0.2675190476190473,
        "solve_duration_time": 7205.816788196564
    }
}