{
    "values": {
        "n_trees": 1,
        "max_depth": 5,
        "real_max_depth": 5,
        "seed": 3,
        "accuracy test": 0.775,
        "accuracy train": 0.81,
        "solve_status": "OPTIMAL",
        "mean-error": 0.2466666666666664,
        "random_error": 0.2677476190476187,
        "solve_duration_time": 0.4301905632019043
    }
}