{
    "values": {
        "n_trees": 100,
        "max_depth": null,
        "real_max_depth": 17,
        "seed": 2,
        "accuracy test": 0.7713967218529375,
        "accuracy train": 0.9175,
        "solve_status": "UNKNOWN",
        "mean-error": 0.23248552631578945,
        "random_error": 0.23248552631578945,
        "solve_duration_time": 8054.840879917145,
        "train_size": 400
    }
}