{
    "values": {
        "n_trees": 100,
        "max_depth": null,
        "real_max_depth": 17,
        "seed": 4,
        "accuracy test": 0.7930514842492052,
        "accuracy train": 0.94,
        "solve_status": "UNKNOWN",
        "mean-error": 0.228357894736842,
        "random_error": 0.228357894736842,
        "solve_duration_time": 7972.779975891113,
        "train_size": 400
    }
}