{
    "values": {
        "n_trees": 100,
        "max_depth": null,
        "real_max_depth": 17,
        "seed": 1,
        "accuracy test": 0.7639940424475611,
        "accuracy train": 0.914,
        "solve_status": "OPTIMAL",
        "mean-error": 0.0,
        "random_error": 0.22821157894736846,
        "solve_duration_time": 4695.449662923813,
        "train_size": 500
    }
}