{
    "values": {
        "n_trees": 100,
        "max_depth": null,
        "real_max_depth": 17,
        "seed": 3,
        "accuracy test": 0.7833354019279302,
        "accuracy train": 0.904,
        "solve_status": "OPTIMAL",
        "mean-error": 0.0,
        "random_error": 0.23194631578947378,
        "solve_duration_time": 5784.874824047089,
        "train_size": 500
    }
}