{
    "values": {
        "n_trees": 100,
        "max_depth": null,
        "real_max_depth": 17,
        "seed": 0,
        "accuracy test": 0.781656413855745,
        "accuracy train": 0.93,
        "solve_status": "UNKNOWN",
        "mean-error": 0.2336368421052631,
        "random_error": 0.2336368421052631,
        "solve_duration_time": 7899.3260288238525,
        "train_size": 400
    }
}