{
    "values": {
        "n_trees": 100,
        "max_depth": null,
        "real_max_depth": 17,
        "seed": 4,
        "accuracy test": 0.7884924395368959,
        "accuracy train": 0.9533333333333334,
        "solve_status": "OPTIMAL",
        "mean-error": 0.0,
        "random_error": 0.23276842105263157,
        "solve_duration_time": 4154.075389862061,
        "train_size": 300
    }
}