{
    "values": {
        "n_trees": 100,
        "max_depth": null,
        "real_max_depth": 17,
        "seed": 2,
        "accuracy test": 0.7712341235364694,
        "accuracy train": 0.906,
        "solve_status": "UNKNOWN",
        "mean-error": 0.23221368421052616,
        "random_error": 0.23221368421052616,
        "solve_duration_time": 8429.170468091965,
        "train_size": 500
    }
}