{
    "values": {
        "n_trees": 100,
        "max_depth": null,
        "real_max_depth": 16,
        "seed": 2,
        "accuracy test": 0.7694801198145337,
        "accuracy train": 0.97,
        "solve_status": "OPTIMAL",
        "mean-error": 0.0005263157894736842,
        "random_error": 0.2533105263157894,
        "solve_duration_time": 135.64296531677246,
        "train_size": 100
    }
}