{
    "values": {
        "n_trees": 100,
        "max_depth": null,
        "real_max_depth": 15,
        "seed": 4,
        "accuracy test": 0.7921299905625538,
        "accuracy train": 0.99,
        "solve_status": "OPTIMAL",
        "mean-error": 0.0010526315789473684,
        "random_error": 0.24924736842105266,
        "solve_duration_time": 278.34467816352844,
        "train_size": 100
    }
}