{
    "values": {
        "n_trees": 100,
        "max_depth": null,
        "real_max_depth": 17,
        "seed": 0,
        "accuracy test": 0.7662102709592533,
        "accuracy train": 0.945,
        "solve_status": "OPTIMAL",
        "mean-error": 0.0005263157894736842,
        "random_error": 0.2411631578947369,
        "solve_duration_time": 588.5157740116119,
        "train_size": 200
    }
}