{
    "values": {
        "n_trees": 100,
        "max_depth": null,
        "real_max_depth": 17,
        "seed": 1,
        "accuracy test": 0.7696221828519633,
        "accuracy train": 0.9233333333333333,
        "solve_status": "UNKNOWN",
        "mean-error": 0.23071578947368426,
        "random_error": 0.23071578947368426,
        "solve_duration_time": 7695.790675640106,
        "train_size": 300
    }
}