{
    "values": {
        "n_trees": 100,
        "max_depth": null,
        "real_max_depth": 17,
        "seed": 4,
        "accuracy test": 0.7892788821425601,
        "accuracy train": 0.9066666666666666,
        "solve_status": "OPTIMAL",
        "mean-error": 0.0,
        "random_error": 0.22700701754386113,
        "solve_duration_time": 19058.17139172554,
        "train_size": 750
    }
}