{
    "values": {
        "n_trees": 100,
        "max_depth": null,
        "real_max_depth": 17,
        "seed": 0,
        "accuracy test": 0.7862521203094618,
        "accuracy train": 0.916,
        "solve_status": "UNKNOWN",
        "mean-error": 0.23321052631578948,
        "random_error": 0.23321052631578948,
        "solve_duration_time": 8338.509868383408,
        "train_size": 500
    }
}