{
    "values": {
        "n_trees": 100,
        "max_depth": null,
        "real_max_depth": 17,
        "seed": 3,
        "accuracy test": 0.7749064594383455,
        "accuracy train": 0.945,
        "solve_status": "OPTIMAL",
        "mean-error": 0.0,
        "random_error": 0.24037894736842105,
        "solve_duration_time": 838.6277186870575,
        "train_size": 200
    }
}