{
    "values": {
        "n_trees": 100,
        "max_depth": null,
        "real_max_depth": 13,
        "seed": 3,
        "accuracy test": 0.7547138875225446,
        "accuracy train": 0.94,
        "solve_status": "OPTIMAL",
        "mean-error": 0.023157894736842093,
        "random_error": 0.26666315789473677,
        "solve_duration_time": 42.76500058174133,
        "train_size": 50
    }
}