{
    "values": {
        "n_trees": 100,
        "max_depth": null,
        "real_max_depth": 10,
        "seed": 3,
        "accuracy test": 0.6514738718069525,
        "accuracy train": 0.92,
        "solve_status": "OPTIMAL",
        "mean-error": 0.002105263157894737,
        "random_error": 0.2938947368421052,
        "solve_duration_time": 6.153188228607178,
        "train_size": 25
    }
}