{
    "values": {
        "n_trees": 100,
        "max_depth": null,
        "real_max_depth": 12,
        "seed": 0,
        "accuracy test": 0.6482436351917499,
        "accuracy train": 0.731,
        "solve_status": "OPTIMAL",
        "mean-error": 0.0,
        "random_error": 0.1856014285714284,
        "solve_duration_time": 3799.8549761772156,
        "train_size": 1000
    }
}