{
    "values": {
        "n_trees": 100,
        "max_depth": null,
        "real_max_depth": 12,
        "seed": 0,
        "accuracy test": 0.6496282527881041,
        "accuracy train": 0.7386666666666667,
        "solve_status": "OPTIMAL",
        "mean-error": 0.0,
        "random_error": 0.1914390476190473,
        "solve_duration_time": 1711.8849368095398,
        "train_size": 750
    }
}