{
    "values": {
        "n_trees": 100,
        "max_depth": null,
        "real_max_depth": 12,
        "seed": 0,
        "accuracy test": 0.6549246407290571,
        "accuracy train": 0.7293333333333333,
        "solve_status": "OPTIMAL",
        "mean-error": 0.0,
        "random_error": 0.18478380952381004,
        "solve_duration_time": 6934.608076095581,
        "train_size": 1500
    }
}