{
    "values": {
        "n_trees": 100,
        "max_depth": null,
        "real_max_depth": 12,
        "seed": 0,
        "accuracy test": 0.6532471348809874,
        "accuracy train": 0.7525,
        "solve_status": "OPTIMAL",
        "mean-error": 0.0,
        "random_error": 0.1883482142857143,
        "solve_duration_time": 706.2718472480774,
        "train_size": 400
    }
}