{
    "values": {
        "n_trees": 100,
        "max_depth": null,
        "real_max_depth": 12,
        "seed": 0,
        "accuracy test": 0.6534446764091858,
        "accuracy train": 0.746,
        "solve_status": "OPTIMAL",
        "mean-error": 0.0,
        "random_error": 0.19026142857142847,
        "solve_duration_time": 971.7376918792725,
        "train_size": 500
    }
}