{
    "values": {
        "n_trees": 100,
        "max_depth": null,
        "real_max_depth": 12,
        "seed": 3,
        "accuracy test": 0.6306200411401705,
        "accuracy train": 0.7475,
        "solve_status": "OPTIMAL",
        "mean-error": 0.0,
        "random_error": 0.19290714285714292,
        "solve_duration_time": 701.626522064209,
        "train_size": 400
    }
}