{
    "values": {
        "n_trees": 100,
        "max_depth": null,
        "real_max_depth": 9,
        "seed": 0,
        "accuracy test": 0.5570553854717506,
        "accuracy train": 0.85,
        "solve_status": "OPTIMAL",
        "mean-error": 0.007142857142857143,
        "random_error": 0.2593214285714287,
        "solve_duration_time": 3.79013729095459,
        "train_size": 20
    }
}