{
    "values": {
        "n_trees": 100,
        "max_depth": null,
        "real_max_depth": 12,
        "seed": 1,
        "accuracy test": 0.6003425635169855,
        "accuracy train": 0.735,
        "solve_status": "OPTIMAL",
        "mean-error": 0.0,
        "random_error": 0.18777857142857143,
        "solve_duration_time": 247.2855155467987,
        "train_size": 200
    }
}