{
    "values": {
        "n_trees": 100,
        "max_depth": null,
        "real_max_depth": 12,
        "seed": 2,
        "accuracy test": 0.6496282527881041,
        "accuracy train": 0.7293333333333333,
        "solve_status": "OPTIMAL",
        "mean-error": 0.0,
        "random_error": 0.18984761904761868,
        "solve_duration_time": 2055.92746925354,
        "train_size": 750
    }
}