{
    "values": {
        "n_trees": 100,
        "max_depth": null,
        "real_max_depth": 12,
        "seed": 1,
        "accuracy test": 0.6496670171749036,
        "accuracy train": 0.6846666666666666,
        "solve_status": "OPTIMAL",
        "mean-error": 0.0,
        "random_error": 0.18633761904761947,
        "solve_duration_time": 7090.1134712696075,
        "train_size": 1500
    }
}