{
    "values": {
        "n_trees": 100,
        "max_depth": null,
        "real_max_depth": 12,
        "seed": 2,
        "accuracy test": 0.609905795032829,
        "accuracy train": 0.795,
        "solve_status": "OPTIMAL",
        "mean-error": 0.0,
        "random_error": 0.18990357142857145,
        "solve_duration_time": 289.93062472343445,
        "train_size": 200
    }
}