{
    "values": {
        "n_trees": 100,
        "max_depth": null,
        "real_max_depth": 12,
        "seed": 4,
        "accuracy test": 0.6171445120185346,
        "accuracy train": 0.7166666666666667,
        "solve_status": "OPTIMAL",
        "mean-error": 0.0,
        "random_error": 0.19113809523809536,
        "solve_duration_time": 445.5427198410034,
        "train_size": 300
    }
}