{
    "values": {
        "n_trees": 100,
        "max_depth": null,
        "real_max_depth": 12,
        "seed": 3,
        "accuracy test": 0.6398527865404837,
        "accuracy train": 0.698,
        "solve_status": "OPTIMAL",
        "mean-error": 0.0,
        "random_error": 0.19495000000000037,
        "solve_duration_time": 6485.864529848099,
        "train_size": 1500
    }
}