{
    "values": {
        "n_trees": 100,
        "max_depth": null,
        "real_max_depth": 10,
        "seed": 0,
        "accuracy test": 0.5265511458915595,
        "accuracy train": 0.88,
        "solve_status": "OPTIMAL",
        "mean-error": 0.005714285714285714,
        "random_error": 0.22028571428571428,
        "solve_duration_time": 41.98759388923645,
        "train_size": 50
    }
}