{
    "values": {
        "n_trees": 100,
        "max_depth": null,
        "real_max_depth": 11,
        "seed": 1,
        "accuracy test": 0.6333845537145911,
        "accuracy train": 0.92,
        "solve_status": "OPTIMAL",
        "mean-error": 0.0009523809523809524,
        "random_error": 0.2943523809523809,
        "solve_duration_time": 39.58398723602295,
        "train_size": 50
    }
}