{
    "values": {
        "n_trees": 100,
        "max_depth": null,
        "real_max_depth": 18,
        "seed": 4,
        "accuracy test": 0.7750454759819444,
        "accuracy train": 0.9666666666666667,
        "solve_status": "OPTIMAL",
        "mean-error": 0.0,
        "random_error": 0.24549206349206368,
        "solve_duration_time": 2662.2149131298065,
        "train_size": 300
    }
}