{
    "values": {
        "n_trees": 100,
        "max_depth": null,
        "real_max_depth": 18,
        "seed": 0,
        "accuracy test": 0.7589703588143526,
        "accuracy train": 0.948,
        "solve_status": "OPTIMAL",
        "mean-error": 0.0,
        "random_error": 0.23349047619047664,
        "solve_duration_time": 4118.420087814331,
        "train_size": 500
    }
}