{
    "values": {
        "n_trees": 100,
        "max_depth": null,
        "real_max_depth": 17,
        "seed": 0,
        "accuracy test": 0.7531833187361046,
        "accuracy train": 0.9566666666666667,
        "solve_status": "OPTIMAL",
        "mean-error": 0.0,
        "random_error": 0.24147619047619076,
        "solve_duration_time": 1615.0772123336792,
        "train_size": 300
    }
}