{
    "values": {
        "n_trees": 100,
        "max_depth": null,
        "real_max_depth": 10,
        "seed": 2,
        "accuracy test": 0.7450685891659157,
        "accuracy train": 1.0,
        "solve_status": "OPTIMAL",
        "mean-error": 0.0038095238095238095,
        "random_error": 0.30400000000000005,
        "solve_duration_time": 7.044801950454712,
        "train_size": 25
    }
}