{
    "values": {
        "n_trees": 100,
        "max_depth": null,
        "real_max_depth": 17,
        "seed": 2,
        "accuracy test": 0.7582302440343406,
        "accuracy train": 0.9525,
        "solve_status": "OPTIMAL",
        "mean-error": 0.0,
        "random_error": 0.24772261904761966,
        "solve_duration_time": 2065.6005523204803,
        "train_size": 400
    }
}