{
    "values": {
        "n_trees": 100,
        "max_depth": null,
        "real_max_depth": 18,
        "seed": 4,
        "accuracy test": 0.7765497194619077,
        "accuracy train": 0.9575,
        "solve_status": "OPTIMAL",
        "mean-error": 0.0,
        "random_error": 0.23922857142857187,
        "solve_duration_time": 3706.4821605682373,
        "train_size": 400
    }
}