{
    "values": {
        "n_trees": 20,
        "max_depth": 4,
        "real_max_depth": 4,
        "seed": 4,
        "accuracy test": 0.7857142857142857,
        "accuracy train": 0.91,
        "solve_status": "OPTIMAL",
        "mean-error": 0.09473684210526309,
        "random_error": 0.24924736842105266,
        "solve_duration_time": 6492.340781927109
    }
}