{
    "values": {
        "n_trees": 50,
        "max_depth": 3,
        "real_max_depth": 3,
        "seed": 3,
        "accuracy test": 0.7807142857142857,
        "accuracy train": 0.87,
        "solve_status": "OPTIMAL",
        "mean-error": 0.07315789473684213,
        "random_error": 0.2520631578947368,
        "solve_duration_time": 1249.3306589126587
    }
}