{
    "values": {
        "n_trees": 5,
        "max_depth": 4,
        "real_max_depth": 4,
        "seed": 4,
        "accuracy test": 0.7885714285714286,
        "accuracy train": 0.88,
        "solve_status": "OPTIMAL",
        "mean-error": 0.12368421052631566,
        "random_error": 0.24924736842105266,
        "solve_duration_time": 22.794439554214478
    }
}