{
    "values": {
        "n_trees": 1,
        "max_depth": 3,
        "real_max_depth": 3,
        "seed": 3,
        "accuracy test": 0.7764285714285715,
        "accuracy train": 0.85,
        "solve_status": "OPTIMAL",
        "mean-error": 0.26526315789473665,
        "random_error": 0.2520631578947368,
        "solve_duration_time": 0.16600704193115234
    }
}