{
    "values": {
        "n_trees": 20,
        "max_depth": 3,
        "real_max_depth": 3,
        "seed": 0,
        "accuracy test": 0.775,
        "accuracy train": 0.88,
        "solve_status": "OPTIMAL",
        "mean-error": 0.1047368421052631,
        "random_error": 0.2545052631578947,
        "solve_duration_time": 3534.2479708194733
    }
}