{
    "values": {
        "n_trees": 20,
        "max_depth": 4,
        "real_max_depth": 4,
        "seed": 3,
        "accuracy test": 0.785,
        "accuracy train": 0.88,
        "solve_status": "OPTIMAL",
        "mean-error": 0.101578947368421,
        "random_error": 0.2520631578947368,
        "solve_duration_time": 3310.4805800914764
    }
}