{
    "values": {
        "n_trees": 5,
        "max_depth": 2,
        "real_max_depth": 2,
        "seed": 0,
        "accuracy test": 0.7814285714285715,
        "accuracy train": 0.88,
        "solve_status": "OPTIMAL",
        "mean-error": 0.171578947368421,
        "random_error": 0.2545052631578947,
        "solve_duration_time": 0.37602925300598145
    }
}