{
    "values": {
        "n_trees": 20,
        "max_depth": 3,
        "real_max_depth": 3,
        "seed": 2,
        "accuracy test": 0.7942857142857143,
        "accuracy train": 0.8,
        "solve_status": "OPTIMAL",
        "mean-error": 0.13105263157894723,
        "random_error": 0.2533105263157894,
        "solve_duration_time": 1030.9681119918823
    }
}