{
    "values": {
        "n_trees": 30,
        "max_depth": 2,
        "real_max_depth": 2,
        "seed": 1,
        "accuracy test": 0.7885714285714286,
        "accuracy train": 0.8,
        "solve_status": "OPTIMAL",
        "mean-error": 0.11999999999999994,
        "random_error": 0.2537315789473685,
        "solve_duration_time": 15.635000228881836
    }
}