{
    "values": {
        "n_trees": 70,
        "max_depth": 2,
        "real_max_depth": 2,
        "seed": 1,
        "accuracy test": 0.7878571428571428,
        "accuracy train": 0.81,
        "solve_status": "OPTIMAL",
        "mean-error": 0.10315789473684202,
        "random_error": 0.2537315789473685,
        "solve_duration_time": 333.02470684051514
    }
}