{
    "values": {
        "n_trees": 30,
        "max_depth": 3,
        "real_max_depth": 3,
        "seed": 2,
        "accuracy test": 0.7928571428571428,
        "accuracy train": 0.8,
        "solve_status": "OPTIMAL",
        "mean-error": 0.11210526315789464,
        "random_error": 0.2533105263157894,
        "solve_duration_time": 3058.038805961609
    }
}