{
    "values": {
        "n_trees": 30,
        "max_depth": 2,
        "real_max_depth": 2,
        "seed": 2,
        "accuracy test": 0.7807142857142857,
        "accuracy train": 0.76,
        "solve_status": "OPTIMAL",
        "mean-error": 0.1326315789473683,
        "random_error": 0.2533105263157894,
        "solve_duration_time": 12.797856092453003
    }
}