{
    "values": {
        "n_trees": 40,
        "max_depth": 3,
        "real_max_depth": 3,
        "seed": 1,
        "accuracy test": 0.7807142857142857,
        "accuracy train": 0.85,
        "solve_status": "OPTIMAL",
        "mean-error": 0.06157894736842102,
        "random_error": 0.2537315789473685,
        "solve_duration_time": 4280.878020524979
    }
}