{
    "values": {
        "n_trees": 40,
        "max_depth": 2,
        "real_max_depth": 2,
        "seed": 1,
        "accuracy test": 0.7892857142857143,
        "accuracy train": 0.81,
        "solve_status": "OPTIMAL",
        "mean-error": 0.11315789473684208,
        "random_error": 0.2537315789473685,
        "solve_duration_time": 51.98002505302429
    }
}