{
    "values": {
        "n_trees": 1,
        "max_depth": 3,
        "real_max_depth": 3,
        "seed": 0,
        "accuracy test": 0.7642857142857142,
        "accuracy train": 0.81,
        "solve_status": "OPTIMAL",
        "mean-error": 0.21526315789473682,
        "random_error": 0.2545052631578947,
        "solve_duration_time": 0.18788719177246094
    }
}