{
    "values": {
        "n_trees": 40,
        "max_depth": 10,
        "real_max_depth": 10,
        "seed": 1,
        "accuracy test": 0.7464285714285714,
        "accuracy train": 0.96,
        "solve_status": "OPTIMAL",
        "mean-error": 0.0036842105263157894,
        "random_error": 0.2537315789473685,
        "solve_duration_time": 41.68511199951172
    }
}