{
    "values": {
        "n_trees": 5,
        "max_depth": 5,
        "real_max_depth": 5,
        "seed": 3,
        "accuracy test": 0.7771428571428571,
        "accuracy train": 0.92,
        "solve_status": "OPTIMAL",
        "mean-error": 0.12894736842105256,
        "random_error": 0.2520631578947368,
        "solve_duration_time": 22.173027515411377
    }
}