{
    "values": {
        "n_trees": 90,
        "max_depth": 2,
        "real_max_depth": 2,
        "seed": 2,
        "accuracy test": 0.7821428571428571,
        "accuracy train": 0.77,
        "solve_status": "OPTIMAL",
        "mean-error": 0.11947368421052612,
        "random_error": 0.2533105263157894,
        "solve_duration_time": 1155.2880976200104
    }
}