{
    "values": {
        "n_trees": 10,
        "max_depth": 4,
        "real_max_depth": 4,
        "seed": 3,
        "accuracy test": 0.7928571428571428,
        "accuracy train": 0.89,
        "solve_status": "OPTIMAL",
        "mean-error": 0.13210526315789453,
        "random_error": 0.2520631578947368,
        "solve_duration_time": 491.60750222206116
    }
}