{
    "values": {
        "n_trees": 40,
        "max_depth": 2,
        "real_max_depth": 2,
        "seed": 3,
        "accuracy test": 0.78,
        "accuracy train": 0.84,
        "solve_status": "OPTIMAL",
        "mean-error": 0.12684210526315776,
        "random_error": 0.2520631578947368,
        "solve_duration_time": 8.309349060058594
    }
}