{
    "values": {
        "n_trees": 10,
        "max_depth": 3,
        "real_max_depth": 3,
        "seed": 3,
        "accuracy test": 0.79,
        "accuracy train": 0.85,
        "solve_status": "OPTIMAL",
        "mean-error": 0.1668421052631578,
        "random_error": 0.2520631578947368,
        "solve_duration_time": 7.335045099258423
    }
}