{
    "values": {
        "n_trees": 1,
        "max_depth": 10,
        "real_max_depth": 10,
        "seed": 2,
        "accuracy test": 0.755,
        "accuracy train": 0.95,
        "solve_status": "OPTIMAL",
        "mean-error": 0.19894736842105265,
        "random_error": 0.2533105263157894,
        "solve_duration_time": 0.5767214298248291
    }
}