{
    "values": {
        "n_trees": 60,
        "max_depth": 3,
        "real_max_depth": 3,
        "seed": 3,
        "accuracy test": 0.7828571428571428,
        "accuracy train": 0.88,
        "solve_status": "OPTIMAL",
        "mean-error": 0.06578947368421054,
        "random_error": 0.2520631578947368,
        "solve_duration_time": 1393.7422378063202
    }
}