{
    "values": {
        "n_trees": 100,
        "max_depth": 2,
        "real_max_depth": 2,
        "seed": 0,
        "accuracy test": 0.765,
        "accuracy train": 0.81,
        "solve_status": "OPTIMAL",
        "mean-error": 0.09999999999999995,
        "random_error": 0.2545052631578947,
        "solve_duration_time": 2750.965245246887
    }
}