{
    "values": {
        "n_trees": 1,
        "max_depth": null,
        "real_max_depth": 11,
        "seed": 4,
        "accuracy test": 0.5471428571428572,
        "accuracy train": 0.78,
        "solve_status": "OPTIMAL",
        "mean-error": 0.09999999999999996,
        "random_error": 0.20382857142857141,
        "solve_duration_time": 84.38965320587158
    }
}