{
    "values": {
        "n_trees": 5,
        "max_depth": 5,
        "real_max_depth": 5,
        "seed": 0,
        "accuracy test": 0.5871428571428572,
        "accuracy train": 0.78,
        "solve_status": "OPTIMAL",
        "mean-error": 0.016428571428571424,
        "random_error": 0.2105928571428571,
        "solve_duration_time": 80.62837481498718
    }
}