{
    "values": {
        "n_trees": 1,
        "max_depth": 10,
        "real_max_depth": 9,
        "seed": 2,
        "accuracy test": 0.5935714285714285,
        "accuracy train": 0.83,
        "solve_status": "OPTIMAL",
        "mean-error": 0.10357142857142851,
        "random_error": 0.1973785714285715,
        "solve_duration_time": 13.728331804275513
    }
}