{
    "values": {
        "n_trees": 1,
        "max_depth": 2,
        "real_max_depth": 2,
        "seed": 3,
        "accuracy test": 0.5114285714285715,
        "accuracy train": 0.62,
        "solve_status": "OPTIMAL",
        "mean-error": 0.24857142857142844,
        "random_error": 0.20811428571428564,
        "solve_duration_time": 0.18966317176818848
    }
}