{
    "values": {
        "n_trees": 10,
        "max_depth": 3,
        "real_max_depth": 3,
        "seed": 3,
        "accuracy test": 0.5407142857142857,
        "accuracy train": 0.66,
        "solve_status": "OPTIMAL",
        "mean-error": 0.08142857142857142,
        "random_error": 0.20811428571428564,
        "solve_duration_time": 5.177833795547485
    }
}