{
    "values": {
        "n_trees": 20,
        "max_depth": null,
        "real_max_depth": 10,
        "seed": 3,
        "accuracy test": 0.5642857142857143,
        "accuracy train": 0.76,
        "solve_status": "OPTIMAL",
        "mean-error": 0.0,
        "random_error": 0.20811428571428564,
        "solve_duration_time": 12.033565044403076
    }
}