{
    "values": {
        "n_trees": 30,
        "max_depth": 2,
        "real_max_depth": 2,
        "seed": 2,
        "accuracy test": 0.67,
        "accuracy train": 0.7,
        "solve_status": "OPTIMAL",
        "mean-error": 0.05071428571428572,
        "random_error": 0.1973785714285715,
        "solve_duration_time": 2.769195318222046
    }
}