{
    "values": {
        "n_trees": 20,
        "max_depth": 5,
        "real_max_depth": 5,
        "seed": 0,
        "accuracy test": 0.5878571428571429,
        "accuracy train": 0.84,
        "solve_status": "OPTIMAL",
        "mean-error": 0.0,
        "random_error": 0.2105928571428571,
        "solve_duration_time": 3.486522912979126
    }
}