{
    "values": {
        "n_trees": 10,
        "max_depth": null,
        "real_max_depth": 10,
        "seed": 0,
        "accuracy test": 0.5578571428571428,
        "accuracy train": 0.87,
        "solve_status": "OPTIMAL",
        "mean-error": 0.0014285714285714286,
        "random_error": 0.2105928571428571,
        "solve_duration_time": 5.424714803695679
    }
}