{
    "values": {
        "n_trees": 10,
        "max_depth": 5,
        "real_max_depth": 5,
        "seed": 4,
        "accuracy test": 0.555,
        "accuracy train": 0.74,
        "solve_status": "OPTIMAL",
        "mean-error": 0.03000000000000001,
        "random_error": 0.20382857142857141,
        "solve_duration_time": 1.6859703063964844
    }
}