{
    "values": {
        "n_trees": 5,
        "max_depth": 3,
        "real_max_depth": 3,
        "seed": 3,
        "accuracy test": 0.5378571428571428,
        "accuracy train": 0.65,
        "solve_status": "OPTIMAL",
        "mean-error": 0.14428571428571427,
        "random_error": 0.20811428571428564,
        "solve_duration_time": 2.8615477085113525
    }
}