{
    "values": {
        "n_trees": 10,
        "max_depth": 2,
        "real_max_depth": 2,
        "seed": 4,
        "accuracy test": 0.5614285714285714,
        "accuracy train": 0.64,
        "solve_status": "OPTIMAL",
        "mean-error": 0.18571428571428567,
        "random_error": 0.20382857142857141,
        "solve_duration_time": 1.1169860363006592
    }
}