{
    "values": {
        "n_trees": 5,
        "max_depth": 5,
        "real_max_depth": 5,
        "seed": 1,
        "accuracy test": 0.5671428571428572,
        "accuracy train": 0.72,
        "solve_status": "OPTIMAL",
        "mean-error": 0.05714285714285716,
        "random_error": 0.19913571428571422,
        "solve_duration_time": 244.20564651489258
    }
}