{
    "values": {
        "n_trees": 10,
        "max_depth": 5,
        "real_max_depth": 5,
        "seed": 1,
        "accuracy test": 0.62,
        "accuracy train": 0.75,
        "solve_status": "OPTIMAL",
        "mean-error": 0.01214285714285714,
        "random_error": 0.19913571428571422,
        "solve_duration_time": 418.56277799606323
    }
}