{
    "values": {
        "n_trees": 20,
        "max_depth": 4,
        "real_max_depth": 4,
        "seed": 3,
        "accuracy test": 0.5471428571428572,
        "accuracy train": 0.72,
        "solve_status": "OPTIMAL",
        "mean-error": 0.003571428571428571,
        "random_error": 0.20811428571428564,
        "solve_duration_time": 4.702328205108643
    }
}