{
    "values": {
        "n_trees": 20,
        "max_depth": 5,
        "real_max_depth": 5,
        "seed": 1,
        "accuracy test": 0.5807142857142857,
        "accuracy train": 0.74,
        "solve_status": "OPTIMAL",
        "mean-error": 0.004285714285714285,
        "random_error": 0.19913571428571422,
        "solve_duration_time": 17.95942711830139
    }
}