{
    "values": {
        "n_trees": 5,
        "max_depth": 4,
        "real_max_depth": 4,
        "seed": 3,
        "accuracy test": 0.5321428571428571,
        "accuracy train": 0.71,
        "solve_status": "OPTIMAL",
        "mean-error": 0.0935714285714285,
        "random_error": 0.20811428571428564,
        "solve_duration_time": 23.431032419204712
    }
}