{
    "values": {
        "n_trees": 30,
        "max_depth": 2,
        "real_max_depth": 2,
        "seed": 0,
        "accuracy test": 0.6671428571428571,
        "accuracy train": 0.68,
        "solve_status": "OPTIMAL",
        "mean-error": 0.06428571428571432,
        "random_error": 0.2105928571428571,
        "solve_duration_time": 1.5645952224731445
    }
}