{
    "values": {
        "n_trees": 70,
        "max_depth": 2,
        "real_max_depth": 2,
        "seed": 2,
        "accuracy test": 0.6721428571428572,
        "accuracy train": 0.7,
        "solve_status": "OPTIMAL",
        "mean-error": 0.038571428571428576,
        "random_error": 0.1973785714285715,
        "solve_duration_time": 4.871719837188721
    }
}