{
    "values": {
        "n_trees": 100,
        "max_depth": 4,
        "real_max_depth": 4,
        "seed": 0,
        "accuracy test": 0.6557142857142857,
        "accuracy train": 0.76,
        "solve_status": "OPTIMAL",
        "mean-error": 0.0,
        "random_error": 0.2105928571428571,
        "solve_duration_time": 22.816426992416382
    }
}