{
    "values": {
        "n_trees": 1,
        "max_depth": 4,
        "real_max_depth": 4,
        "seed": 3,
        "accuracy test": 0.5992857142857143,
        "accuracy train": 0.67,
        "solve_status": "OPTIMAL",
        "mean-error": 0.21928571428571453,
        "random_error": 0.20811428571428564,
        "solve_duration_time": 0.522773027420044
    }
}