{
    "values": {
        "n_trees": 100,
        "max_depth": 2,
        "real_max_depth": 2,
        "seed": 2,
        "accuracy test": 0.6692857142857143,
        "accuracy train": 0.7,
        "solve_status": "OPTIMAL",
        "mean-error": 0.03857142857142858,
        "random_error": 0.1973785714285715,
        "solve_duration_time": 7.844149112701416
    }
}