{
    "values": {
        "n_trees": 5,
        "max_depth": 5,
        "real_max_depth": 5,
        "seed": 3,
        "accuracy test": 0.5757142857142857,
        "accuracy train": 0.75,
        "solve_status": "OPTIMAL",
        "mean-error": 0.05142857142857144,
        "random_error": 0.20811428571428564,
        "solve_duration_time": 28.283154249191284
    }
}