{
    "values": {
        "n_trees": 1,
        "max_depth": 10,
        "real_max_depth": 10,
        "seed": 1,
        "accuracy test": 0.5957142857142858,
        "accuracy train": 0.76,
        "solve_status": "OPTIMAL",
        "mean-error": 0.09857142857142855,
        "random_error": 0.19913571428571422,
        "solve_duration_time": 21.96986675262451
    }
}