{
    "values": {
        "n_trees": 1,
        "max_depth": 4,
        "real_max_depth": 4,
        "seed": 4,
        "accuracy test": 0.5928571428571429,
        "accuracy train": 0.63,
        "solve_status": "OPTIMAL",
        "mean-error": 0.17857142857142835,
        "random_error": 0.20382857142857141,
        "solve_duration_time": 0.5424172878265381
    }
}