{
    "values": {
        "n_trees": 80,
        "max_depth": 3,
        "real_max_depth": 3,
        "seed": 1,
        "accuracy test": 0.6164285714285714,
        "accuracy train": 0.74,
        "solve_status": "OPTIMAL",
        "mean-error": 0.002857142857142857,
        "random_error": 0.19913571428571422,
        "solve_duration_time": 8.251928329467773
    }
}