{
    "values": {
        "n_trees": 10,
        "max_depth": 10,
        "real_max_depth": 10,
        "seed": 1,
        "accuracy test": 0.5978571428571429,
        "accuracy train": 0.76,
        "solve_status": "OPTIMAL",
        "mean-error": 0.006428571428571427,
        "random_error": 0.19913571428571422,
        "solve_duration_time": 18.723609685897827
    }
}