{
    "values": {
        "n_trees": 100,
        "max_depth": 3,
        "real_max_depth": 3,
        "seed": 3,
        "accuracy test": 0.5628571428571428,
        "accuracy train": 0.69,
        "solve_status": "OPTIMAL",
        "mean-error": 0.0014285714285714286,
        "random_error": 0.20811428571428564,
        "solve_duration_time": 13.782665967941284
    }
}