{
    "values": {
        "n_trees": 80,
        "max_depth": 3,
        "real_max_depth": 3,
        "seed": 0,
        "accuracy test": 0.6521428571428571,
        "accuracy train": 0.71,
        "solve_status": "OPTIMAL",
        "mean-error": 0.0057142857142857125,
        "random_error": 0.2105928571428571,
        "solve_duration_time": 9.647110223770142
    }
}