{
    "values": {
        "n_trees": 5,
        "max_depth": null,
        "real_max_depth": 11,
        "seed": 4,
        "accuracy test": 0.5378571428571428,
        "accuracy train": 0.78,
        "solve_status": "OPTIMAL",
        "mean-error": 0.01928571428571428,
        "random_error": 0.20382857142857141,
        "solve_duration_time": 3.855564594268799
    }
}