{
    "values": {
        "n_trees": 10,
        "max_depth": 2,
        "real_max_depth": 2,
        "seed": 3,
        "accuracy test": 0.5342857142857143,
        "accuracy train": 0.64,
        "solve_status": "OPTIMAL",
        "mean-error": 0.12142857142857137,
        "random_error": 0.20811428571428564,
        "solve_duration_time": 3.6238973140716553
    }
}