{
    "values": {
        "n_trees": 40,
        "max_depth": null,
        "real_max_depth": 10,
        "seed": 0,
        "accuracy test": 0.5564285714285714,
        "accuracy train": 0.87,
        "solve_status": "OPTIMAL",
        "mean-error": 0.0,
        "random_error": 0.2105928571428571,
        "solve_duration_time": 16.389720916748047
    }
}