{
    "values": {
        "n_trees": 5,
        "max_depth": 5,
        "real_max_depth": 5,
        "seed": 4,
        "accuracy test": 0.5392857142857143,
        "accuracy train": 0.76,
        "solve_status": "OPTIMAL",
        "mean-error": 0.0442857142857143,
        "random_error": 0.20382857142857141,
        "solve_duration_time": 1.3336517810821533
    }
}