{
    "values": {
        "n_trees": 70,
        "max_depth": 2,
        "real_max_depth": 2,
        "seed": 3,
        "accuracy test": 0.8164285714285714,
        "accuracy train": 0.76,
        "solve_status": "OPTIMAL",
        "mean-error": 0.12809523809523796,
        "random_error": 0.2677476190476187,
        "solve_duration_time": 1613.7659006118774
    }
}