{
    "values": {
        "n_trees": 80,
        "max_depth": 5,
        "real_max_depth": 5,
        "seed": 3,
        "accuracy test": 0.795,
        "accuracy train": 0.85,
        "solve_status": "OPTIMAL",
        "mean-error": 0.0009523809523809524,
        "random_error": 0.2677476190476187,
        "solve_duration_time": 41.96323847770691
    }
}