{
    "values": {
        "n_trees": 70,
        "max_depth": 2,
        "real_max_depth": 2,
        "seed": 0,
        "accuracy test": 0.8042857142857143,
        "accuracy train": 0.82,
        "solve_status": "OPTIMAL",
        "mean-error": 0.12666666666666654,
        "random_error": 0.2643523809523805,
        "solve_duration_time": 1366.6101310253143
    }
}