{
    "values": {
        "n_trees": 90,
        "max_depth": 5,
        "real_max_depth": 5,
        "seed": 1,
        "accuracy test": 0.7671428571428571,
        "accuracy train": 0.79,
        "solve_status": "OPTIMAL",
        "mean-error": 0.0,
        "random_error": 0.27283333333333293,
        "solve_duration_time": 43.50141644477844
    }
}