{
    "values": {
        "n_trees": 20,
        "max_depth": 2,
        "real_max_depth": 2,
        "seed": 0,
        "accuracy test": 0.8042857142857143,
        "accuracy train": 0.82,
        "solve_status": "OPTIMAL",
        "mean-error": 0.17380952380952358,
        "random_error": 0.2643523809523805,
        "solve_duration_time": 17.620534658432007
    }
}