{
    "values": {
        "n_trees": 5,
        "max_depth": 2,
        "real_max_depth": 2,
        "seed": 4,
        "accuracy test": 0.7757142857142857,
        "accuracy train": 0.84,
        "solve_status": "OPTIMAL",
        "mean-error": 0.2571428571428568,
        "random_error": 0.2685095238095234,
        "solve_duration_time": 0.39911675453186035
    }
}