{
    "values": {
        "n_trees": 100,
        "max_depth": 2,
        "real_max_depth": 2,
        "seed": 3,
        "accuracy test": 0.82,
        "accuracy train": 0.77,
        "solve_status": "OPTIMAL",
        "mean-error": 0.12380952380952367,
        "random_error": 0.2677476190476187,
        "solve_duration_time": 3569.4133026599884
    }
}