{
    "values": {
        "n_trees": 50,
        "max_depth": 3,
        "real_max_depth": 3,
        "seed": 4,
        "accuracy test": 0.7785714285714286,
        "accuracy train": 0.86,
        "solve_status": "OPTIMAL",
        "mean-error": 0.08380952380952376,
        "random_error": 0.2685095238095234,
        "solve_duration_time": 3403.4038665294647
    }
}