{
    "values": {
        "n_trees": 20,
        "max_depth": 2,
        "real_max_depth": 2,
        "seed": 1,
        "accuracy test": 0.7778571428571428,
        "accuracy train": 0.73,
        "solve_status": "OPTIMAL",
        "mean-error": 0.16285714285714267,
        "random_error": 0.27283333333333293,
        "solve_duration_time": 4.495748281478882
    }
}