{
    "values": {
        "n_trees": 1,
        "max_depth": 10,
        "real_max_depth": 10,
        "seed": 0,
        "accuracy test": 0.7071428571428572,
        "accuracy train": 0.94,
        "solve_status": "OPTIMAL",
        "mean-error": 0.23380952380952355,
        "random_error": 0.2643523809523805,
        "solve_duration_time": 1.9613807201385498
    }
}