{
    "values": {
        "n_trees": 5,
        "max_depth": 3,
        "real_max_depth": 3,
        "seed": 3,
        "accuracy test": 0.805,
        "accuracy train": 0.79,
        "solve_status": "OPTIMAL",
        "mean-error": 0.17619047619047593,
        "random_error": 0.2677476190476187,
        "solve_duration_time": 6.688565492630005
    }
}