{
    "values": {
        "n_trees": 60,
        "max_depth": 5,
        "real_max_depth": 5,
        "seed": 3,
        "accuracy test": 0.7942857142857143,
        "accuracy train": 0.87,
        "solve_status": "OPTIMAL",
        "mean-error": 0.005714285714285714,
        "random_error": 0.2677476190476187,
        "solve_duration_time": 793.0347280502319
    }
}