{
    "values": {
        "n_trees": 40,
        "max_depth": 2,
        "real_max_depth": 2,
        "seed": 2,
        "accuracy test": 0.7921428571428571,
        "accuracy train": 0.85,
        "solve_status": "OPTIMAL",
        "mean-error": 0.14904761904761885,
        "random_error": 0.2675190476190473,
        "solve_duration_time": 75.07544231414795
    }
}