{
    "values": {
        "n_trees": 30,
        "max_depth": 2,
        "real_max_depth": 2,
        "seed": 0,
        "accuracy test": 0.8028571428571428,
        "accuracy train": 0.82,
        "solve_status": "OPTIMAL",
        "mean-error": 0.15238095238095217,
        "random_error": 0.2643523809523805,
        "solve_duration_time": 5.648725748062134
    }
}