{
    "values": {
        "n_trees": 70,
        "max_depth": 2,
        "real_max_depth": 2,
        "seed": 2,
        "accuracy test": 0.7921428571428571,
        "accuracy train": 0.85,
        "solve_status": "OPTIMAL",
        "mean-error": 0.13095238095238082,
        "random_error": 0.2675190476190473,
        "solve_duration_time": 563.8496782779694
    }
}