{
    "values": {
        "n_trees": 100,
        "max_depth": 2,
        "real_max_depth": 2,
        "seed": 0,
        "accuracy test": 0.8071428571428572,
        "accuracy train": 0.82,
        "solve_status": "OPTIMAL",
        "mean-error": 0.12571428571428556,
        "random_error": 0.2643523809523805,
        "solve_duration_time": 3357.742247104645
    }
}