{
    "values": {
        "n_trees": 60,
        "max_depth": 2,
        "real_max_depth": 2,
        "seed": 0,
        "accuracy test": 0.8064285714285714,
        "accuracy train": 0.82,
        "solve_status": "OPTIMAL",
        "mean-error": 0.1323809523809522,
        "random_error": 0.2643523809523805,
        "solve_duration_time": 1097.2631227970123
    }
}