{
    "values": {
        "n_trees": 20,
        "max_depth": 2,
        "real_max_depth": 2,
        "seed": 2,
        "accuracy test": 0.79,
        "accuracy train": 0.86,
        "solve_status": "OPTIMAL",
        "mean-error": 0.1523809523809522,
        "random_error": 0.2675190476190473,
        "solve_duration_time": 4.393585443496704
    }
}