{
    "values": {
        "n_trees": 5,
        "max_depth": 4,
        "real_max_depth": 4,
        "seed": 1,
        "accuracy test": 0.7735714285714286,
        "accuracy train": 0.75,
        "solve_status": "OPTIMAL",
        "mean-error": 0.1685714285714284,
        "random_error": 0.27283333333333293,
        "solve_duration_time": 3.84494948387146
    }
}