{
    "values": {
        "n_trees": 1,
        "max_depth": 2,
        "real_max_depth": 2,
        "seed": 3,
        "accuracy test": 0.8121428571428572,
        "accuracy train": 0.73,
        "solve_status": "OPTIMAL",
        "mean-error": 0.29095238095238063,
        "random_error": 0.2677476190476187,
        "solve_duration_time": 0.12826228141784668
    }
}