{
    "values": {
        "n_trees": 5,
        "max_depth": 3,
        "real_max_depth": 3,
        "seed": 0,
        "accuracy test": 0.7985714285714286,
        "accuracy train": 0.83,
        "solve_status": "OPTIMAL",
        "mean-error": 0.20999999999999971,
        "random_error": 0.2643523809523805,
        "solve_duration_time": 3.9506142139434814
    }
}