{
    "values": {
        "n_trees": 10,
        "max_depth": 4,
        "real_max_depth": 4,
        "seed": 1,
        "accuracy test": 0.7714285714285715,
        "accuracy train": 0.75,
        "solve_status": "OPTIMAL",
        "mean-error": 0.11476190476190468,
        "random_error": 0.27283333333333293,
        "solve_duration_time": 518.0225813388824
    }
}