{
    "values": {
        "n_trees": 70,
        "max_depth": 2,
        "real_max_depth": 2,
        "seed": 4,
        "accuracy test": 0.7892857142857143,
        "accuracy train": 0.85,
        "solve_status": "OPTIMAL",
        "mean-error": 0.13142857142857126,
        "random_error": 0.2685095238095234,
        "solve_duration_time": 147.42080569267273
    }
}