{
    "values": {
        "n_trees": 1,
        "max_depth": null,
        "real_max_depth": 11,
        "seed": 3,
        "accuracy test": 0.6664285714285715,
        "accuracy train": 1.0,
        "solve_status": "OPTIMAL",
        "mean-error": 0.20619047619047592,
        "random_error": 0.2677476190476187,
        "solve_duration_time": 21.81731605529785
    }
}