{
    "values": {
        "n_trees": 5,
        "max_depth": 3,
        "real_max_depth": 3,
        "seed": 4,
        "accuracy test": 0.7735714285714286,
        "accuracy train": 0.85,
        "solve_status": "OPTIMAL",
        "mean-error": 0.16095238095238076,
        "random_error": 0.2685095238095234,
        "solve_duration_time": 2.312528371810913
    }
}