{
    "values": {
        "n_trees": 30,
        "max_depth": 2,
        "real_max_depth": 2,
        "seed": 2,
        "accuracy test": 0.795,
        "accuracy train": 0.85,
        "solve_status": "OPTIMAL",
        "mean-error": 0.1585714285714284,
        "random_error": 0.2675190476190473,
        "solve_duration_time": 17.87691378593445
    }
}