{
    "values": {
        "n_trees": 5,
        "max_depth": 5,
        "real_max_depth": 5,
        "seed": 0,
        "accuracy test": 0.7928571428571428,
        "accuracy train": 0.89,
        "solve_status": "OPTIMAL",
        "mean-error": 0.15380952380952365,
        "random_error": 0.2643523809523805,
        "solve_duration_time": 947.319507598877
    }
}