{
    "values": {
        "n_trees": 10,
        "max_depth": 2,
        "real_max_depth": 2,
        "seed": 2,
        "accuracy test": 0.7878571428571428,
        "accuracy train": 0.86,
        "solve_status": "OPTIMAL",
        "mean-error": 0.1880952380952379,
        "random_error": 0.2675190476190473,
        "solve_duration_time": 1.9474050998687744
    }
}